:020000040800F2
:100000000000022029120008D50F0008D70F0008B1
:10001000D90F0008DB0F0008DD0F0008000000000A
:10002000000000000000000000000000E10F0008D8
:10003000DF0F000800000000E30F0008E50F0008D4
:100040007912000879120008791200087912000864
:100050007912000879120008791200087912000854
:100060007912000879120008791200087912000844
:100070007912000879120008791200087912000834
:100080007912000879120008791200087912000824
:10009000C53500084D2600087912000879120008BD
:1000A0007912000879120008791200087912000804
:1000B00079120008791200087912000879120008F4
:1000C000B12D000879120008791200087912000891
:1000D00079120008791200087912000879120008D4
:1000E00079120008791200087912000879120008C4
:1000F00079120008791200087912000879120008B4
:1001000079120008791200087912000879120008A3
:1001100079120008791200084D11000879120008C0
:100120007912000879120008791200087912000883
:100130007912000879120008791200087912000873
:100140007912000879120008791200087912000863
:100150007912000879120008791200087912000853
:100160007912000879120008791200087912000843
:100170007912000879120008791200087912000833
:100180007912000879120008791200087912000823
:1001900079120008000000007912000879120008A6
:1001A0007912000879120008791200087912000803
:1001B00079120008791200087912000879120008F3
:1001C00079120008791200087912000879120008E3
:0801D000791200087912000801
:1001E00010B5054C237833B9044B13B10448AFF371
:1001F00000800123237010BD640300200000000074
:1002000064E0000808B5034B1BB103490348AFF392
:10021000008008BD000000006803002064E00008C2
:1002200010F8012B11F8013B012A28BF9A42F7D0A0
:10023000D01A70470000000000000000000000001D
:1002400001F0FF01102A2BDB10F0070F08D010F887
:10025000013B013A8B422DD010F0070F42B3F6D18B
:10026000F0B441EA012141EA014122F007047FF0A4
:1002700000070023F0E80256083C85EA010586EAFB
:10028000010685FA47F5A3FA87F586FA47F6A5FA37
:1002900087F68EB9EED1F0BC01F0FF0102F0070243
:1002A00032B110F8013B013A83EA010313B1F8D1EE
:1002B0000020704701387047002D06BF35460338CF
:1002C000073815F0010F07D1013015F4807F02BF08
:1002D000013015F4C03F0130F0BC0138704700BF59
:1002E000034613F8012B002AFBD1181A0138704776
:1002F00081F0004102E000BF83F0004330B54FEAD7
:1003000041044FEA430594EA050F08BF90EA020F43
:100310001FBF54EA000C55EA020C7FEA645C7FEAD6
:10032000655C00F0E2804FEA5454D4EB5555B8BFF9
:100330006D420CDD2C4480EA020281EA030382EA6A
:10034000000083EA010180EA020281EA0303362DFC
:1003500088BF30BD11F0004F4FEA01314FF4801CCF
:100360004CEA113102D0404261EB410113F0004FE1
:100370004FEA03334CEA133302D0524263EB430398
:1003800094EA050F00F0A780A4F10104D5F1200E36
:100390000DDB02FA0EFC22FA05F2801841F1000191
:1003A00003FA0EF2801843FA05F359410EE0A5F165
:1003B00020050EF1200E012A03FA0EFC28BF4CF096
:1003C000020C43FA05F3C01851EBE37101F000454C
:1003D00007D54FF0000EDCF1000C7EEB00006EEB59
:1003E0000101B1F5801F1BD3B1F5001F0CD34908E3
:1003F0005FEA30004FEA3C0C04F101044FEA44523A
:1004000012F5800F80F09A80BCF1004F08BF5FEAC0
:10041000500C50F1000041EB045141EA050130BDA0
:100420005FEA4C0C404141EB0101013C28BFB1F5B2
:10043000801FE9D291F0000F04BF01460020B1FAFD
:1004400081F308BF2033A3F10B03B3F120020CDAD0
:100450000C3208DD02F1140CC2F10C0201FA0CF0AE
:1004600021FA02F10CE002F11402D8BFC2F1200C13
:1004700001FA02F120FA0CFCDCBF41EA0C019040C9
:10048000E41AA2BF01EB0451294330BD6FEA040412
:100490001F3C1CDA0C340EDC04F11404C4F12002FD
:1004A00020FA04F001FA02F340EA030021FA04F30F
:1004B00045EA030130BDC4F10C04C4F1200220FA66
:1004C00002F001FA04F340EA0300294630BD21FAA4
:1004D00004F0294630BD94F0000F83F4801306BF6A
:1004E00081F480110134013D4EE77FEA645C18BF5E
:1004F0007FEA655C29D094EA050F08BF90EA020FF5
:1005000005D054EA000C04BF1946104630BD91EAEC
:10051000030F1EBF0021002030BD5FEA545C05D1EF
:100520004000494128BF41F0004130BD14F580042E
:100530003CBF01F5801130BD01F0004545F0FE41A2
:1005400041F470014FF0000030BD7FEA645C1ABFD7
:10055000194610467FEA655C1CBF0B46024650EA0E
:10056000013406BF52EA033591EA030F41F400213A
:1005700030BD00BF90F0000F04BF0021704730B5C0
:100580004FF4806404F132044FF000054FF0000195
:1005900050E700BF90F0000F04BF0021704730B556
:1005A0004FF4806404F1320410F0004548BF40422B
:1005B0004FF000013EE700BF42004FEAE2014FEA80
:1005C00031014FEA02701FBF12F07F4393F07F4F5B
:1005D00081F06051704732F07F4208BF704793F05E
:1005E0007F4F04BF41F40021704730B54FF4607471
:1005F00001F0004521F000411CE700BF50EA010274
:1006000008BF704730B54FF000050AE050EA01021C
:1006100008BF704730B511F0004502D5404261EB8C
:1006200041014FF4806404F132045FEA915C3FF4CD
:10063000D8AE4FF003025FEADC0C18BF03325FEA6A
:10064000DC0C18BF033202EBDC02C2F1200300FA1B
:1006500003FC20FA02F001FA03FE40EA0E0021FA40
:1006600002F11444BDE600BF70B54FF0FF0C4CF42E
:10067000E06C1CEA11541DBF1CEA135594EA0C0FE0
:1006800095EA0C0F00F0DEF82C4481EA030621EA1B
:100690004C5123EA4C5350EA013518BF52EA033556
:1006A00041F4801143F4801338D0A0FB02CE4FF008
:1006B0000005E1FB02E506F00042E0FB03E54FF038
:1006C0000006E1FB03569CF0000F18BF4EF0010E30
:1006D000A4F1FF04B6F5007F64F5407404D25FEA2C
:1006E0004E0E6D4146EB060642EAC62141EA5551DF
:1006F0004FEAC52040EA5E504FEACE2EB4F1FD0C21
:1007000088BFBCF5E06F1ED8BEF1004F08BF5FEA9E
:10071000500E50F1000041EB045170BD06F0004650
:1007200046EA010140EA020081EA0301B4EB5C04FD
:10073000C2BFD4EB0C0541EA045170BD41F48011F5
:100740004FF0000E013C00F3AB8014F1360FDEBF1A
:10075000002001F0004170BDC4F10004203C35DAF6
:100760000C341BDC04F11404C4F1200500FA05F379
:1007700020FA04F001FA05F240EA020001F000421A
:1007800021F0004110EBD37021FA04F642EB060190
:100790005EEA430E08BF20EAD37070BDC4F10C04BA
:1007A000C4F1200500FA04F320FA05F001FA04F27E
:1007B00040EA020001F0004110EBD37041F100016A
:1007C0005EEA430E08BF20EAD37070BDC4F1200575
:1007D00000FA05F24EEA020E20FA04F301FA05F2DD
:1007E00043EA020321FA04F001F0004121FA04F285
:1007F00020EA020000EBD3705EEA430E08BF20EA55
:10080000D37070BD94F0000F0FD101F0004640008E
:1008100041EB010111F4801F08BF013CF7D041EA10
:10082000060195F0000F18BF704703F00046520014
:1008300043EB030313F4801F08BF013DF7D043EAE5
:100840000603704794EA0C0F0CEA135518BF95EA9B
:100850000C0F0CD050EA410618BF52EA4306D1D122
:1008600081EA030101F000414FF0000070BD50EA41
:10087000410606BF1046194652EA430619D094EACB
:100880000C0F02D150EA013613D195EA0C0F05D1B5
:1008900052EA03361CBF104619460AD181EA030109
:1008A00001F0004141F0FE4141F470014FF00000C1
:1008B00070BD41F0FE4141F4780170BD70B54FF05C
:1008C000FF0C4CF4E06C1CEA11541DBF1CEA1355DC
:1008D00094EA0C0F95EA0C0F00F0A7F8A4EB0504BE
:1008E00081EA030E52EA03354FEA013100F08880B5
:1008F0004FEA03334FF0805545EA131343EA12637E
:100900004FEA022245EA111545EA10654FEA002632
:100910000EF000419D4208BF964244F1FD0404F5EB
:10092000407402D25B084FEA3202B61A65EB030547
:100930005B084FEA32024FF480104FF4002CB6EB04
:10094000020E75EB030E22BFB61A754640EA0C0084
:100950005B084FEA3202B6EB020E75EB030E22BFC4
:10096000B61A754640EA5C005B084FEA3202B6EB05
:10097000020E75EB030E22BFB61A754640EA9C00C4
:100980005B084FEA3202B6EB020E75EB030E22BF94
:10099000B61A754640EADC0055EA060E18D04FEA52
:1009A000051545EA16754FEA06164FEAC30343EAF2
:1009B00052734FEAC2025FEA1C1CC0D111F4801FBF
:1009C0000BD141EA00014FF000004FF0004CB6E7B8
:1009D00011F4801F04BF01430020B4F1FD0C88BF57
:1009E000BCF5E06F3FF6AFAEB5EB030C04BFB6EB62
:1009F000020C5FEA500C50F1000041EB045170BD55
:100A00000EF0004E4EEA113114EB5C04C2BFD4EB81
:100A10000C0541EA045170BD41F480114FF0000E05
:100A2000013C90E645EA060E8DE60CEA135594EA81
:100A30000C0F08BF95EA0C0F3FF43BAF94EA0C0F84
:100A40000AD150EA01347FF434AF95EA0C0F7FF4F9
:100A500025AF104619462CE795EA0C0F06D152EA4D
:100A600003353FF4FDAE1046194622E750EA410631
:100A700018BF52EA43067FF4C5AE50EA41047FF442
:100A80000DAF52EA43057FF4EBAE12E74FF0FF3CA7
:100A900006E000BF4FF0010C02E000BF4FF0010C78
:100AA0004DF804CD4FEA410C7FEA6C5C4FEA430CF1
:100AB00018BF7FEA6C5C1BD001B050EA410C0CBF40
:100AC00052EA430C91EA030F02BF90EA020F0020A2
:100AD000704710F1000F91EA030F58BF994208BF09
:100AE00090422CBFD8176FEAE37040F001007047C6
:100AF0004FEA410C7FEA6C5C02D150EA013C07D11D
:100B00004FEA430C7FEA6C5CD6D152EA033CD3D067
:100B10005DF8040B704700BF8446104662468C4661
:100B20001946634600E000BF01B5FFF7B7FF002894
:100B300048BF10F1000F01BD4DF808EDFFF7F4FFBD
:100B40000CBF012000205DF808FB00BF4DF808ED48
:100B5000FFF7EAFF34BF012000205DF808FB00BF6B
:100B60004DF808EDFFF7E0FF94BF012000205DF88D
:100B700008FB00BF4DF808EDFFF7CEFF94BF012042
:100B800000205DF808FB00BF4DF808EDFFF7C4FF3B
:100B900034BF012000205DF808FB00BF4FEA410C84
:100BA0007FEA6C5C02D150EA013C0AD14FEA430C67
:100BB0007FEA6C5C02D152EA033C02D14FF00000A4
:100BC00070474FF0010070474FEA410212F50012E2
:100BD00015D211D56FF47873B3EB625212D94FEA84
:100BE000C12343F0004343EA505311F0004F23FA6E
:100BF00002F018BF404270474FF00000704750EAC3
:100C0000013005D111F0004008BF6FF0004070477F
:100C10004FF00000704700BF4A0011D212F50012D9
:100C200011D20DD56FF47873B3EB62520ED44FEA44
:100C3000C12343F0004343EA505323FA02F07047C4
:100C40004FF00000704750EA013002D14FF0FF3002
:100C500070474FF0000070474FEA4102B2F1E043A5
:100C600024BFB3F5001CDCF1FE5C0DD901F0004C93
:100C70004FEAC0024CEA5070B2F1004F40EB8300E3
:100C800008BF20F00100704711F0804F21D113F10F
:100C90003872BCBF01F00040704741F480114FEA48
:100CA0005252C2F11802C2F1200C10FA0CF320FAD1
:100CB00002F018BF40F001004FEAC1234FEAD323EE
:100CC00003FA0CFC40EA0C0023FA02F34FEA430358
:100CD000CCE77FEA625307D150EA01331EBF4FF0E1
:100CE000FE4040F44000704701F0004040F0FE40FC
:100CF00040F40000704700BF38B5002200230446CE
:100D00000D46FFF723FF28B920462946BDE83840A5
:100D100000F00AB8204605F1004100F005F8404215
:100D200061EB410138BD00BFD0B50C4B0022064637
:100D30000F46FFF799FCFFF76FFF0446FFF71AFC19
:100D4000074B0022FFF790FC02460B46304639461F
:100D5000FFF7D2FAFFF760FF2146D0BD0000F03D5B
:100D60000000F04138B51A4B1B78012B04D0022B40
:100D700013D14FF47A7501E04FF4FA7500F0A2F840
:100D80000446144B1B68C31AAB4209D2114B5B6873
:100D9000E31AB3F5FA7F0DD238BD40F6B835EDE76A
:100DA0000C4B18600C4A136801331360002002F0EA
:100DB000B5F8EBE7074B5C6002F002FB18B10120CD
:100DC00002F0ACF8E8E7012002F06CF8E4E700BFBD
:100DD00091030020800300208803002010B5044602
:100DE000002002F0DAFAB0F5AF6F07D001232370CC
:100DF00002F0E6FA08B90023237010BD0223237025
:100E0000F6E7000010B5FFF7ADFF0D4C2046FFF7E9
:100E1000E5FF0C4B1A7823789A4205D10A4B1878D3
:100E200060B100221A7008E0064A1370002002F038
:100E300039F8012002F036F8002010BD0120FCE74F
:100E400090030020910300200000002000B583B033
:100E50004FF46141002000F0B1FB05230093032310
:100E600001220021084600F0C7FF0021084601F0DA
:100E700011FD00F0B9F900F088F9034B034A1A603C
:100E800003B05DF804FB00BF8C030020050E0008D2
:100E900008B502E0074800F0A9F9074B1B78012BC1
:100EA000F8D0022B02D0FFF7ADFFF6E7014800F0C3
:100EB0006FF9F2E78C0300209103002008B503F0DE
:100EC000C1F808BD08B503F0B7F808BD72B6FEE773
:100ED00010B5A8B0382200211AA80AF037FB002468
:100EE0001594169417941894199454222146684620
:100EF0000AF02CFB204606F0EBF806F0E1F8214A58
:100F0000D2F8903023F01803C2F8903025231A93BA
:100F10004FF480331B9301221C92209202232193D1
:100F2000032122912392282224922593042226929F
:100F300027931AA806F0ECF9E8B90F2315930323B9
:100F400016930023179318931993042115A806F0FC
:100F500095FC90B90C4B0093002307934FF08072DF
:100F60000E920F934FF480731493684606F0B8FD09
:100F700028B928B010BDFFF7A9FFFFF7A7FFFFF7BB
:100F8000A5FF00BF001002404030080008B503F084
:100F900037F8FFF79DFF012008BD000000B583B0C2
:100FA0000B4B1A6E42F001021A661A6E02F0010231
:100FB0000092009A9A6D42F080529A659B6D03F000
:100FC00080530193019B06F009F903B05DF804FB1F
:100FD00000100240FEE7FEE7FEE7FEE7FEE770478F
:100FE0007047704708B503F01BF808BD0120704733
:100FF00008B50AF03BFB162303604FF0FF3008BD35
:1010000008B54FF0FF31FFF7F3FFFEE770B50C4670
:101010001646002506E0AFF30080214601F8010BDB
:1010200001350C46B542F6DB304670BD70B50C4656
:101030001646002504E014F8010BAFF300800135DB
:10104000B542F8DB304670BD4FF0FF3070474FF4CB
:1010500000534B600020704701207047002070470C
:1010600010B503460C4A0D490D48006840B10C48C4
:1010700000680344521A934206D8094A136010BD0F
:101080000748084C0460F2E70AF0F0FA0C2303600A
:101090004FF0FF30F3E700BF000002200004000023
:1010A00094030020883A0020034AD2F8883043F4A1
:1010B0007003C2F88830704700ED00E030B589B0A9
:1010C00004461D4B9A6D42F010029A659B6D03F029
:1010D00010030193019B02A903A806F0E3FC06F0AC
:1010E000CFFC164AA2FB00239B0C013B1448154A77
:1010F000026040F2E732C260436000230361836014
:1011000007F026F9054610B1284609B030BD0C4855
:1011100006F062FF05460028F6D1362003F01CF8E1
:101120000F2C01D90125EFE700222146362003F0DC
:1011300003F8054B1C60E7E70010024083DE1B4309
:1011400098030020001000409801002008B50248D4
:1011500006F090FF08BD00BF9803002008B50268A4
:10116000034B9A4200D008BD02F05AFFFBE700BFD4
:101170000010004008B5FFF709FF02F0F9FEFFF785
:1011800065FEFFF785FE002008BD012070470000C6
:1011900038B50546114801F0C5FFFFF793FE044638
:1011A00003E0002002F0CAF850B92B68984780B1DC
:1011B000FFF788FEA042F4D0FFF784FE0446F4E770
:1011C000002002F0C2F802460549002002F0CEF8E5
:1011D000EBE7044801F0A6FF38BD00BF98E0000827
:1011E000A8E00008B4E000080120704738B50546C3
:1011F0000B4801F097FFFFF765FE04462B68984700
:1012000050B1FFF75FFE001B0128F7D9FFF75AFE28
:10121000044600F01BFCF1E7024801F083FF38BDF3
:10122000C4E00008D4E000080D488546FFF73CFF05
:101230000C480D490D4A002302E0D458C450043331
:10124000C4188C42F9D30A4A0A4C002301E0136007
:101250000432A242FBD30AF00FFAFFF78BFFFEE73E
:10126000000002200000002064030020E0ED0008E0
:1012700064030020883A0020FEE70346002018603F
:1012800058609A600120D8601961704710B400243A
:10129000046044608360C260016101205DF8044B1A
:1012A0007047F0B500270CE00CEB030511F803E0E4
:1012B00006F805E00133C5689D42F5D8294404606D
:1012C0000137974213D205686B1C8468B3FBF4F6B0
:1012D00004FB16344368A3420BD00669002EEED0FF
:1012E0000029ECD0C36803FB05FC0023E3E70120E1
:1012F000F0BD0020FCE770B50C461646002516E050
:1013000001EB0E0C1CF803C004F803C00133C268E3
:101310009A42F5D8144443680268934216D00133C8
:101320008268B3FBF2F102FB113343600135B54231
:101330000AD201690029EED0002CECD04368C268C3
:1013400002FB03FE0023E2E7012070BD0020FCE762
:1013500003690268C06800FB023070470368426896
:101360009B1A8268B3FBF2F002FB10307047002337
:1013700080F8E63280F8E5323F2280F8E42280F8F7
:10138000A432704738B5054690F8964104EB4410F6
:1013900004EB40002844432205F5297100F5CC7088
:1013A0000AF099F995F89731032B02D8013385F8A3
:1013B000973185F895410134634204F0030403F04A
:1013C000030358BF5C4285F89641012385F89431A8
:1013D00038BD002303E08CF8002001339BB20F2BB3
:1013E0000BD800EB030CC25C3AB1A2F16101C9B2A7
:1013F0001929F0D8203AD2B2EDE7102B00D070476F
:10140000013B0022C254FAE7064BB3F82C34984251
:1014100005D2044BD3F8303453F820007047002035
:10142000704700BFE403002008B50346094AB2F83C
:101430002C2490420AD20846064AD2F8302452F8A8
:101440002310FEF7EDFE18B1002000E0002008BDDB
:101450000120FCE7E403002008B5084BB3F82C3466
:10146000984202D39FED060A08BD044BD3F83034EE
:10147000002153F8200009F0BFF9F5E7E40300204C
:101480000000000008B5084BB3F82C34984201D393
:10149000002008BD044BD3F830340022114653F825
:1014A000200009F07BFAF4E7E403002010B50446BD
:1014B0000449007801F05AFF0349207801F056FFF3
:1014C00010BD00BFE4E00008E8E0000838B590F87F
:1014D000973143B304460D4690F8E52222BB94F8B9
:1014E000E62232BB012D29D094F99511013194F8EF
:1014F000973191FBF3F203FB121184F89511C9B2F5
:1015000001EB411301EB43012144432201F5CC716E
:1015100004F529700AF0DFF894F8E63284F8E53231
:10152000002384F8943138BD0F49007801F01EFF84
:10153000D5E70E49207801F019FFD3E794F89431EC
:101540001BB194F9963184F8953194F9951194F87A
:1015500097311944013991FBF3F203FB121184F81E
:101560009511C9B2CCE700BFF0E00008F8E0000830
:1015700070B582B006460024A0F8124100F58A75C5
:10158000C0F8144101AA0C4900F529700AF020F8AE
:10159000234609E05C1CA4B245F8230001AA0649D1
:1015A00000200AF015F823460028F3D1A6F81231DE
:1015B00003B1012002B070BD00E1000810B5034C7A
:1015C0002070616001F0A6FE207210BDE4030020CF
:1015D00038B5234B5B7A03B938BD054690F8E52250
:1015E0002049807A01F0C2FE95F8E6221E49A87AC9
:1015F00001F0BCFE95F8E4221C49A87A01F0B6FE81
:1016000005F529721A49A87A01F0B0FE95F99521DD
:101610001849A87A01F0AAFE95F896211649A87AE9
:1016200001F0A4FE95F897211449A87A01F09EFED6
:1016300000240CE004EB441304EB430303F5CC73E8
:101640002B4422460E49A87A01F090FE013495F809
:101650009731A342EEDC0B49A87A01F087FEBBE785
:10166000E403002008E1000818E1000828E1000870
:1016700038E1000848E1000858E1000868E1000886
:1016800078E10008E4E0000808B50A460146024B8C
:10169000187801F061FE08BDE40300200FB410B516
:1016A00082B004AB53F8042B0193084C4FF48071C3
:1016B000204609F03DFF0246214614F8110C01F0C6
:1016C0004BFE02B0BDE8104004B07047F5030020A7
:1016D00038B50546FFF74CFF08B9002038BD16485D
:1016E000FFF7DCFFD5F81401FFF773FE0024B5F80F
:1016F000E832A342F1DD04EB8401890001F53A717F
:1017000029440431D5F81401FEF78AFD08B10134EB
:10171000EDE7B5F81231013BA5F82C3405F58C73D3
:10172000C5F8303404EB840405EB8404D4F8FC32AF
:1017300005F22C409847D0E7E4E0000830B585B0CA
:1017400004468DF80710037CABB9CBB21B2B30D00D
:101750001CD8082B4BD00D2B40F0848090F8E6323B
:101760000BBB002384F8E63284F8E53284F8A43217
:101770002046FFF79BFE237C013B032B00F2C88031
:10178000DFE813F0C400CC00CF0056017F2B69D1F5
:1017900090F8E5C290F8E6E2F445ECD2AEEB0C0529
:1017A000EDB2012212E0FFF7EDFD2046FFF790FFBA
:1017B000D7E701230374DEE70CEB0203591E234431
:1017C00093F8A402631883F8A40201329542F3DC73
:1017D0000EF1FF3E5FFA8EFE84F8E6E2A644002397
:1017E0008EF8A4329449207801F0C0FDC3E790F848
:1017F000E6325BB390F8E50240B3834209D094F837
:10180000E6C2604522D2ACEB000E5FFA8EFE0022EB
:1018100011E0013BDBB284F8E6322344002283F876
:10182000A422ECE78318591E234493F8A4526318AA
:1018300083F8A45201329645F4DC0CF1FF33DBB29D
:1018400084F8E6322344002283F8A42294F8E53297
:10185000002B90D0013B84F8E5327849207801F0E4
:1018600085FD88E794F8E632591C94F8E422914209
:1018700081DA94F8E522934216D094F8E5C294F800
:10188000E6028445BFF477AFA0EB0C05EDB2002271
:10189000954224DD831A591E214491F8A412234451
:1018A00083F8A4120132F3E701220DF10701207839
:1018B00001F052FD94F8E522A3189DF8071083F873
:1018C000A41294F8E6320133DBB284F8E632013236
:1018D00084F8E5222344002283F8A422CDE79DF872
:1018E000072004EB0C0383F8A4220130C0B284F873
:1018F000E6020CF1010C84F8E5C22044002380F8D4
:10190000A4324F49207801F031FD34E702232374DB
:101910002046FFF75DFE002005B030BD0323237491
:10192000F6E7002323749DF80730442B26D09DF85A
:101930000730432B37D09DF80730412B4AD09DF814
:101940000730422B50D09DF80730312B56D09DF8F0
:101950000730342BDCD194F8E53294F8E622934238
:1019600058D394F8E52294F8E6329A4259D894F87C
:10197000E63284F8E53204232374C9E794F8E522BB
:10198000002AD4D0013A84F8E5221B228DF80820E1
:101990005B228DF809208DF80A30032202A92078F5
:1019A00001F0DAFCC3E794F8E52294F8E6128A42E3
:1019B000C1D2013284F8E5221B228DF808205B2277
:1019C0008DF809208DF80A30032202A9207801F051
:1019D000C3FCB0E701212046FFF778FD04F529712B
:1019E000207801F0C3FCAAE700212046FFF76EFD36
:1019F00004F52971207801F0B9FCA4E794F8E522F8
:101A00001049207801F0B2FC002384F8E532042369
:101A100023749CE7D21A92B20B49207801F0A6FCFD
:101A20009FE7D21A92B20749207801F09FFC9EE707
:101A3000002323746CE700BF88E1000890E10008F0
:101A400098E10008F0E00008A4E1000838B5094B6F
:101A50001C7A0CB9204638BD187801F06FFC0028BC
:101A6000F8D0044D287801F070FC01462846FFF7B5
:101A700065FEEFE7E403002010B50F48FFF70EFE08
:101A80000E48FFF70BFE00240DE004EB84039800E2
:101A900000F53A700A4B18440430FFF7FFFD064882
:101AA000FFF7FCFD0134064BB3F8E832A342ECDC4F
:101AB0000448FFF7F3FD10BDE4E00008ACE10008C6
:101AC000E4030020CCE100082DE9F04383B0038853
:101AD000446873B1012B12D81027002211462068E8
:101AE00008F05CFF06462B48FFF7D8FDB0460024FF
:101AF0001BE02948FFF7D2FD03B0BDE8F0830022C8
:101B00001146606808F04AFF0746E6E73168234857
:101B1000FFF7C4FD624204F0030302F0030258BF62
:101B20005342032B0BD004360134BC42E4DA14F0E8
:101B3000030FEBD131461A48FFF7B0FDE6E719482D
:101B4000FFF7ACFD4FF0000917E01748FFF7A6FDBF
:101B50000135032D0DDC05F108036B4413F8041C5B
:101B6000A1F12003DBB25E2BEFD81048FFF796FD02
:101B7000EEE708F1040809F10109B9F1030F04DCEB
:101B8000D8F8003001930025E3E70948FFF786FD08
:101B9000C9E700BF04E20008ECE1000818E2000811
:101BA0000CE2000820E2000828E2000824E2000815
:101BB0002CE2000808B5044B187801F0BFFB08B907
:101BC000012008BD0020FCE7E40300202DE9F041DE
:101BD000124BB3F8E8520F2D02D90020BDE8F08176
:101BE0000E46AF0005EB8504A40004F53A74984650
:101BF0001C4404340146204609F065FD2F4408EBDF
:101C00008707C7F8FC622046FFF7E3FBB8F8E83225
:101C10000133A8F8E8320120E0E700BFE403002028
:101C200008B51248002303724372037480F895319B
:101C300080F8963180F8973180F894310C4BC0F8D9
:101C400034340C4BC0F838340B4BC0F83C340B4BDD
:101C5000C0F84034FFF78BFB09490A48FFF7B6FF8D
:101C600009490A48FFF7B2FF012008BDE40300203C
:101C700085140008591400080914000829140008E4
:101C8000791A000834E20008C91A00083CE200088A
:101C900010B58CB004464FF4AD6300FB03F328335A
:101CA000234A134401A9181D02F0B4FD049B03B399
:101CB0001F4B4FF4AD6202FB04335A6842F001023D
:101CC0005A60059BFBB11A4B4FF4AD6202FB043323
:101CD0005A6842F002025A60069BF3B1144B4FF46B
:101CE000AD6202FB04335A6842F004025A600CB041
:101CF00010BD0F4B4FF4AD6202FB04335A6822F063
:101D000001025A60DDE70A4B4FF4AD6202FB043377
:101D10005A6822F002025A60DEE7054B4FF4AD62CA
:101D200002FB04335A6822F004025A60DFE700BF66
:101D30002C08002010B500242CB112491248FFF7DE
:101D400045FF012010BD11494FF4AD6004FB00F0C8
:101D50000B1801220A5400225A705A601A72DA6073
:101D60001A615A619A61DA6100F1A80C9030084456
:101D700010234C2261440430FFF788FA0134E4B2A6
:101D8000DAE700BFE522000840E200082C08002046
:101D900058BB00B587B0844602BB0092154A4FF489
:101DA000AD6000FB0C22126A402A1BD00222039273
:101DB0000191022202920493089B05934FF4AD63B4
:101DC00003FB0CF028300B4B18446946043002F03A
:101DD00081FB60B1002007B05DF804FB4FF080424A
:101DE0000092DBE701220392E2E700207047012026
:101DF000F1E700BF2C0800202DE9F04182B09DF8EA
:101E000020E018B1002002B0BDE8F08105464FF493
:101E1000AD6005FB00F000F12804534E3444043457
:101E200006EB000C5148CCF82C000026CCF83060B2
:101E30004F4850F82200CCF834004E4850F82100AA
:101E4000CCF8380001208CF83C008CF83D008CF870
:101E50003E004FEA03184848006800EB031750F8AB
:101E60000800CCF840007868CCF84400B868CCF89A
:101E70004800F868CCF84C004FEA0E183F4800685C
:101E800000EB0E1750F80800CCF850007868CCF83A
:101E90005400B868CCF85800F868CCF85C001C20F6
:101EA000CCF860000820CCF86400CCF868608CF8AE
:101EB00028108CF829208CF82A308CF82BE040234D
:101EC000CCF820302E4BCCF82430204602F018FA03
:101ED00008B1002097E7009633463246314628463F
:101EE000FFF756FF00963346012231462846FFF79A
:101EF0004FFF0096334602221146204602F01DFB9A
:101F000008B100207FE7184B4FF4AD6202FB0533A8
:101F10003246596A204602F0B7FC08B1002072E749
:101F2000114B4FF4AD6202FB0533196D9B6D3246C8
:101F300003FB01F1204602F021FB08B1002062E71B
:101F4000204602F02CFB08B100205CE7204602F09E
:101F500038FB38B9044B4FF4AD6202FB0533012066
:101F6000587050E700204EE72C0800200064004025
:101F700014E8000808E800080C0000200800002011
:101F800007000E00012801D90020704708B54FF462
:101F9000AD6303FB00F09030024B18440430FFF7B0
:101FA000DDF908BD2C08002001285ED8F0B58BB003
:101FB0000D4616462F4B4FF4AD6202FB00335B68B3
:101FC00013F0040F53D102FB00F42834294B1C44B6
:101FD000043491F847302BB1012B05D14FF08043E9
:101FE000029301E00023029395F84830012B17D0AB
:101FF000022B1BD00BB9079306932B680193002388
:10200000099308930593039395F846201A4B53F8C8
:1020100022300493204602F031FC70B9002027E002
:102020004FF40013079300230693E6E74FF40013E1
:1020300007934FF480130693DFE7FEF743FF07464D
:10204000AA1D01A9204602F018FB08B100200FE0EC
:10205000204602F013FC30B9FEF734FFC01BB0423B
:10206000F6D3002004E0012002E0002070470020A9
:102070000BB0F0BD2C08002020E80008012801D991
:102080000020704708B54FF4AD6303FB00F09030BB
:10209000034B184401220430FFF72DF908BD00BF9F
:1020A0002C080020012801D90020704700B585B018
:1020B0004FF4AD6303FB00F02830074B184469462A
:1020C000043002F0CCFB20B9BDF8040005B05DF887
:1020D00004FB0020FAE700BF2C080020012801D9EA
:1020E0000020704700B585B04FF4AD6303FB00F0EE
:1020F0002830074B18446946043002F0B0FB20B981
:10210000BDF8000005B05DF804FB0020FAE700BF51
:102110002C08002001281BD838B50E4B4FF4AD62B7
:1021200002FB00335B7803B938BD0A4C02FB00F0B8
:10213000251800226A60283004440434204602F046
:1021400057FA204602F03DFAEB680133EB60EBE70B
:10215000704700BF2C08002010B50024204609E07D
:10216000174B4FF4AD6202FB04331B7A2BB1012BEA
:1021700017D00134002CF3DD10BD114B4FF4AD62CC
:1021800002FB04335B6813F0040FF2D0E0B2FFF7F8
:10219000C1FF0B4B4FF4AD6202FB043301201872F8
:1021A000E7E7074B4FF4AD6202FB04335B6813F0C3
:1021B000040FDED1024B02FB043300221A72D8E76F
:1021C0002C0800202DE9F0438BB0074688464FF4D9
:1021D000AD6600FB06F606F190042C4D2C44043449
:1021E0002046FFF7B5F881463544831D6A46296AC3
:1021F000404602F06BFA68BB019B73BB009BC9F8B9
:102200000030002389F84730039A214B53F82230DD
:10221000A9F80430069BB3F5001F25D0002389F8E8
:102220004830012200212046FFF73BF838B9174B10
:102230004FF4AD6202FB07331A6901321A61134B86
:102240004FF4AD6202FB0733D3F8903013B1484628
:102250009847A8B90BB0BDE8F083009BC9F80030DF
:10226000012389F84730CFE7059BB3F5801F03D0E2
:10227000012389F84830D4E7022389F84830D0E7B1
:10228000012200212046FFF736F8E3E72C08002062
:1022900060E8000801281CD810B50E4B4FF4AD6261
:1022A00002FB00335C6814F0010F06D114F0020F3A
:1022B00007D114F0040F08D110BD074800F032FF19
:1022C000F4E7064800F02EFFF3E7054800F02AFF88
:1022D000F2E770472C08002044E2000860E20008A2
:1022E0007CE200082DE9F04194B004460388012BFC
:1022F0000CD000252388012B31D02388012B74D0EA
:10230000002D00F0508114B0BDE8F0814369AB4965
:102310000020984705460028ECD000271CE0A84E76
:102320004FF4AD6303FB07667178A648FFF7B6F973
:102330003169A548FFF7B2F97169A448FFF7AEF912
:10234000B169A348FFF7AAF9F169A248FFF7A6F916
:10235000F8B2FFF79FFF0137002FE0DDCAE763699E
:102360009D490020984706460028C6D00027FFF761
:1023700021FC002837D00020FFF704FE0028F6D00B
:1023800001A90020FFF77AFE9449A1FB07318909D2
:102390004FF47A7303FB11714F1C9148FFF77EF9DC
:1023A0009DF84B3053B98F48FFF778F9BDF80820F6
:1023B00001998D48FFF772F900250CE08B48FFF773
:1023C0006DF9F3E705F150036B4413F8461C884898
:1023D000FFF764F90135BDF80830AB42F2DC8548FF
:1023E000FFF75CF9C3E7354687E763698249002058
:1023F00098478046002883D0714B5E6800273D4691
:1024000080E0FEF75FFD054601228DF84C208DF837
:102410004B2008238DF84A304FF445710191ADF8F7
:1024200008308DF80A2002228DF80B2003228DF847
:102430000C2004228DF80D2005228DF80E20062296
:102440008DF80F2007228DF810208DF811300A2208
:1024500001A90020FFF7A8FDF0B90020FFF722FE38
:1024600010B9FFF73BFE58B10020FFF71BFE0446F2
:102470000020FFF733FE024621466048FFF70EF9C1
:102480005F4B1B68002B48D05D4C21685D48FFF70F
:1024900005F90023236040E05049A1FB0731890979
:1024A0004FF47A7303FB11714F1C5748FFF7F6F88E
:1024B0009DF84B3053B94B48FFF7F0F8BDF80820B2
:1024C00001994948FFF7EAF800240CE04748FFF774
:1024D000E5F8F3E704F150036B4413F8461C444855
:1024E000FFF7DCF80134BDF80830A342F2DC4148C4
:1024F000FFF7D4F8B1E7FFF72FFED8B90020FFF7B8
:1025000041FDD8B9FFF756FB00284AD0FEF7DAFCA8
:10251000431BB3F57A7FBFF474AF294B5968B142BE
:10252000E9D03A48FFF7BAF80020FFF7B3FE244B92
:102530005E68E0E73648FFF7B1F8DFE701A9002061
:10254000FFF79CFD2549A1FB073189094FF47A73F8
:1025500003FB11714F1C2248FFF7A0F89DF84B3088
:1025600053B92048FFF79AF8BDF8082001991E4892
:10257000FFF794F800240CE01C48FFF78FF8F3E70E
:1025800004F150036B4413F8461C1948FFF786F812
:102590000134BDF80830A342F2DC1648FFF77EF89C
:1025A000B0E74546ACE61B48FFF778F81A48FFF756
:1025B00075F81A48FFF772F8A5E600BF98E2000820
:1025C0002C080020A0E20008B8E20008D0E20008D1
:1025D000E8E2000800E3000818E30008D34D6210A9
:1025E00020E3000830E3000840E3000838E3000877
:1025F00054E30008E4E000085CE3000874E300082A
:102600002808002088E3000864E3000894E3000839
:10261000A8E30008BCE30008C8E30008D4E300080E
:1026200008B50020FFF734FB08BD0000054A136819
:1026300001331360036E23B1034A536843F0100360
:1026400053607047280800202C08002008B5024875
:1026500002F0A5F908BD00BF5808002010B50C46CF
:1026600011F0010F0ED114F0020F03D0084A936944
:102670000133936114F0040F03D0054AD369013389
:10268000D36110BD01460020FFF79CFDEBE700BFC2
:102690002C08002000B589B0002303930493059310
:1026A000069307930268174B9A4202D009B05DF86F
:1026B00004FB03F5D6339A6D42F000729A659A6D69
:1026C00002F000720192019ADA6C42F00202DA64BE
:1026D000DB6C03F002030293029B4FF440730393FD
:1026E000022304930923079303A9074802F01CFA65
:1026F00000221146152001F01FFD152001F02CFDD0
:10270000D4E700BF006400400004004808B501F0B1
:1027100091F9014B187008BD940D002008B501F027
:10272000C5F908BD08B501F0A1F908BD08B501F06B
:10273000A5F908BD08B501F0D5F908BD08B501F047
:10274000AFF908BD82B00023019302E0019B013381
:1027500001934FF47A7300FB03F3019A9342F5D887
:1027600002B0704708B500233BB108490848FFF79D
:102770002DFA0120074B187008BD0022064941F8C8
:1027800023200649CA540133EEE700BFC12A0008DE
:10279000E0E30008ED0D0020F40D0020EC0D00201A
:1027A0002DE9F04786B0054600EB8003384E06EB76
:1027B0008306D6F80890CDF804904FF0110ACDF8B2
:1027C00008A00024039403230493D6F8048001A9ED
:1027D000404602F0A9F980270197CDF808A003949C
:1027E000F66801A9304602F09FF901221FFA89F12B
:1027F000404602F011FB01223946304602F00CFB44
:102800000520FFF79FFF17E005EB8502204B03EB48
:1028100082031F895E6800223946304602F0FCFAC6
:102820000520FFF78FFF01223946304602F0F4FA07
:102830000520FFF787FF0134082CE5DD144E05EB7A
:10284000850406EB8404B4F80890D4F804800022D0
:102850004946404602F0E0FA0520FFF773FF0022E8
:102860008021E06802F0D8FA0520FFF76BFF012213
:102870004946404602F0D0FA0520FFF763FF0122E7
:102880008021E06802F0C8FA06B0BDE8F08700BF1A
:1028900078E9000838B500EB8002184B53F8225055
:1028A00008B1002038BD0446154B19540023154AC1
:1028B0001354154A2A60154A52F821206A60AB6009
:1028C0000122EA602B616B61EB612B62FFF768FF0D
:1028D000284602F01AFD284602F0B3FC08B1002099
:1028E000E0E70021284603F09DFB0021284603F085
:1028F000C7FB0120034B1855D4E700BF78E9000857
:10290000F00D0020EC0D00200054004070E900089C
:1029100010B500EB80000A231A464900044C54F815
:10292000200002F089FF08B1002010BD0120FCE763
:1029300078E9000810B584B0044600EB800C0B4821
:1029400050F82C0014B1002004B010BD490089B229
:10295000079C0294BDF8184001940093012302F0F3
:1029600093FE08B90120EFE70020EDE778E90008C1
:1029700010B582B0049C019401240094FFF7DAFFA3
:1029800002B010BD10B584B0044600EB800C0B48BB
:1029900050F82C0014B1002004B010BD490089B2D9
:1029A000079C0294BDF8184001940093022302F0A2
:1029B0006BFE08B90120EFE70020EDE778E9000899
:1029C00010B582B0049C019401240094FFF7DAFF53
:1029D00002B010BD10B584B0044600EB800C0B486B
:1029E00050F82C0014B1002004B010BD490089B289
:1029F000079C0294BDF8184001940093012302F053
:102A00006FFD08B90120EFE70020EDE778E9000845
:102A100000B585B08DF80F30069B0193012300931C
:102A20000DF10F03FFF7D6FF05B05DF804FB0000C2
:102A300010B584B0044600EB800C0B4850F82C0015
:102A400014B1002004B010BD490089B2079C029463
:102A5000BDF8184001940093022302F041FD08B92B
:102A60000120EFE70020EDE778E9000800B585B028
:102A70008DF80F30069B0193012300930DF10F0396
:102A8000FFF7D6FF05B05DF804FB000010B582B07B
:102A9000044600EB800C094850F82C0014B10020CB
:102AA00002B010BD490089B2049C00949BB202F0B0
:102AB00045FC08B90120F3E70020F1E778E90008B8
:102AC0002DE9F047A4B004460388022B5AD0052B09
:102AD0003ED183680120984710F0FF0500F08A80FE
:102AE000012D28BF0125A368022098471FFA80F90D
:102AF000A3680320984706461FFA80FAA3680420BB
:102B00009847074605F1FF385FFA88F863698A49F4
:102B100000209847002874D16369884900209847AD
:102B2000002840F088806369854900209847002884
:102B300040F0BB806369834900209847002840F03B
:102B4000B6806369804900209847002840F0CB8018
:102B500001217E48FEF7A2FD01217D48FEF79EFD82
:102B60007C48FEF79BFD7C48FEF798FD7B48FEF70E
:102B700095FD7B48FEF792FD7A48FEF78FFD24B065
:102B8000BDE8F08783680120984710F0FF0519D051
:102B9000012D28BF0125013DEDB263697249002076
:102BA000984700BB63697149002098470028E6D028
:102BB00001212846FFF76EFEB8B1691C6C48FEF78C
:102BC0006DFDDCE70125E6E701347F2CD7D8E1B2C3
:102BD0002846FFF79DFE0028F6D02246691C65486E
:102BE000FEF75CFDF0E70024EFE7691C6248FEF7A2
:102BF00055FDC4E7012576E729466048FEF74EFDFE
:102C0000BDE70024BBB2A342B9D90AEB0402642396
:102C1000009304AB92B249464046FFF7A9FE002854
:102C2000EAD09DF8103014FA86F229465448FEF78F
:102C300035FD0134E6E7FEF745F9044664230093C9
:102C4000FBB2524649464046FFF7E2FE50B1FEF75E
:102C500039F9001B0090BBB2B2B229464948FEF7D1
:102C60001DFD8CE729464548FEF718FD87E79DF8CE
:102C7000103014FA86F229464148FEF70FFD013460
:102C8000BBB2A3427FF67BAF0AEB0402642300933E
:102C900004AB92B249464046FFF792FE0028E6D1C7
:102CA00029463648FEF7FAFC69E70024E8E7FEF714
:102CB00009F9044664230093FBB252464946404654
:102CC000FFF7D4FE50B1FEF7FDF8001B0090BBB239
:102CD000B2B229462C48FEF7E1FC50E729462748C6
:102CE000FEF7DCFC4BE7FEF7EDF804464FEA1A2A44
:102CF0008DF808A08DF80960FBB28DF80A305B42B0
:102D00008DF80B3064230093032302AA4946404602
:102D1000FFF7BCFE50B1FEF7D5F8001B0090BBB228
:102D2000B2B229461848FEF7B9FC28E729461348ED
:102D3000FEF7B4FC23E700BF18E300086CE40008CA
:102D400098E40008A0E40008CCE40008D8E40008F7
:102D5000F4E4000810E500083CE5000868E5000818
:102D600098E50008C8E50008E4E3000808E4000866
:102D700010E40008ECE3000824E4000858E400082C
:102D80003CE4000874E40008A8E400080268064B6C
:102D90001B689A4200D07047436C002BFBD0034A5B
:102DA000136801331360F6E7980D0020F40D00203E
:102DB00008B5024803F0F4F808BD00BF980D0020E4
:102DC000F0B589B00023039304930593069307930A
:102DD0000268214B9A4201D009B0F0BD1F4CE36C50
:102DE00043F00103E364E36C03F001030093009BF1
:102DF000E36C43F00203E364E36C03F0020301932A
:102E0000019B4FF400430393122704970125059576
:102E10000426079603A94FF0904001F085FE802319
:102E200003930497059500250695079603A90C487A
:102E300001F07AFEA36D43F40013A365A36D03F4C0
:102E400000130293029B2A460521202001F074F909
:102E5000202001F081F9BFE700540040001002403B
:102E60000004004808B502680B4B9A4200D008BD28
:102E70000A4A936D23F4001393654FF400414FF019
:102E8000904001F03BFF8021054801F037FF2020F2
:102E900001F066F9EBE700BF00540040001002406B
:102EA00000040048012800D9704708B5044B03EB23
:102EB000C0010022898853F8300001F0ADFF08BD41
:102EC0008CE9000810B586B00024019402940394A4
:102ED000049405940F4BDA6C42F00402DA64DB6C64
:102EE00003F004030093009B012302930DE00A4BBF
:102EF00003EBC4029288019201A953F8340001F057
:102F000013FEE0B2FFF7CEFF0134012CEFDD01200C
:102F100006B010BD001002408CE90008012800D95D
:102F2000704708B5044B03EBC002918853F830009A
:102F300001F077FF08BD00BF8CE900082DE9F041E2
:102F400006460388012B0AD000273388012B23D0A3
:102F50003388012B3ED0002F5AD0BDE8F081436961
:102F600030490020984707460028EED02E4C218893
:102F70002E48FEF793FB61882D48FEF78FFB2D4806
:102F8000FEF78CFB2C4C21882C48FEF787FB6188D0
:102F90002B48FEF783FBD8E773692A49002098473E
:102FA00080460028D4D0002506E01F4B98682146B3
:102FB0002844FEF769FB2544FEF7FCFD074638B1BF
:102FC000194B5C88641BC3D0402CEED94024ECE73D
:102FD0004746BDE773691C4900209847064600280C
:102FE000B9D0002506E0144B986821462844FEF726
:102FF0004BFB2544FEF7DEFD074638B10E4B5C88DF
:10300000641BA8D0402CEED94024ECE73746A2E759
:103010000E48FEF743FB0E48FEF740FB0D48FEF757
:103020003DFB9AE798E20008081B0020F8E500083D
:1030300010E60008E4E00008FC1A002028E600087A
:1030400040E6000858E6000860E6000868E6000868
:1030500074E6000880E6000810B50E4A00231380CD
:1030600053804FF480619180D3800B4991600B4A6B
:10307000138053804FF400619180D380084B93609C
:103080000124084B1C7008490848FEF79FFD2046A4
:1030900010BD00BF081B0020FC160020FC1A0020F9
:1030A000FC0E0020FA0E00203D2F00088CE60008E0
:1030B000003818BF0120014B187070471100002024
:1030C00030B583B004469446C388134408338288DD
:1030D0009A4205D20023C3800CF108039A4219D307
:1030E000E088009123880E4A0CF10801A568284465
:1030F00008F076F9238801332380E38882B21344F1
:10310000E38063881844A188884205DC1A44628001
:10311000012002E0002000E0012003B030BD00BF2C
:1031200090E600080FB410B582B0164B1B7823B997
:1031300002B0BDE8104004B0704705AB0193049A9B
:103140004FF48071104808F0F3F904460F4B1B78D8
:1031500013B10F4B1B7843B90E4B1B7863B9224652
:1031600009490D48FFF7ACFFE2E7024606490B4B61
:10317000187800F0F1F8EFE7224603490848FFF716
:103180009FFFECE7FA0E0020F80D0020F90E00205A
:103190001000002011000020FC1A0020F80E002072
:1031A000081B002008B5134BD3F8F03013F0010FC3
:1031B0000DD10022104BD3F8943013F0806F00D063
:1031C0003AB10021012000F073F8012008BD01226E
:1031D000F0E7012000F064F8411C012000F068F8DD
:1031E0004FF4FA70FDF76AFE012000F059F8034B26
:1031F0001860E6E700ED00E000100240141B00201C
:10320000014B1868704700BF141B002000B583B045
:10321000134B019304F016F84FF0E02200231361E2
:10322000536193610FE00F4A03F120004FF0FF312B
:1032300042F8201003F1600042F82010BFF34F8FD6
:10324000BFF36F8F0133072BEDDD019B5B68019AA4
:10325000126882F30888984703B05DF804FB00BF4A
:103260000000FF1F00E100E008B50B480B4B0360B6
:10327000002343607F228260FF22C26003614361BA
:1032800083614FF08042C261036204F045FE08B9D9
:10329000012008BD0020FCE7181B0020002800408A
:1032A00008B50146014804F08FFE08BD181B002038
:1032B00008B50A460146024804F07FFE08BD00BF7B
:1032C000181B00200268064B9A4200D07047054A3E
:1032D000D2F8903043F40043C2F89030F6E700BFD4
:1032E00000280040001002400023002B01DD0120D7
:1032F000704707494FF4856203FB02F288184FF0CC
:10330000000C01F802C04FF4614242600133ECE767
:10331000401B0020034668B9074A4FF4856000FB54
:1033200003F302EB030C01208CF80800CCF8041026
:10333000D054704700207047401B002008B1002087
:10334000704708B5FFF7EEF908BD08B100207047D7
:1033500008B5FFF7EBF908BD08B10020704708B5C4
:103360000B4611461846FFF7E5F908BD0EB410B537
:10337000C3B0044645AB53F8042B01934FF480715E
:1033800002A808F0D5F8024602A92046FFF7E4FF9C
:1033900043B0BDE8104003B0704708B1002070474B
:1033A00008B5FFF7CBF908BD08B503490348FEF798
:1033B0000DFC012008BD00BFF933000898E60008A5
:1033C00008B5FFF7ABF908BD0A4BD3F8BC3253B1CF
:1033D000084B93F89C32DBB2032B06D1054B5B689C
:1033E0002BB101207047002070470020704700205B
:1033F000704700BF681F0020F8B504460388012B02
:1034000009D000252388012B28D02388012B4ED0FA
:10341000002D79D0F8BD4369404900209847054602
:1034200098B9EFE7FFF7D0FF01463D48FEF736F9C0
:10343000FFF7C6FF01463B48FEF730F902213A4844
:10344000FEF72CF96420FDF739FDFEF7B3FB0028E9
:10345000E8D102213548FEF721F9D3E76369344901
:103460000020984707460028CFD0FDF72BFD0646E1
:10347000002504E01F212F48FFF75CF91F35FEF7F8
:1034800099FB70B1FDF71EFD831BB3F57A7FF1D375
:10349000FDF718FD0646A90A2748FFF743FE002559
:1034A000E8E702212148FEF7F9F83D46ADE76369F8
:1034B0002249002098470028AAD0FDF703FD0746BF
:1034C00000260EE0FDF7FEFC0746B10A1C48FFF798
:1034D00029FE00260EE0FFF729F90134AC42FAD3A9
:1034E0002E44FEF767FB50B1FDF7ECFCC31BB3F5B0
:1034F0007A7FE7D2FFF716F905460024EEE70221AE
:103500000A48FEF7CBF885E70E48FEF7C7F80E48E5
:10351000FEF7C4F80D48FEF7C1F87BE798E2000813
:103520009CE60008B0E60008C4E60008CCE6000807
:10353000D4E60008E8E60008D8E600080CE7000832
:1035400010E7000820E700082CE7000838E700082B
:1035500008B5012803D00020134B187008BD0022C5
:103560001249134805F03BFE08B10020F6E7114967
:103570000F4805F04BFE08B10020EFE70E490C485C
:1035800000F096F908B10020E8E7094805F055FE7B
:1035900008B10020E2E7FFF7B9F80848FFF7C2FDDD
:1035A0000120074B1870D7E7392200207401002052
:1035B000681F0020E00000202C01002044E70008E4
:1035C0003822002008B5024803F030FB08BD00BFD8
:1035D0005836002010B5D0F8BC42D0F8C0325BB1EC
:1035E00094F80002FF2807D09B6894F80122214636
:1035F0009847FF2384F80032002010BD4323038046
:10360000004870475800002043230380004870475B
:103610009C000020432303800048704714000020D2
:103620000A230380004870471801002038B5D0F8FD
:10363000BC5275B1044600F08FFCC5F80C02D4F8FA
:10364000C032DB6805F50371D5F804029847002005
:1036500038BD0320FCE710B5D0F8C442D0F8BC3226
:1036600053B301EB810200EB820292694AB101EB94
:10367000810C04EBCC04246AB2FBF4FC04FB1C2296
:1036800072B10022C3F81422D0F8C0221469ACB180
:103690000A4603F50471D3F80802A047002010BDC4
:1036A00001EB810300EB830300249C612346224647
:1036B00000F042FC2046F2E70320F0E70020EEE7AE
:1036C000F0B583B006460C46D0F8BC7200238DF8E6
:1036D0000730ADF804300B7813F0600527D0202DAB
:1036E0005BD1CA88DAB113F0800F0CD0D0F8C032A9
:1036F0009B68394660789847E2883946304606F03C
:1037000035FA00254CE04B7887F800328B7987F842
:103710000132CA88394606F03EFA002540E0D0F86A
:10372000C0329B68002248789847002538E04F78DF
:103730000B2F2ED8DFE807F006342D2D2D2D2D2D43
:103740002D2D152490F89C32DBB2032B03D005F00D
:10375000D3FE032524E0022201A906F007FA3D4624
:103760001EE090F89C32DBB2032B03D005F0C4FEC0
:10377000032515E001220DF1070106F0F7F90FE02E
:1037800090F89C32DBB2032B0AD005F0B5FE03257E
:1037900006E005F0B1FE032502E005F0ADFE0325CD
:1037A000284603B0F0BD38B50446812100F087FB00
:1037B000002525870121204600F081FBA4F87851DF
:1037C0008221204600F07BFBA4F84C50A4F84E5018
:1037D000D4F8BC324BB1D4F8C0325B689847D4F807
:1037E000BC0200F0C3FBC4F8BC52002038BD70B569
:1037F00004464FF4077000F0B5FBB8B30646C4F8B2
:10380000BC02237CBBBB4FF4007302228121204603
:1038100000F04AFB012525874FF400730222294658
:10382000204600F041FBA4F878511023A4F84E3054
:10383000082303228221204600F036FB0123A4F84E
:103840004C30D4F8C0321B6898470023C6F81432B5
:10385000C6F81832257C15BB4FF40073D6F8042245
:103860000121204600F070FB284670BD0023C4F8FB
:10387000BC320225F8E7402302228121204600F0D5
:1038800013FB01252587402302222946204600F00C
:103890000BFBA4F878511023A4F84E30C8E740235E
:1038A000D6F804220121204600F04EFB0025DBE77C
:1038B00019B1C0F8C0120020704703207047D0F83B
:1038C000BC32C3F80812C3F8102200207047D0F8A9
:1038D000BC32C3F8041200207047D0F8BC2292B169
:1038E00008B5D2F814320BB1012008BD0123C2F88B
:1038F0001432D2F81032C362D2F80822812100F0CB
:103900001BFB0020F1E70320704710B5D0F8BC2264
:1039100092B1047C44B94FF40073D2F8042201211F
:1039200000F012FB204610BD4023D2F804220121F2
:1039300000F00AFB0024F5E70324F3E70020014B25
:10394000187070473B22002021281AD0222828D046
:10395000202814D10B78164A1360487843EA0023D4
:103960001360887843EA00431360C87843EA006331
:1039700013600B7913714B7953718B79937100201C
:1039800070470B4B1A780A705A784A709A788A7086
:10399000DA78CA701A790A715A794A719B798B71EF
:1039A000EDE74B8803F00103024A1370E7E700BF1D
:1039B000240100203B2200200020704770B50546FE
:1039C0000D4E0A6801463046FDF76BFCB468304680
:1039D000FDF7C4FC241A013C3F2C04D8074B0122FC
:1039E0001A70002070BD064C29462046FFF76FFF75
:1039F0002046FFF78AFFF4E7502A00203A220020F1
:103A0000681F002010B5074C002207492046FFF729
:103A100056FF06492046FFF75AFF0020044B187056
:103A200010BD00BF681F0020642A00204C2E00201B
:103A30003B22002008B5084B00221A704FF4806228
:103A400006490748FDF719FC4FF48062054906480E
:103A5000FDF713FC012008BD3B2200203C2600207E
:103A6000502A00203C2200203C2A002008B50248B1
:103A7000FDF774FC08BD00BF502A002000B583B0DC
:103A800000238DF8073001220DF107010348FDF7EF
:103A900032FC9DF8070003B05DF804FB502A0020BB
:103AA000014B1868704700BF240100200B4BD3F86E
:103AB000BC3263B10A4B187840B1084B93F89C3282
:103AC000DBB2032B05D1054B5B6823B170470020A7
:103AD0007047002070470020F8E700BF681F0020F3
:103AE0003B2200202DE9F04107460D46FFF7DEFF9F
:103AF00018B900263046BDE8F081FDF7E3F98046AD
:103B000000260AE0ACB9FFF7D1FF0028F2D0FDF79C
:103B1000D9F9A0EB0803632BECD8AE42EAD20948EE
:103B20008468FDF71BFC241A013CA542EAD82C4608
:103B3000E8E7224639460348FDF7B3FB274426440D
:103B4000E1E700BF3C2A002070B51C4B1B788BB905
:103B50001B48FDF703FC044610F03F0F02D138B1BB
:103B6000441E05D0174BD3F8BC32D3F81432ABB196
:103B7000002070BD14488468FDF7F0FB241A013C56
:103B80003F2CE5D90F4C11492046FFF7A0FE2046F7
:103B9000FFF7BBFE094B00221A70D9E70C4E2246F4
:103BA00031460748FDF7A7FB064D22463146284619
:103BB000FFF785FE2846FFF790FED9E73A2200205E
:103BC0003C2A0020681F0020502A00204C2E002094
:103BD000642A002012230B800048704760010020F7
:103BE00004230B80004870475C01002000239342AF
:103BF0001ED200B510E00CF1370C01F813C0000123
:103C00004FEA430C0CF1010C4FF0000E01F80CE0F0
:103C10000133DBB2934209D24FEA107CB0F1204F5E
:103C2000E9D20CF1300C01F813C0E8E75DF804FBB1
:103C30007047000038B50B4BD3F89005D3F8944586
:103C4000D3F89835C01800D138BD074D0822294651
:103C5000FFF7CCFF042205F110012046FFF7C6FF55
:103C6000F2E700BF0070FF1F4201002008B51A23D1
:103C70000B80FFF7DFFF014808BD00BF40010020B7
:103C800008B50A4628B90549054805F052FF03481A
:103C900008BD0249024805F04CFFF8E73432002025
:103CA00060E7000810B50A46034C2146034805F0BA
:103CB00040FF204610BD00BF3432002078E70008E6
:103CC00008B50A4628B90549054805F032FF0348FA
:103CD00008BD0249024805F02CFFF8E73432002005
:103CE0008CE7000808B50A4628B90549054805F0DB
:103CF00020FF034808BD0249024805F01AFFF8E713
:103D00003432002098E70008032805D8DFE800F0E7
:103D100005040205012070470320704702680E4B1E
:103D20009A4200D0704700B583B003F5DA339A6D3C
:103D300042F400029A659B6D03F400030193019B1A
:103D400000220621142000F0F7F9142000F004FAF4
:103D500003B05DF804FB00BF005C004008B500F54F
:103D60002671D0F8D80205F07DFA08BD08B501EB40
:103D7000810300EBC303D3F86421D0F8D80205F027
:103D80009DFA08BD08B501EB810300EBC3035A6A35
:103D9000D0F8D80205F0CEFA08BD08B5D0F8D802A0
:103DA00005F06EFB08BD10B504464379022B09D11E
:103DB0000121D4F8D80205F049FBD4F8D80205F067
:103DC00018FB10BDFDF782F8F2E7000010B50446BD
:103DD000D0F8D80205F03DFB637A23B1044A136999
:103DE00043F006031361034B00221A7010BD00BF9D
:103DF00000ED00E05436002008B5437A23B1054AAF
:103E0000136923F006031361D0F8D80205F02BFBE9
:103E100008BD00BF00ED00E010B503461C48C0F827
:103E2000D832C3F8C4021B4B03600823037102237A
:103E30004371C37101230372002343728372C372FF
:103E400002F0D6F908BB124C14230022114620467A
:103E500003F002F9542300228021204603F0FCF8ED
:103E6000942300228121204603F0F6F8D423002277
:103E70000121204603F0F0F84FF48A7300228221DA
:103E8000204603F0E9F8002010BDFDF71FF8DAE73F
:103E900058360020005C004008B5D0F8C40202F09B
:103EA00002FAFFF731FF08BD08B594461A4663468B
:103EB000D0F8C40202F093FFFFF726FF08BD08B553
:103EC000D0F8C40202F0CEFFFFF71EFF08BD08B510
:103ED000D0F8C40203F048F8FFF716FF08BD08B594
:103EE000D0F8C40203F079F8FFF70EFF08BDD0F850
:103EF000C43211F0800F08D101F07F0101EB810184
:103F000003EBC10393F85201704701F07F0101EB0D
:103F1000810103EBC103987C7047000008B5D0F81D
:103F2000C40202F070FEFFF7EFFE024B01221A708E
:103F300008BD00BF5436002008B5D0F8C40202F016
:103F4000EDFFFFF7E1FE08BD08B5D0F8C40202F0AE
:103F5000BFFFFFF7D9FE08BD08B5D0F8C40202F0D4
:103F6000D4FF08BD0048704734340020704700007B
:103F700010B5FDF755FE0446FFF76EF80440E4B2B5
:103F8000FFF772F90440FFF70DF90440FEF79AFFBE
:103F90000440FFF735F9022825D01448FFF7C2F88E
:103FA00013491448FFF7BEF813491448FFF7BAF84D
:103FB000FFF7FAF904400120FFF7CAFA0440FFF7BF
:103FC00093F904404FF461410020FFF7A3F9044046
:103FD000FDF7B0FE0440FEF7C5FB04400020FFF7EC
:103FE00067F8204610BDFFF711F9D6E7A8E70008EB
:103FF000C0E70008CCE70008E4E70008F0E70008A5
:1040000010B5032000F086F80020FDF757F810B136
:104010000124204610BD0446FCF7C0FFF9E700006C
:10402000034A1368034909680B441360704700BFD3
:104030003439002094010020014B1868704700BFFC
:104040003439002038B50446FFF7F6FF0546B4F1D1
:10405000FF3F02D0044B1B681C44FFF7EDFF401BE1
:10406000A042FAD338BD00BF94010020002807DB2E
:1040700000F01F02400901239340024A42F8203019
:10408000704700BF00E100E000280CDB00F01F02D9
:104090004009012393402030034A42F82030BFF307
:1040A0004F8FBFF36F8F704700E100E0002808DBFF
:1040B0000901C9B200F1604000F5614080F80013C9
:1040C000704700F00F000901C9B2014B1954704745
:1040D00014ED00E000B500F00700C0F1070CBCF1E2
:1040E000040F28BF4FF0040C031D062B0FD9C31E6D
:1040F0004FF0FF3E0EFA0CF021EA000199400EFA53
:1041000003FE22EA0E0241EA02005DF804FB0023EE
:10411000EEE70000074AD36823F4E0631B041B0C9E
:10412000000200F4E060034343F0BF6343F4003354
:10413000D360704700ED00E010B50446054BD86829
:10414000C0F30220FFF7C6FF01462046FFF7AEFF8F
:1041500010BD00BF00ED00E008B5FFF787FF08BD08
:1041600008B5FFF791FF08BD08B590F82530DBB220
:10417000022B09D00423C363012380F825300022D9
:1041800080F82420184608BD0268136823F00E0347
:1041900013600268136823F001031360826C1368D4
:1041A00023F480731360436C03F01F02016C01233E
:1041B00093404B60C36C026D5A60436D33B11A6813
:1041C00022F480721A60836DC26D5A60012380F8F8
:1041D0002530002380F82430836B13B198470020EA
:1041E000D1E70020CFE790F82500704710B40268AF
:1041F0001D4B9A4228D01D491D4B9A4226D001647E
:10420000D2F8803023F4F813446B43EA0443C2F835
:10421000803001F1700343640268D2F8803023F0EB
:104220007063846B43EA0463C2F8803001F1B00329
:10423000836401F5C473C36401F51873036501F564
:104240001E7343650B4607E00A49D5E701F5D461C3
:10425000D5E7002243F8042B01F554729A42F8D8AE
:104260005DF8044B704700BF0068004000A40040A8
:10427000006C004050A7004070B54C68ECB90D6967
:104280008C6825430C6845EA8445CC690E6A44EA8B
:1042900006648E6934434E693443CE6844EA06446A
:1042A000406D03EBC30300EBC30E40F83350CEF870
:1042B00004400EF1080E002019E00C698D682543BA
:1042C0000C68254345F08045DFE702EB000C9CF8C5
:1042D00003409CF802301B0443EA04639CF801404D
:1042E00043EA0423145C23434EF8043B0430CB68B8
:1042F000024CE35C8342E8D870BD00BF9CE9000833
:10430000002800F0E38038B5044690F85C30D3B163
:104310002268936923F010039361FFF78DFE054631
:1043200023689A6912F0080F12D0FFF785FE401B30
:104330000A28F5D9236E43F001032366032384F88A
:104340005C30012038BD80F85D30FEF7A3F9DFE76F
:104350009A6942F001029A61FFF76EFE05462368F2
:104360009A6912F0010F0DD1FFF766FE401B0A2873
:10437000F5D9236E43F001032366032384F85C30F0
:104380000120DFE79A6942F002029A612268504BED
:104390009A4242D0237C012B45D02268936943F096
:1043A00040039361637C012B43D02268936923F41B
:1043B00080439361A37C012B41D02268936943F42D
:1043C000805393612268936923F44073A1680B437F
:1043D00093612268936923F0A403936122681369AF
:1043E00023F010031361E368012B2ED0002B31D092
:1043F000022B54D02268936943F0800393612268B2
:10440000136943F010031361E368032B22D1226880
:10441000936943F0200393611CE06268A3F5806315
:10442000C3F80025B6E72268936923F0400393613F
:10443000B8E72268936943F480439361BAE722683E
:10444000936923F480539361BCE72268936943F036
:1044500004039361A3695A1EE369013B1B0243EA0B
:104460004263226A013A13436269013A216843EACE
:104470000243CB61A368B3F5407F16D02268D2F81F
:10448000C030E16B0B43C2F8C0302046FFF7AEFEF0
:104490000020A0652066012384F85C3052E7226882
:1044A000936943F020039361D4E7A36A013BE26A76
:1044B000013A43EA0223226B013A43EA0213626A99
:1044C000013A216843EA0243CB60D7E701207047F5
:1044D0000064004090F85C30013BDBB2012B05D951
:1044E000036E43F002030366012070470B68A3B11B
:1044F00010B4CA680B6943EA42724B698C6843EA9C
:104500008473406C496800EBC10C40F83120CCF852
:10451000043000205DF8044B70478A68CB68DB06E6
:1045200043EA82730A6943EA02434A691343026C0D
:10453000496842F821300020704790F85CC05FFA6B
:104540008CFCBCF1010F05D0036E43F0040303663D
:104550000120704710B40468D4F8800020F03F00B8
:10456000920042EA011242EA4303019A1A430243CB
:10457000C4F8802000205DF8044B704790F85C3050
:10458000DBB2012B05D0036E43F004030366012068
:104590007047036842EA01229A640020704790F84D
:1045A0005C30DBB2012B05D0036E43F004030366DD
:1045B000012070470268D36843F40003D3600020F1
:1045C000704790F85C30DBB2012B05D0036E43F0EE
:1045D0000403036601207047022380F85C30026800
:1045E000936923F001039361002303661846704723
:1045F00090F85C30DBB2022B39D10268936943F04A
:104600000103936100230268916911F0010F0CD13D
:104610000A2B01D80133F6E7036E43F0010303666A
:10462000032380F85C3001207047936923F0100366
:10463000936100230268916911F0080F0CD00A2BD6
:1046400001D80133F6E7036E43F001030366032349
:1046500080F85C3001207047936943F00203936156
:1046600000238365012280F85C2018467047036EA2
:1046700043F0080303660120704738B5044690F8FC
:104680005C30DBB2022B1BD10368D3F8C40010F4FA
:10469000001F05D0236E43F400732366012014E04D
:1046A000D3F8C450C5F301452B462046FFF7E4FD7F
:1046B00022680123AB40C2F8CC30A365002004E09F
:1046C000036E43F008030366012038BD70B590F80F
:1046D0005C40E4B2022C40F0958040290BD0046885
:1046E000D4F8985015F00F0F27D1036E43F4807360
:1046F000036601208BE00468D4F8905015F00F0F8A
:1047000005D1036E43F48073036601207FE0D4F883
:10471000906016F0807605D0D4F8806016F40076AC
:1047200000D00126D4F89040C4F301242644846CC0
:1047300006EBC60504EBC50E14E0D4F8986016F03D
:10474000807605D0D4F8806016F4807600D00126FB
:10475000D4F89840C4F301242644C46C06EBC60583
:1047600004EBC50EDEF8004004F08044546064BBE6
:10477000DEF80040C4F38A441460DEF8004004F020
:1047800000549460DEF8004004F000441461BEF868
:104790000440D461BEF8064004F00F04D460DEF893
:1047A000044004F480145461DEF8044004F400145E
:1047B00094619EF8074004F07F041462DEF8044020
:1047C000E40F54624FF0000C0CE0DEF8004024F0DF
:1047D00060441460D1E70EEB0C04247A03F80C401B
:1047E0000CF1010CD4680A4D2C5D6445F3D84029C6
:1047F00004D00368C3F89C60002008E00368C3F895
:104800009460F9E7036E43F008030366012070BD6E
:104810009CE9000803685B6C03F007020A60C3F3BD
:1048200002224A6003F018028A60C3F34012CA6091
:10483000C3F380120A61C3F3C0124A61C3F3C022FA
:104840008A61C3F30032CA61C3F340320A62C3F320
:1048500080324A62C3F306438B62002070470368CC
:104860001B6CDAB20A60C3F306224A60C3F3C0329B
:104870008A60C3F30743CB60002070470368D3F816
:10488000C40000F00700704790F85C30013BDBB2D9
:10489000012B05D9036E43F0020303660120704724
:1048A00070B40468A36D11F0070602D013F0010F75
:1048B00023D011F0380F02D013F0020F1DD011F4E5
:1048C000E07F02D013F0040F17D011F4F05F02D094
:1048D00013F0080F11D011F4604F02D013F0100F35
:1048E0000BD011F4403F02D013F0200F05D011F48B
:1048F0007C0F06D013F0400F03D1E56D45F00105A4
:10490000E56516B113F0010F23D111F0380F02D075
:1049100013F0020F1DD111F4E07F02D013F0040F49
:1049200017D111F4F05F02D013F0080F11D111F478
:10493000604F02D013F0100F0BD111F4403F02D0A2
:1049400013F0200F05D111F47C0F07D013F0400FA6
:1049500004D00468E36D43F00203E36511F0800FB7
:1049600005D00468D4F8DC301343C4F8DC3011F40B
:10497000807F05D00468D4F8E0301343C4F8E030F9
:104980000268536D0B435365002070BC704770473D
:1049900070477047704770477047704770472DE900
:1049A000F84F044603681A6D02F4E05A5A6D0AEA99
:1049B000020A1A6D02F007095A6D09EA02091A6D16
:1049C00002F038085A6D08EA02081E6D06F47106F6
:1049D0005A6D16401F6D07F460275A6D1740D3F8C3
:1049E00054B01D6D15F0400F02D01BF0400F41D1A7
:1049F00015F4807F02D01BF4807F40D1BAF1000F04
:104A00004AD1B9F1000F4FD1B8F1000F54D115F4CC
:104A1000007F02D01BF4007F56D115F0800F02D02A
:104A20001BF0800F58D115F4005F02D01BF4005F1B
:104A30005ED115F4004F02D01BF4004F60D115F485
:104A4000804F0AD01BF4804F07D023684FF4804278
:104A50001A65236E43F080032366002F58D126B1D8
:104A600023681E65236E33432366236E002B56D1C5
:104A7000BDE8F88F40221A65FFF790FFB8E723687A
:104A8000D3F8D810D3F8E0204FF4807018651140A7
:104A90002046FFF780FFB1E72368C3F850A05146D6
:104AA0002046FFF774FFACE72368C3F850904946EF
:104AB0002046FDF7D3FDA7E72368C3F850804146A1
:104AC0002046FFF765FFA2E723684FF400721A65DE
:104AD0002046FFF75EFFA0E72368D3F8D410D3F891
:104AE000DC208020186511402046FFF753FF9AE72D
:104AF00023684FF400521A652046FFF74DFF98E7F0
:104B000023684FF400421A652046FFF746FF96E7F8
:104B100023681F6539462046FDF782FD9FE7204642
:104B2000FDF784FDA4E70000F0B583B0002362E048
:104B300085685E000324B44025EA0405CC68B440CF
:104B40002C438460456825EA0C054C68C4F30014C6
:104B50009C402C4344605FE0DD08083550F8254058
:104B600003F0070C4FEA8C0C4FF00F0E0EFA0CFE00
:104B700024EA0E0E0C6904FA0CF444EA0E0440F820
:104B8000254060E0052400E0002404FA0EF42C43E4
:104B90000CF1020C554D45F82C40554CA568D443FA
:104BA00025EA02064F6817F4801F01D042EA050685
:104BB0004F4DAE60ED6804EA05064F6817F4001F1C
:104BC00001D042EA05064A4DEE606D6804EA05062A
:104BD0004F6817F4003F01D042EA0506444D6E606D
:104BE0002D682C404E6816F4803F01D042EA05043F
:104BF0003F4A146001330A6832FA03F474D04FF06C
:104C0000010C0CFA03FC1CEA0202F3D04C6804F01D
:104C10000304013C012C8BD94C6804F00304032CE1
:104C20000CD0C4685D004FF0030C0CFA05FC24EABC
:104C30000C0C8C68AC4044EA0C04C4604C6804F072
:104C40000304022C88D004684FEA430E4FF0030C93
:104C50000CFA0EFC24EA0C0C4C6804F0030404FA71
:104C60000EF444EA0C0404604C6814F4403FC1D0D4
:104C7000204C256E45F001052566246E04F00104E4
:104C80000194019C4FEA930C0CF10205174C54F867
:104C9000255003F0030E4FEA8E0E0F2404FA0EF493
:104CA00025EA0405B0F1904F3FF46EAF124CA042DC
:104CB00012D004F58064A04210D004F58064A042B4
:104CC0000ED004F58064A0420CD004F58064A042AC
:104CD0003FF458AF062458E7012456E7022454E76E
:104CE000032452E7042450E703B0F0BD0000014064
:104CF000000401400010024000040048002331FA83
:104D000003F200F08180F0B52EE0052500E00025DB
:104D100005FA0CF5A5425BD004685D004FF0030C6A
:104D20000CFA05FC44EA0C0404604FEAD30E0EF1C1
:104D3000080E50F82E4003F00706B6000F25B540C8
:104D400024EA050440F82E40C46824EA0C04C46038
:104D5000446824EA02024260826822EA0C0282600D
:104D6000013331FA03F24ED001229A4012EA0107D0
:104D7000F6D04FEA930E0EF10205244C54F825406C
:104D800003F0030C4FEA8C0C0F2505FA0CF63440A7
:104D9000B0F1904FBBD01E4DA84211D005F58065F3
:104DA000A8420FD005F58065A8420DD005F58065B5
:104DB000A8420BD005F58065A842A6D00625A7E736
:104DC0000125A5E70225A3E70325A1E704259FE721
:104DD000104C256825EA07052560656825EA070562
:104DE0006560E56825EA0705E560A56825EA070529
:104DF000A560064F0EF1020457F8245025EA060577
:104E000047F8245088E7F0BD704700BF000001401C
:104E100000040048000401400AB1816170478162CA
:104E20007047436901EA030221EA030141EA0241B2
:104E30008161704703689A6912F0020F01D0002265
:104E40009A6203689A6912F0010F03D19A6942F0DD
:104E500001029A61704710B4019CC1F3090141EA53
:104E600002411943214321F0004102685368640D57
:104E700004F4806444F07F7444F4583444F47F7440
:104E800044F0030423EA04030B4353605DF8044B2E
:104E9000704711F0010F09D090F8413003F028035A
:104EA000282B01D0F22302E0422300E0002311F07E
:104EB000020F09D043F0440C90F8412002F0280280
:104EC000282A09D043F0F40311F4004F06D1102929
:104ED00006D143F0900305E06346F5E743F0B803DD
:104EE000202907D0402908D001680A6822EA030374
:104EF0000B60704743F02003F6E743F04003F3E70D
:104F00002DE9F041044603689E6916F010067CD036
:104F10000D4690461022DA610026374623689869CC
:104F200010F0200F30D17FBBB5F1FF3FF6D0FFF777
:104F300083F8A0EB0800A84201D8002DEED121682B
:104F40004B6803F4804394F84220D2B2886910F48D
:104F5000004F02D00BB9202A0ED123689B6913F0B1
:104F6000200FDBD1FFF768F8A0EB08001928F4D96F
:104F700046F020060127D1E74B6843F480434B609D
:104F8000FFF75AF88046E8E70FB92022DA6146F0C9
:104F9000040601252268936913F4807F05D046F04A
:104FA00001064FF48071D161012513F4806F06D0A2
:104FB00046F0080622684FF48061D161012513F4A0
:104FC000007F24D046F0020623684FF40072DA61B5
:104FD00001252046FFF72EFF2268536823F0FF7358
:104FE00023F48B3323F4FF7323F001035360636CCA
:104FF00033436364202384F84130002384F8423033
:1050000084F840302846BDE8F0810025C2E7002D35
:10501000F8D0DEE770B504460D46164623689B6956
:1050200013F0020F22D1324629462046FFF768FFCF
:10503000F0B9B5F1FF3FF1D0FEF7FEFF801BA842AB
:1050400001D8002DEAD123689B6913F0020FE5D146
:10505000636C43F020036364202384F84130002311
:1050600084F8423084F84030012000E0002070BD18
:105070000120FCE72DE9F8430546884617461E4601
:10508000DDF820902B689C6938EA04040CBF0123EA
:105090000023BB4227D14A4631462846FFF730FF5E
:1050A00020BBB6F1FF3FEDD0FEF7C6FFA0EB090035
:1050B000B04201D8002EE5D12B689B6938EA030382
:1050C0000CBF01230023BB42DCD16B6C43F02003F7
:1050D0006B64202385F84130002385F8423085F841
:1050E0004030012000E00020BDE8F8830120FBE70C
:1050F0002DE9F04182B0044690461D46089E099F66
:10510000194B00934FF08073EAB2FFF7A4FE3A46C2
:1051100031462046FFF77EFFF8B9012D0ED12368F6
:105120005FFA88F29A620097334600228021204677
:10513000FFF7A0FFA8B902B0BDE8F08123684FEAED
:1051400018229A623A4631462046FFF763FF30B98B
:1051500023685FFA88F29A62E5E70120EBE7012015
:10516000E9E70120E7E700BF002000802DE9F041DA
:1051700082B0044690461D46089E099F184B009336
:105180000023EAB2FFF767FE3A4631462046FFF7B2
:1051900041FFF8B9012D0ED123685FFA88F29A62B7
:1051A00000973346002240212046FFF763FFA8B94D
:1051B00002B0BDE8F08123684FEA18229A623A46AD
:1051C00031462046FFF726FF30B923685FFA88F2A0
:1051D0009A62E5E70120EBE70120E9E70120E7E734
:1051E0000020008070B504460D46164604E0236892
:1051F0009B6913F0200F12D023689B6913F0200FD6
:105200001BD1324629462046FFF77AFEB8B9FEF791
:1052100013FF801BA842EAD8002DEDD1E7E7636CAD
:1052200043F020036364202384F84130002384F892
:10523000423084F84030012000E0002070BD0120A1
:10524000FCE700285FD010B5044690F84130002BF1
:1052500048D0242384F841302268136823F00103E6
:1052600013606368226823F0706313612268936897
:1052700023F400439360E368012B38D0A3682268CD
:1052800043F404439360E368022B36D022685368EA
:1052900023F4006353602268536843F0007343F4BF
:1052A000004353602268D36823F40043D36023692A
:1052B00062691343A169226843EA0123D360E36969
:1052C000216A22680B4313602268136843F00103CC
:1052D000136000206064202384F84130206384F848
:1052E000420010BD80F84030FDF76AFDB1E7A368C9
:1052F000226843F400439360C5E72268536843F48F
:1053000000635360C7E701207047A8B110B5044699
:10531000242380F841300268136823F001031360EE
:10532000FDF7A0FD0020606484F84100206384F84C
:10533000420084F8400010BD012070472DE9F0477D
:1053400082B00F460A9E90F84110C9B2202940F061
:10535000B78004469046994690F84030012B00F003
:10536000B3804FF0010A80F840A0FEF765FE0546C5
:105370000090192352464FF400412046FFF77AFE71
:10538000002840F0A380212384F84130102384F8C2
:10539000423000236364C4F82480A4F82A90636335
:1053A000638D9BB2FF2B1ED9FF2323854FF08073A3
:1053B000228DEAB1226898F800109162626A013287
:1053C0006262628D92B2013A92B26285228D013A96
:1053D00092B22285013241490091D2B2394620462B
:1053E000FFF739FD18E0638D23854FF00073DFE789
:1053F0003A490091D2B239462046FFF72CFD0BE026
:10540000628D92B22285002300934FF00073D2B2D6
:1054100039462046FFF71FFD638D9BB2002B33D02A
:105420002A4631462046FFF7F5FD002850D1626A32
:10543000236812789A62636A01336362638D9BB258
:10544000013B9BB26385238D013B9BB22385628D1B
:1054500092B2002AE0D0002BDED100953346002224
:1054600080212046FFF706FEA0BB638D9BB2FF2B79
:10547000C6D9FF222285002300934FF0807339465E
:105480002046FFF7E8FCC7E72A4631462046FFF7EB
:10549000A9FE08BB23682022DA6121684B6823F04B
:1054A000FF7323F48B3323F4FF7323F001034B606A
:1054B00084F84120002384F8423084F8403000E032
:1054C000022002B0BDE8F0870220FAE70120F8E7E9
:1054D0000120F6E70120F4E70120F2E70020008038
:1054E0002DE9F04F83B00E46BDF834A00E9D90F824
:1054F0004110C9B2202940F0BB800446904699462D
:105500000C9BCBB1BAF1000F16D090F84030012BB4
:1055100000F0B2804FF0010B80F840B0FEF78CFD38
:105520000746009019235A464FF400412046FFF7E2
:10553000A1FD30B101209CE04FF4007363640120B1
:1055400097E0212384F84130402384F8423000233F
:1055500063640C9A6262A4F82AA0636301970095C1
:105560004B46424631462046FFF7C2FD70B9638D77
:105570009BB2FF2B0FD9FF222285002300934FF00F
:10558000807331462046FFF766FC21E0002384F853
:10559000403058466DE0628D92B222850023009320
:1055A0004FF00073D2B231462046FFF754FC0FE0B3
:1055B000628D92B22285002300934FF00073D2B225
:1055C00031462046FFF747FC638D9BB2002B33D05A
:1055D0003A4629462046FFF71DFD00284ED1626A53
:1055E000236812789A62636A01336362638D9BB2A7
:1055F000013B9BB26385238D013B9BB22385628D6A
:1056000092B2002AE0D0002BDED100972B46002278
:1056100080212046FFF72EFD90BB638D9BB2FF2BB0
:10562000C6D9FF222285002300934FF080733146B4
:105630002046FFF710FCC7E73A4629462046FFF709
:10564000D1FDF8B923682022DA6121684B6823F084
:10565000FF7323F48B3323F4FF7323F001034B60B8
:1056600084F84120002384F8423084F8403000E080
:10567000022003B0BDE8F08F0220FAE70120F8E72E
:105680000120F6E70120F4E72DE9F04F83B00E4644
:10569000BDF834A00E9D90F84110C9B2202940F009
:1056A000BC800446904699460C9BCBB1BAF1000FE2
:1056B00016D090F84030012B00F0B3804FF0010B72
:1056C00080F840B0FEF7B8FC0746009019235A4610
:1056D0004FF400412046FFF7CDFC30B101209DE0A2
:1056E0004FF400736364012098E0222384F8413072
:1056F000402384F84230002363640C9A6262A4F869
:105700002AA06363019700954B46424631462046E6
:10571000FFF72CFD70B9638D9BB2FF2B0FD9FF22D1
:105720002285444B00934FF0807331462046FFF7AB
:1057300092FB21E0002384F8403058466EE0628DF1
:1057400092B222853B4B00934FF00073D2B23146A8
:105750002046FFF780FB0FE0628D92B22285002386
:1057600000934FF00073D2B231462046FFF773FB2F
:10577000638D9BB2002B34D000972B46002204216E
:105780002046FFF777FC00284DD123685A6A636AE8
:105790001A70636A01336362228D013A92B22285E4
:1057A000638D9BB2013B9BB26385638D9BB2002BE3
:1057B000DED0002ADCD100972B4680212046FFF75F
:1057C00059FC90BB638D9BB2FF2BC5D9FF2222856C
:1057D000002300934FF0807331462046FFF73BFBD8
:1057E000C6E73A4629462046FFF7FCFCF8B923688D
:1057F0002022DA6121684B6823F0FF7323F48B3396
:1058000023F4FF7323F001034B6084F8412000234D
:1058100084F8423084F8403000E0022003B0BDE854
:10582000F08F0220FAE70120F8E70120F6E70120D7
:10583000F4E700BF002400802DE9F04385B01D4649
:105840000023039390F84130DBB2202B40F0898095
:1058500006468846914603689B6913F4004F40F062
:10586000828090F84030012B7FD0012380F84030B7
:10587000242380F841300023436441E0C8F3090346
:1058800043F0007343F4005343E033689C69C4F36E
:1058900040149B69C3F30013C4B9BBB9B5F1FF3F12
:1058A000F3D0FEF7C9FBC01BA84201D8002DECD1F4
:1058B000202386F84130736C43F020037364002387
:1058C00086F84030012005B0BDE8F08333689B695D
:1058D00013F0100F2AD000972B46002220213046CB
:1058E000FFF7C8FB002844D133681022DA6133681F
:1058F0002022DA61039B01330393039B4B4526D29D
:10590000F368012BBAD0C8F3090343F0007343F4E2
:10591000205332685360FEF78FFB074633689C695B
:10592000C4F340149B69C3F30013B5E700972B46FB
:10593000002220213046FFF79DFBC0B932682023AA
:10594000D36186F84130002386F84030BBE786F803
:105950004120736C13437364002386F840300120A8
:10596000B1E70220AFE70220ADE70220ABE701205C
:10597000A9E70120A7E77047704710B50446036800
:105980001A68002180F8421012F4804F0ED01A6875
:1059900022F480421A6094F84130DBB2292B0DD0FA
:1059A00094F84130DBB22A2B18D010BD12F4004F0E
:1059B000F1D01A6822F400421A60ECE7282384F838
:1059C00041302123236301212046FFF762FA00239F
:1059D00084F840302046FFF7CEFFE6E7282384F81E
:1059E00041302223236302212046FFF752FA00238D
:1059F00084F840302046FFF7BFFFD6E77047F8B580
:105A0000044690F8413003F02803282B06D00368A1
:105A10000822DA61002380F84030F8BD03689E69EF
:105A2000C6F300469A69120C02F0FE059A68C2F3AA
:105A30000902DF6807F0FE07C168022922D185EA62
:105A4000D21515F0060F10D1816C01318164816C83
:105A50000229E2D1002181640820D86184F8401035
:105A600031462046FFF7CAFFD7E74FF40041FFF762
:105A700010FA002384F840303A4631462046FFF7BA
:105A8000BDFFCAE74FF40041FFF703FA002384F893
:105A900040302A4631462046FFF7B0FFBDE7704749
:105AA00010B50446174BC36200230363202280F81D
:105AB000412080F84230436311F0040F13D0036893
:105AC0005A6A436A1A70436A01334362038D53B1C1
:105AD000013B0385438D9BB2013B9BB24385436CE5
:105AE00043F00403436448F203012046FFF7D1F971
:105AF00023681022DA61002384F840302046FFF743
:105B0000CEFF10BD0000FFFF704708B590F8413090
:105B1000DBB2602B06D00023036380F84030FDF732
:105B200035F908BD202380F841300023036380F855
:105B30004030FFF7E9FFF4E710B5044690F8413034
:105B4000002280F842204548E0626285626C0A4388
:105B50006264283BDBB2022B19D803212046FFF7F1
:105B600098F9282384F841303D4B6363236BA26B83
:105B70001AB1112B30D0212B2ED0E26B1AB1122B7F
:105B80004BD0222B49D02046FFF7BFFF10BD48F273
:105B900003012046FFF77DF92046FFF74BF994F803
:105BA0004130DBB2602B14D0202384F841302368CD
:105BB0009A6912F0200F0CD09A6912F0100F05D0DC
:105BC0001022DA61636C43F00403636423682022CB
:105BD000DA6100236363C9E723681A6812F4804F0F
:105BE00003D01A6822F480421A60A06BFEF7FBFA19
:105BF00001280ED0A36B1B4A9A63002384F840301F
:105C0000A06BFEF7B1FA0028C0D0A06B836B984759
:105C1000BCE72046FFF779FFB8E723681A6812F45B
:105C2000004F03D01A6822F400421A60E06BFEF7BE
:105C3000DAFA01280ED0E36B0A4A9A63002384F84B
:105C40004030E06BFEF790FA00289FD0E06B836B4A
:105C500098479BE72046FFF758FF97E70000FFFFB4
:105C6000595E00080B600008F8B504460D4602684E
:105C70001668C76A90F841302021D161213B092B79
:105C80000CD8DFE803F0057A0B0B0B0B0B81057AC0
:105C900048F20101FFF7FDF82123236322685368CE
:105CA00043F4004353602268536823F0FF7323F4E6
:105CB0008B3323F4FF7323F0010353602046FFF777
:105CC000B9F816F4804F66D02268136823F4804335
:105CD0001360A36B1BB11B685B689BB2638515F0F7
:105CE000040F11D025F0040523685A6A636A1A70FC
:105CF000636A01336362238D33B1013B2385638D76
:105D00009BB2013B9BB26385638D9BB21BB1636CFD
:105D100043F00403636415F0100F13D016F0100F56
:105D200010D0638D9BB2002B5AD194F84130DBB276
:105D3000282B40D094F84130DBB2292B43D0236884
:105D40001022DA61002384F842306363636C002B15
:105D500056D1E36A13F5803F60D194F84130DBB24D
:105D6000222B6BD0202384F841300023236384F856
:105D700040302046FFF7FFFD5FE048F20201FFF7E9
:105D800088F82223236389E748F20301FFF781F8AB
:105D90000023236382E716F4004FA0D02268136823
:105DA00023F400431360E36B002B98D01B685B68FF
:105DB0009BB2638593E7B7F1007FBBD129462046AC
:105DC000FFF76EFEBEE717F5803FB8D023681022BC
:105DD000DA612046FFF72EF82046FFF7CEFDB1E747
:105DE00023681022DA61636C43F00403636417B123
:105DF000B7F1807FA6D1616C2046FFF79DFEA1E739
:105E0000616C2046FFF798FE94F84130DBB2282BF6
:105E100013D129462046FFF743FE0EE02046FFF748
:105E2000ACFD0C4BE362202384F841300023236354
:105E300084F840302046FFF732FEF8BD202384F876
:105E400041300023236384F840302046FFF794FD5F
:105E5000F3E700BF0000FFFF10B50446C06A94F8E6
:105E60004030012B00F09A80012384F8403011F07B
:105E7000200F02D012F0200F16D111F0100F3ED0DB
:105E800012F0100F3BD0638D9BB243BB94F84130AE
:105E9000DBB2282B0FD094F84130DBB2292B11D084
:105EA00023681022DA6102E02046FFF7DDFE0020C1
:105EB00084F8400010BDB0F1007FECD12046FFF720
:105EC000EFFDF4E710F5803FEAD023681022DA6195
:105ED0002046FEF7AFFF2046FFF74FFDE7E72368B8
:105EE0001022DA61636C43F00403636410B1B0F113
:105EF000807FDCD1616C2046FFF71EFED7E711F0F2
:105F0000040F1FD012F0040F1CD0638D9BB273B12D
:105F100023685A6A636A1A70636A01336362238D65
:105F2000013B2385638D9BB2013B9BB26385638DEF
:105F30009BB2002BBBD110F5803FB8D02046FFF7B5
:105F40001CFDB4E711F0080F02D012F0080F18D1B1
:105F500011F0020FABD012F0020FA8D0638D9BB2EC
:105F60009BB1626A236812789A62636A0133636242
:105F7000638D9BB2013B9BB26385238D013B2385DF
:105F800095E72046FFF73BFD91E7B0F1807F01D018
:105F900000288CD12046FFF7F0FC88E7022089E733
:105FA00010B502689369116813F4807F09D011F06D
:105FB000800F06D0446C44F0010444644FF48074B4
:105FC000D46113F4806F0AD011F0800F07D0426CB7
:105FD00042F00802426402684FF48064D46113F412
:105FE000007F0AD011F0800F07D0436C43F002030A
:105FF000436403684FF40072DA61416C11F00B0FD7
:1060000000D110BDFFF798FDFBE708B5806A836BF0
:106010000BB100229A63C36B0BB100229A63FFF7A6
:1060200074FD08BD034690F84120D2B2202A23D146
:1060300090F84020012A21D0012280F8402024221B
:1060400080F841200068026822F0010202601868AE
:10605000026822F4805202601868026811430160ED
:1060600019680A6842F001020A60202283F8412080
:10607000002083F8400070470220704702207047DC
:10608000034690F84120D2B2202A21D190F8402036
:10609000012A1FD0012280F84020242280F84120CC
:1060A0000068026822F0010202601868026822F4A7
:1060B000706242EA0122026019680A6842F0010235
:1060C0000A60202283F84120002083F840007047B6
:1060D000022070470220704738B512F4804F43D039
:1060E0000468B4F8503091F800C04FEACC0E1EFAA4
:1060F00083F32344B3F80244C4F309048B69A34235
:1061000028D31B1B8B618B697BB9056835F82C3054
:106110009BB223F4804323F0700383F4005343F4D1
:10612000004343F0800325F82C3012F0400F0ED0CE
:1061300002680D7832F825309BB223F4E04323F057
:10614000700343F4004343F0C00322F8253024B920
:10615000204638BD00238B61D5E723460A8949696B
:10616000006803F024F8F3E70468B4F8503091F8BD
:1061700000C04FEACC0E1EFA83F32344B3F8064462
:10618000C4F309048B69A3422FD31B1B8B618B695A
:106190007BB9056835F82C309BB223F4804323F09B
:1061A000700383F4005343F4004343F0800325F865
:1061B0002C3012F0400F0FD1026891F800C032F875
:1061C0002C309BB223F4E04323F0700343F40043EC
:1061D00043F0C00322F82C30002CB9D023464A8962
:1061E0004969006802F0E3FFB2E700238B61CEE764
:1061F000002856D010B5044690F891323BB10323E5
:1062000084F89132206802F0E3F8002315E080F86A
:106210009032FDF783FDF2E703EB830204EBC20249
:106220000121517413740021D17411625162013340
:1062300003EB8302D200A150DBB220799842EBD865
:10624000002316E003EB830204EBC202002182F874
:10625000511182F8503182F85311C2F86011C2F81E
:10626000641103EB830204EBC202C2F8681101332C
:10627000DBB29842E6D8234653F8040B93E80600B5
:1062800002F0B0F800232373012384F89132A37A3B
:10629000012B01D0002010BD204600F0F9FE0020A7
:1062A000F9E70120704790F89032012B0ED010B51D
:1062B0000446012380F89032006802F080F82068DC
:1062C00002F092FC002084F8900210BD022070477A
:1062D00070B505460C46164612F0400F00F02081BE
:1062E0000268B2F8503009784FEAC10C1CFA83F307
:1062F0001344B3F80224C2F30902A36993422CD9D0
:106300009B1AA361A06958B316F4804F0DD028687A
:1063100030F821309BB223F4E04323F0700343F4C0
:10632000404343F0800320F8213094F82430012BBF
:1063300000F08D802A68217832F821309BB223F456
:10634000E04323F0400383F0300343F4004343F081
:10635000800322F82130002070BD0023A361D1E723
:106360006378002B48D12A68B2F8503012FA83F3D0
:106370006344B3F80224C2F30902A3F80224B3F879
:1063800002246FEA42426FEA524292B2A3F8022418
:106390002A686378002B3BD1B2F8503012FA83F3AD
:1063A000227803EBC203B3F80624C2F30902A3F870
:1063B0000624B3F806246FEA42426FEA524292B2D0
:1063C000A3F80624E378022B2FD021782846FDF786
:1063D000D9FC16F4804FBED02A68217832F82130DB
:1063E0009BB223F4E04323F0700343F4404343F0B3
:1063F000800322F82130AEE7012BC9D12A68B2F818
:10640000503012FA83F363440022A3F80224BFE75A
:10641000012BD7D1B2F8503012FA83F3227803EB74
:10642000C2030022A3F80624CCE72A68217832F8B8
:1064300021309BB223F4E04323F0400383F0200398
:1064400043F4004343F0800322F82130BDE7636941
:1064500013446361E3691344E361216A2369994248
:106460001DD3C91A21626278002A44D12968B1F883
:10647000502011FA82F2217802EBC102B2F8021424
:10648000C1F30901A2F80214ABB9B2F802146FEA21
:1064900041416FEA514189B2A2F802142DE021B9BD
:1064A000002384F824301346DDE7002384F82430E9
:1064B00023620B46D7E73E2B0DD8590813F0010F86
:1064C00000D00131B2F8020480B2890289B20143DE
:1064D000A2F8021411E0580913F01F0F00D101387F
:1064E000B2F8021489B2800280B2014341F4004143
:1064F000A2F8021401E0012A06D09BB22289616948
:10650000286802F080FB15E72968B1F8502011FADD
:1065100082F2217802EBC10299B2A2F80214ECE7F0
:106520000268B2F850300978C80010FA83F31344B7
:10653000B3F80624C2F30902A369934246D39B1A17
:10654000A361A369002B44D016F4804F0DD12868B5
:1065500030F821309BB223F4E04323F0700343F47E
:10656000404343F0800320F8213094F82430012B7D
:106570007FF4E0AE636913446361E3691344E3614C
:10658000216A23699942C0F09C80C91A2162296856
:106590006278002A40F0C180B1F8502011FA82F2EE
:1065A000217802EBC102B2F80614C1F30901A2F886
:1065B0000614002B40F09180B2F806146FEA4141B6
:1065C0006FEA514189B2A2F80614A8E00023A36142
:1065D000B7E76378002B49D12A68B2F8503012FA35
:1065E00083F30344B3F80224C2F30902A3F802249C
:1065F000B3F802246FEA42426FEA524292B2A3F821
:1066000002242A686378002B3CD1B2F8503012FA89
:1066100083F3227803EBC203B3F80624C2F3090222
:10662000A3F80624B3F806246FEA42426FEA524206
:1066300092B2A3F80624E378022B30D021782846C2
:10664000FDF7A0FB16F4804F7FF485AE2A68217811
:1066500032F821309BB223F4E04323F0700343F47B
:10666000404343F0800322F8213074E6012BC8D167
:106670002A68B2F8503012FA83F303440022A3F8D8
:106680000224BEE7012BD6D1B2F8503012FA83F3C0
:10669000227803EBC2030022A3F80624CBE72A6882
:1066A000217832F821309BB223F4E04323F04003F9
:1066B00083F0200343F4004343F0800322F82130A9
:1066C000BCE721B9002384F8243013465FE7002398
:1066D000236284F824300B4659E73E2B0DD8590825
:1066E00013F0010F00D00131B2F8060480B2890224
:1066F00089B20143A2F8061411E0580913F01F0FE4
:1067000000D10138B2F8061489B2800280B2014388
:1067100041F40041A2F8061401E0012A06D09BB220
:1067200062896169286802F06EFA03E6B1F85020C8
:1067300011FA82F2217802EBC10299B2A2F8061492
:10674000EDE72DE9F04105462868B0F8443013F430
:10675000004F00F05582B0F84440A3B214F00F048B
:1067600040F09F8013F0100F4AD003889AB213F4C0
:10677000006F75D112F4004FE6D0038823F0700348
:106780001B051B0D43F0800303802868B0F85030D0
:1067900095F85021D20012FA83F30344B3F806347B
:1067A000C3F30903C5F86C318BB1D5F8641171B12D
:1067B000B5F8562102F0FBFCD5F86431D5F86C2110
:1067C0001344C5F8643100212846FDF7CFFA2A6842
:1067D000138899B213F4006FB6D101F44051B1F5AA
:1067E000405FB1D013889BB223F4804323F0700341
:1067F00083F4405343F4004343F080031380A3E742
:1068000003889BB223F4E14323F070036FEA434310
:106810006FEA53439BB203802968B1F850302A7C59
:10682000D20012FA83F30B44B3F80234C3F3090322
:10683000EB626A6A1A446A6200212846FDF7A2FAEE
:106840002B7B002B80D0AB6A002B7FF47DAF2B7BA2
:106850002A6843F08003A2F84C3000232B7373E7BF
:10686000B0F8503095F85021D20012FA83F3034467
:10687000B3F80634C3F30903C5F86C31B5F85621F3
:1068800005F5267102F093FC2A68138823F0700343
:106890001B051B0D43F0800313802846FDF75EFAAD
:1068A00052E730F824309EB213F4004F4ED116F068
:1068B000800F3FF449AF04EB8401C9001031294433
:1068C0002A6832F824309BB223F4E14323F07003AA
:1068D0006FEA43436FEA53439BB222F8243004EB40
:1068E000840305EBC303DB7C012B00F0E98016F485
:1068F000807F40F080812868B0F8503004EB84023B
:1069000005EBC202167CF20012FA83F30344B3F8DB
:106910000234C3F30903621C02EB820255F83220F1
:106920009A4240F24B81671C07EB8707D21A45F861
:106930003720621C02EB820255F83220002A40F018
:10694000448131462846FDF71DFAFDE630F8243033
:1069500023F070031B051B0D43F0800320F8243047
:1069600004EB8401C90001F5A87105EB010804EBF3
:10697000840305EBC30393F85C31002B40D12868F6
:10698000B0F8503004EB840205EBC20292F85021BB
:10699000D20012FA83F30344B3F80674C7F309076D
:1069A00017BB04EB840305EBC303D3F86C213A4413
:1069B000C3F86C21D3F864213A44C3F86421D3F8B6
:1069C00068313BB104EB840305EBC303D3F86031BA
:1069D0009F4270D204EB840305EBC30393F850117C
:1069E0002846FDF7C3F962E704EB840105EBC1011A
:1069F0003B46B1F85621D1F8641102F0D8FBD0E73C
:106A000004EB840305EBC30393F85331022B33D01B
:106A1000296804EB840205EBC20292F8500131F8B8
:106A200020309BB223F4E04323F0700343F400438F
:106A300043F0C00321F82030286892F8503130F834
:106A4000232012F4804F1ED0B0F85020DB0013FA40
:106A500082F30344B3F80274C7F30907002FA0D0F0
:106A600004EB840105EBC1013B46B1F85821D1F894
:106A7000641102F09CFB94E7324641462846FFF73A
:106A80002BFB07468DE7B0F85020DB0013FA82F3AA
:106A90000344B3F80674C7F30907002F81D004EB51
:106AA000840105EBC1013B46B1F85A21D1F86411CC
:106AB00002F07DFB75E74146286802F0B6F8F6E67D
:106AC000631C03EB8303DB000022EA5004EB840326
:106AD00005EBC3031B7F1BB316F0400F3BD004EB49
:106AE000840305EBC3035B7C1BBB2A68B2F8503000
:106AF00012FA83F304EB840205EBC202127C03EB6F
:106B0000C203B3F80224C2F30902A3F80224B3F8C3
:106B100002246FEA42426FEA524292B2A3F8022480
:106B200004EB840405EBC404217C2846FDF72AF914
:106B30000AE6012BF4D12A68B2F8503012FA83F336
:106B400004EB840205EBC202127C03EBC2030022B9
:106B5000A3F80224E4E72A6804EB840305EBC303EB
:106B60005B7CD3B9B2F8503012FA83F304EB8402A1
:106B700005EBC202127C03EBC203B3F80624C2F396
:106B80000902A3F80624B3F806246FEA42426FEA2A
:106B9000524292B2A3F80624C2E7012BC0D1B2F848
:106BA000503012FA83F304EB840205EBC202127C2C
:106BB00003EBC2030022A3F80624B1E7621C02EB38
:106BC0008202D2000027AF50B3E604EB840205EB4B
:106BD000C202566A1E445662013404EB840205EB7D
:106BE000C202526804EB840405EBC40413446360DE
:106BF00002F01BF8A8E532462846FFF769FBA3E53B
:106C00000020BDE8F08190F89032012B0CD010B537
:106C10000446012380F890320173006801F0DEFF22
:106C2000002084F8900210BD0220704710B5044681
:106C3000006801F0E4FF10F4004F23D110F4806FDE
:106C400024D110F4804F32D110F4005F39D110F408
:106C5000805F40D110F4006F67D110F0800F40F0DA
:106C6000818010F4007F40F0AD8010F4807F27D049
:106C70002268B2F844309BB223F480739BB2A2F82E
:106C800044301DE02046FFF75CFD19E02268B2F8B1
:106C900044309BB223F480639BB2A2F84430204678
:106CA000FDF781F800212046FFF7ADFF08E02268DC
:106CB000B2F844309BB223F480439BB2A2F8443034
:106CC00010BD2268B2F844309BB223F400539BB24B
:106CD000A2F84430F4E72268B2F840309BB223F0C7
:106CE00004039BB2A2F840302268B2F840309BB255
:106CF00023F008039BB2A2F8403094F8C832012B6D
:106D00000CD02046FDF778F82268B2F844309BB2E8
:106D100023F480539BB2A2F84430D1E7002184F8D9
:106D2000C812204600F0CAF9EBE72268B2F84030FA
:106D30009BB243F00803A2F840302268B2F8443016
:106D40009BB223F400639BB2A2F844302268B2F8ED
:106D500040309BB243F00403A2F840302046FDF7D8
:106D600035F8ADE72268B2F844309BB223F08003D7
:106D70009BB2A2F8443094F8C832FBB92268B2F84A
:106D800040309BB243F00403A2F840302268B2F8CE
:106D900040309BB243F00803A2F84030012184F850
:106DA000C8122368B3F85430C3F38D0303F03C03D7
:106DB000C4F8CC32204600F081F981E72046FDF787
:106DC00005F87DE72268B2F844309BB223F40073E3
:106DD0009BB2A2F844302046FCF7DFFF70E710B505
:106DE0000446084611F0800F27D101F0070C0CEB88
:106DF0008C01C90001F5A87E04EB0E010CEB8C0C94
:106E000004EBCC0C4FF0000E8CF851E100F00700C1
:106E10000870C2F30A020A61CB70022B1DD094F8ED
:106E20009032012B1CD0012384F89032206801F0AD
:106E3000EAFA002084F8900210BD01F0070C0CEB78
:106E40008C01C900103121440CEB8C0C04EBCC0CF0
:106E50004FF0010E8CF811E0D8E700230B71DEE74C
:106E60000220E9E710B504460A4611F0800F1FD151
:106E700001F0070000EB8003DB0003F5A873E118C5
:106E800000EB800004EBC000002380F8513102F0D9
:106E900007020A7094F89032012B17D0012384F86E
:106EA0009032206801F03CFD002084F8900210BD73
:106EB00001F0070000EB8003DB001033E11800EB6A
:106EC000800004EBC00001234374E0E70220EEE7FA
:106ED00010B501F0070C0CEB8C01C90001F5A8718D
:106EE0000CEB8C0E00EBCE0ECEF86421CEF86831A0
:106EF0000024CEF86C418EF851418EF850C1014407
:106F0000006801F092FE204610BD01F0070101EB80
:106F1000810100EBC100D0F86C01704738B501F079
:106F2000070C0CEB8C01C90010310CEB8C0E00EB44
:106F3000CE0ECEF824200CF1010202EB820440F8C0
:106F4000343001258EF83450CEF8303000EBC402D6
:106F5000002454608EF811508EF810C0014400686F
:106F600001F063FE204638BD0B4601F007020179AF
:106F700091422ED310B5044613F0800F1DD103EBC0
:106F80008301C90001F5A871014403EB830300EB01
:106F9000C303002083F8510101238B700A7094F819
:106FA0009032012B17D0012384F89032206801F031
:106FB000A2FD002084F8900210BD02EB8201C900FE
:106FC0001031014402EB820300EBC303012058742B
:106FD000E2E7012070470220EEE70B46017903F05B
:106FE0000F02914234D310B5044613F0800F21D123
:106FF00003F0070202EB8201C90001F5A871014408
:1070000002EB820200EBC202002082F85101002252
:107010008A7003F007030B7094F89032012B19D09B
:10702000012384F89032206801F08AFD002084F862
:10703000900210BD03F0070202EB8201C90010317B
:10704000014402EB820200EBC20201205074DEE731
:10705000012070470220ECE711F0800F0BD001F007
:10706000070101EB8101C9001031084452B90273D4
:10707000C3800020704701EB8101C90001F5A871B0
:107080000844F3E70122027303811B0C4381F0E7FC
:10709000034602680121C0F8D012002083F8C8021C
:1070A000B2F854309BB20B43A2F85430B2F85430CB
:1070B0009BB243F00203A2F85430704770470000BF
:1070C000024A136843F480731360704700700040F5
:1070D000002836D13E4B1B6803F4C063B3F5806FC4
:1070E00008D03B4AD2F8803023F48073C2F8803055
:1070F00000207047364AD2F8803023F48073C2F8FB
:107100008030136823F4C06343F400731360314B81
:107110001B68322202FB03F32F4AA2FB03239B0CC2
:10712000013300E0013B2A4A526912F4806F01D01A
:10713000002BF7D1264B5B6913F4806F44D10020FC
:107140007047B0F5007F08D0214A136823F4C0636C
:1071500043F480631360002070471D4B1B6803F4E9
:10716000C063B3F5806F08D0194AD2F8803043F479
:107170008073C2F8803000207047154AD2F8803002
:1071800043F48073C2F88030136823F4C06343F47F
:10719000007313600F4B1B68322202FB03F30E4A8D
:1071A000A2FB03239B0C013300E0013B084A526918
:1071B00012F4806F01D0002BF7D1054B5B6913F4FB
:1071C000806F03D100207047032070470320704771
:1071D000007000400400002083DE1B43024A9368D5
:1071E00043F480439360704700700040124BDA68AC
:1071F00002F00302DB68C3F303130133032A11D047
:107200000E48B0FBF3F00C4BDB68C3F3062303FB23
:1072100000F0094BDB68C3F3416301335B00B0FB53
:10722000F3F070470648B0FBF3F0034BDB68C3F3A1
:10723000062303FB00F0ECE7001002400024F400FA
:1072400000127A0038B5FCF7F7FE04462C4A1368A2
:1072500043F4807313602A4B1B6813F4806F07D1CB
:10726000FCF7EAFE001B0228F5D90324204638BDAE
:10727000234D6B6843F080436B60FCF7DDFE0446F2
:107280000123AB601E4B9B6803F00C03042B08D05A
:10729000FCF7D2FE001B41F288339842F2D9032456
:1072A000E4E7184B184A1A60184B1868F9F706FFFC
:1072B000044608B10124D9E7114B4FF480721A60DB
:1072C0001A60FCF7B9FE05460D4B1B6813F0007FF2
:1072D00006D0FCF7B1FE401B0228F5D90324C5E710
:1072E000074B4FF48052DA6000229A614FF0FF3270
:1072F0001A62D3F8942042F40002C3F89420B5E750
:1073000000100240040000200024F4009801002036
:10731000002800F04F8270B582B00446036813F075
:10732000010F37D0A44A936803F00C03D26802F02F
:1073300003020C2B23D0082B23D06368B3F5803FC6
:107340004ED0B3F5A02F51D09B4B1A6822F4803257
:107350001A601A6822F480221A606368002B52D0E7
:10736000FCF76AFE0546944B1B6813F4003F11D1ED
:10737000FCF762FE401B6428F5D9032023E2032AB0
:10738000D9D18D4B1B6813F4003F03D06368002BE9
:1073900000F01282236813F0020F5DD0864A9368D2
:1073A00003F00C03D26802F003020C2B3AD0042B3A
:1073B0003AD0E368002B75D07F4A136843F480739A
:1073C0001360FCF739FE05467B4B1B6813F4806F96
:1073D0005FD1FCF731FE401B0228F5D90320F2E112
:1073E000754A136843F480331360B6E703F18043B2
:1073F000A3F53C331A6842F480221A601A6842F4FA
:1074000080321A60A9E7FCF717FE05466A4B1B6835
:1074100013F4003FBED0FCF70FFE401B6428F5D9E3
:107420000320D0E1022AC2D1634B1B6813F4806FA2
:1074300003D0E368002B00F0C1815F4A536823F05A
:10744000FE43216943EA016353605C4B1868F9F716
:1074500035FE002840F0B481236813F0080F4CD0AB
:1074600063699BB3544AD2F8943043F00103C2F8E5
:107470009430FCF7E1FD05464F4BD3F8943013F000
:10748000020F3AD1FCF7D8FD401B0228F4D90320A3
:1074900099E1494A536823F0FE43216943EA0163B5
:1074A0005360D9E7444A136823F480731360FCF7F0
:1074B000C3FD0546404B1B6813F4806FCCD0FCF72E
:1074C000BBFD401B0228F5D903207CE13A4AD2F8E3
:1074D000943023F00103C2F89430FCF7ADFD05466B
:1074E000354BD3F8943013F0020F06D0FCF7A4FD0F
:1074F000401B0228F4D9032065E1236813F0040F30
:1075000000F081802C4B9B6D13F0805F36D12A4BAD
:107510009A6D42F080529A659B6D03F080530193FF
:10752000019B0125264B1B6813F4807F28D0A3689C
:10753000012B39D0052B45D01F4BD3F8902022F0DA
:107540000102C3F89020D3F8902022F00402C3F87F
:107550009020A368002B43D0FCF76EFD0646164B27
:10756000D3F8903013F0020F4CD1FCF765FD801B6F
:1075700041F288339842F2D9032024E10025D1E773
:107580000F4A136843F480731360FCF755FD0646F9
:107590000B4B1B6813F4807FC9D1FCF74DFD801B9A
:1075A0000228F5D903200EE1034AD2F8903043F0C7
:1075B0000103C2F89030CCE700100240980100208F
:1075C00000700040884BD3F8902042F00402C3F8CA
:1075D0009020D3F8902042F00102C3F89020B8E741
:1075E000FCF72AFD0646804BD3F8903013F0020FCB
:1075F00008D0FCF721FD801B41F288339842F2D974
:107600000320E0E0E5B9236813F0200F35D0A3692B
:10761000E3B1754AD2F8983043F00103C2F89830CC
:10762000FCF70AFD0546704BD3F8983013F0020FB3
:1076300023D1FCF701FD401B0228F4D90320C2E04E
:10764000694A936D23F080539365DCE7664AD2F86C
:10765000983023F00103C2F89830FCF7EDFC0546A2
:10766000614BD3F8983013F0020F06D0FCF7E4FC1E
:10767000401B0228F4D90320A5E0E369002B00F0A9
:10768000A180594A926802F00C020C2A64D0022BA5
:1076900013D0554A136823F080731360FCF7CCFCB9
:1076A0000446514B1B6813F0007F4ED0FCF7C4FC1E
:1076B000001B0228F5D9032085E04B4A136823F00C
:1076C00080731360FCF7B8FC0546474B1B6813F04A
:1076D000007F06D0FCF7B0FC401B0228F5D9032040
:1076E00071E0414AD36841491940236A606A013810
:1076F00043EA0013A06A43EA0023206B40080138E4
:1077000043EA4053606B4008013843EA4063E06A53
:1077100043EAC0631943D160136843F08073136078
:10772000D36843F08073D360FCF786FC04462E4B8D
:107730001B6813F0007F06D1FCF77EFC001B0228BB
:10774000F5D903203FE000203DE0274AD168284BCF
:107750000B40D360002036E0012B36D0224BDB6893
:1077600003F00301226A914231D103F0F002616A11
:107770000139B2EB011F2CD103F4FE42A16AB2EB36
:10778000012F28D103F07842E16AB2EBC16F24D116
:1077900003F4C001226B5208013AB1EB425F1ED1E3
:1077A00003F0C063626B5208013AB3EB426F18D129
:1077B000002008E001207047012004E0012002E0E1
:1077C000012000E0002002B070BD0120FBE7012095
:1077D000F9E70120F7E70120F5E70120F3E70120B1
:1077E000F1E70120EFE700BF001002400C809F018D
:1077F000FCFFEEFE1E4B9B6803F00C03042B33D002
:107800001B4B9B6803F00C03082B2FD0184B9B6875
:1078100003F00C030C2B01D000207047144BDA68E6
:1078200002F00302DB68C3F303130133032A11D010
:107830001048B0FBF3F00E4BDB68C3F3062303FBE9
:1078400000F00B4BDB68C3F3416301335B00B0FB1B
:10785000F3F070470848B0FBF3F0054BDB68C3F367
:10786000062303FB00F0ECE702487047024870472C
:10787000001002400024F40000127A00002800F0FA
:10788000E680F8B50C460546744B1B6803F00F0301
:107890008B420BD2714A136823F00F030B43136022
:1078A000136803F00F038B4240F0D3802E6816F06C
:1078B00001065FD06B68032B2FD0022B4DD0684B95
:1078C0001B6813F4806F00F0C680FFF793FF654BD1
:1078D00098424DD9624A936823F0F00343F0800345
:1078E000936080265E4A936823F0030369680B4324
:1078F0009360FCF7A1FB0746594B9B6803F00C0310
:107900006A68B3EB820F35D0FCF796FBC01B41F2DF
:1079100088339842F0D9032078E0514B1B6813F06C
:10792000007F01D1012071E0FFF760FC4D4B9842D0
:107930001AD94B4B9B6813F0F00F05D02E6816F048
:107940000206CFD0AB688BB9454A936823F0F003A9
:1079500043F0800393608026C4E7414B1B6813F417
:10796000003FB2D1012051E00026BBE70026B9E775
:107970000026B7E72B6813F0020F48D013F0040F6E
:1079800004D0374A936843F4E06393602B6813F0A4
:10799000080F06D0324A936823F47C5343F4E06323
:1079A00093602F4A936823F0F003A9680B43936018
:1079B0002A4B1B6803F00F03A34230D82B6813F047
:1079C000040F06D0264A936823F4E063E9680B436A
:1079D00093602B6813F0080F07D0214A936823F4B3
:1079E0006053296943EAC1039360FFF703FF1C4B0F
:1079F0009B68C3F303131C4AD35C03F01F03D840F6
:107A00001A4B18601A4B1868F9F758FBF8BD802E0E
:107A1000CED1134A936823F0F0039360C8E70F4A6E
:107A2000136823F00F0323431360FCF705FB06469E
:107A30000A4B1B6803F00F03A342BFD0FCF7FCFA0C
:107A4000801B41F288339842F2D90320DEE70120FF
:107A500070470120DAE70120D8E700BF002002408C
:107A60000010024000B4C40488E0000804000020B4
:107A700098010020014B1868704700BF04000020E7
:107A800008B5FFF7F7FF054B9B68C3F30223044AD1
:107A9000D35C03F01F03D84008BD00BF00100240B4
:107AA00080E000080F2303600B4B9A6802F003028A
:107AB00042609A6802F0F00282609A6802F4E06222
:107AC000C2609B68DB0803F4E0630361034B1B683F
:107AD00003F00F030B6070470010024000200240CB
:107AE000F0B583B00446036813F4002F6ED0354B15
:107AF0009B6D13F0805F1ED1324B9A6D42F0805225
:107B00009A659B6D03F080530193019B01262E4AD9
:107B1000136843F480731360FCF78EFA05462A4B12
:107B20001B6813F4807F08D1FCF786FA401B0228FB
:107B3000F5D9032502E00026E9E7002545BB214BE6
:107B4000D3F8903013F4407318D0226D9A4212D0BB
:107B50001C4AD2F8903023F44073D2F8901041F4CC
:107B60008031C2F89010D2F8901021F48031C2F820
:107B70009010C2F8903013F0010F10D145B9114A9E
:107B8000D2F8903023F44073216D0B43C2F890304B
:107B9000EEB10C4A936D23F08053936517E0FCF728
:107BA0004BFA0746074BD3F8903013F0020FE5D19C
:107BB000FCF742FAC01B41F288339842F2D9032500
:107BC000DCE700BF00100240007000400025236881
:107BD00013F0010F08D09F4AD2F8883023F0030336
:107BE00061680B43C2F88830236813F0020F08D095
:107BF000984AD2F8883023F00C03A1680B43C2F8EE
:107C00008830236813F0040F08D0924AD2F88830E5
:107C100023F03003E1680B43C2F88830236813F087
:107C2000080F08D08B4AD2F8883023F0C0032169AE
:107C30000B43C2F88830236813F0100F08D0854A30
:107C4000D2F8883023F4407361690B43C2F888305E
:107C5000236813F0200F08D07E4AD2F8883023F42E
:107C60004063A1690B43C2F88830236813F0400FCA
:107C700008D0784AD2F8883023F44053E1690B43A6
:107C8000C2F88830236813F0800F08D0714AD2F808
:107C9000883023F44043216A0B43C2F888302368BC
:107CA00013F4807F08D06B4AD2F8883023F4403335
:107CB000616A0B43C2F88830236813F4003F08D090
:107CC000644AD2F89C3023F00303A16A0B43C2F844
:107CD0009C30236813F4007F08D05E4AD2F88830C5
:107CE00023F44023E16A0B43C2F88830236813F47D
:107CF000806F0CD0574AD2F8883023F44013216BA0
:107D00000B43C2F88830236BB3F5801F79D023680A
:107D100013F4006F0CD04F4AD2F8883023F440039C
:107D2000616B0B43C2F88830636BB3F5800F6DD085
:107D3000236813F4805F0CD0464AD2F8883023F0D1
:107D40004073A16B0B43C2F88830A36BB3F1807F03
:107D500061D0236813F4005F0CD03E4AD2F888301B
:107D600023F04063E16B0B43C2F88830E36BB3F15F
:107D7000006F55D0236813F4804F0CD0354AD2F8E9
:107D8000883023F04063216C0B43C2F88830236CA9
:107D9000B3F1006F49D0236813F4004F0CD02D4A83
:107DA000D2F8883023F04053616C0B43C2F888301E
:107DB000636CB3F1805F3DD0236813F4803F0CD037
:107DC000244AD2F8883023F04043A16C0B43C2F818
:107DD0008830A36CB3F1804F31D0236813F4802F27
:107DE0000CD01C4AD2F89C3023F44013E16C0B43B6
:107DF000C2F89C30E36CB3F5001F25D0284603B0D1
:107E0000F0BDD36843F48013D36080E7D36843F4B4
:107E10008013D3608CE7D36843F48013D36098E772
:107E2000D36843F48013D360A4E7D36843F480138A
:107E3000D360B0E7D36843F48033D360BCE7D36842
:107E400043F48033D360C8E7D36843F48013D3602E
:107E5000D4E700BF0010024038B5044603680A4A60
:107E6000DA60FCF7E9F805462368DB6813F0200FB9
:107E700007D1FCF7E1F8401BB0F57A7FF4D9032075
:107E800000E0002038BD00BF5F00010070B503684E
:107E9000DA6812F0400F02D00025284670BD044673
:107EA000DA6842F08002DA60FCF7C6F80646002580
:107EB0002368DB6813F0400FEFD1032DEDD0FCF702
:107EC000BBF8831BB3F57A7FF2D9032584F82550DC
:107ED000EEE710B504460268D36823F08003D36050
:107EE00003689A6912F0200F06D1FFF7B5FF90B131
:107EF000032084F825000EE09A6922F020029A619E
:107F0000FFF7AAFF10B1032084F8250022689369C7
:107F100043F02003936110BD00284CD038B50446CF
:107F200090F8253063B1022384F825302368DA689D
:107F300012F0100F09D00020012384F8253038BD3D
:107F400080F82430FBF7BEF9EDE7CA225A622368B5
:107F500053225A622046FFF799FF28B12368FF2277
:107F60005A620028EBD1E7E72268936923F08E6319
:107F700023F04003936121688A69636820690343A1
:107F8000A069034313438B61E368A168226843EA55
:107F9000014313612046FFF79CFF0028DED12168D2
:107FA0008B6923F06043226AE5692A4365692A43A5
:107FB00013438B61D2E701207047890001F18041B2
:107FC00001F514510A607047890001F1804101F503
:107FD000145108687047704790F83D30DBB2012BB0
:107FE0003AD1022380F83D300268D36843F00103A0
:107FF000D36003681B4A934220D0B3F1804F1DD059
:10800000A2F59432934219D002F58062934215D0C2
:1080100002F58062934211D002F5943293420DD062
:1080200002F54062934209D002F58052934205D096
:108030001A6842F001021A600020704799680A4AE3
:108040000A40062A0AD0B2F5803F09D01A6842F0E9
:1080500001021A600020704701207047002070471D
:1080600000207047002C0140070001007047704756
:108070007047704770B505460368DE681C6914F0E8
:10808000020F10D016F0020F0DD06FF002021A612D
:108090000123037703689B6913F0030F7CD0FFF77C
:1080A000E6FF00232B7714F0040F12D016F0040F14
:1080B0000FD02B686FF004021A6102232B772B6814
:1080C0009B6913F4407F6DD02846FFF7D0FF002353
:1080D0002B7714F0080F12D016F0080F0FD02B6872
:1080E0006FF008021A6104232B772B68DB6913F009
:1080F000030F5ED02846FFF7BAFF00232B7714F05A
:10810000100F12D016F0100F0FD02B686FF0100266
:108110001A6108232B772B68DB6913F4407F4FD05B
:108120002846FFF7A4FF00232B7714F0010F02D09D
:1081300016F0010F4BD114F4025F02D016F0800F3D
:108140004DD114F4807F02D016F0800F4FD114F07F
:10815000400F02D016F0400F51D114F0200F02D082
:1081600016F0200F53D114F4801F02D016F4801F94
:1081700055D114F4001F02D016F4001F57D114F487
:10818000800F02D016F4800F59D114F4000F02D0E2
:1081900016F4000F5BD170BDFFF768FF2846FFF7AC
:1081A00067FF7EE72846FFF761FF2846FFF760FF7D
:1081B0008DE72846FFF75AFF2846FFF759FF9CE74F
:1081C0002846FFF753FF2846FFF752FFABE72B681F
:1081D0006FF001021A612846F8F7C0FFABE72B6881
:1081E0006FF402521A61284600F0E3F8A9E72B6801
:1081F0006FF480721A61284600F0DCF8A7E72B685C
:108200006FF040021A612846FFF733FFA5E72B689D
:108210006FF020021A61284600F0CAF8A3E72B6825
:108220006FF480121A61284600F0C5F8A1E72B68A8
:108230006FF400121A61284600F0BEF89FE72B6821
:108240006FF480021A61284600F0B7F89DE72B68AA
:108250006FF400021A61284600F0B0F89BE70000B6
:1082600003683A4A904216D0B0F1804F13D0A2F57D
:10827000943290420FD002F5806290420BD002F50A
:108280008062904207D002F59432904203D002F50A
:10829000E052904203D123F070034A6813432B4A03
:1082A000904222D0B0F1804F1FD0A2F5943290427C
:1082B0001BD002F58062904217D002F58062904296
:1082C00013D002F5943290420FD002F540629042F2
:1082D0000BD002F58062904207D002F58062904296
:1082E00003D002F50062904203D123F44073CA68C0
:1082F000134323F080034A69134303608B68C3620E
:108300000B688362114B984213D003F500639842C7
:108310000FD003F5406398420BD003F58063984279
:1083200007D003F58063984203D003F500639842B9
:1083300001D10B69036301234361036913F0010F4A
:1083400003D0036923F0010303617047002C01404F
:1083500060B310B5044690F83D3013B3022384F89F
:108360003D30214651F8040BFFF77AFF012384F8D2
:10837000483084F83E3084F83F3084F8403084F848
:10838000413084F8423084F8433084F8443084F833
:10839000453084F8463084F8473084F83D3000207A
:1083A00010BD80F83C30FFF716FED7E7012070477C
:1083B0007047704770477047704770477047034673
:1083C0000020A3F844004BF68072A3F840207047C9
:1083D000B0F8403023F47E535B045B0CA0F84030CF
:1083E0000020704782B0034602A800E9060001227F
:1083F000A3F840200020A3F84000A3F84400A3F80D
:10840000500002B0704710B5034691F800C030F834
:108410002C2092B222F4EC4222F0700292B2C87880
:10842000032861D8DFE800F0555C0258002048F2CC
:10843000800E42EA0E0223F82C2091F800C033F897
:108440002C2092B222F4E04222F070024CEA0202A6
:1084500042EA0E0223F82C200A7B002A40F0DC803E
:108460004A78002A51D0B3F8502013FA82F20C78DF
:1084700002EBC402B1F806C04FEA5C0C4FEA4C0CA8
:10848000A2F800C40C7833F8242012F0400F0CD06E
:1084900033F8242092B222F4E04222F0700242F437
:1084A000004242F0C00223F82420CA78012A1DD0DD
:1084B000097833F8212092B222F4E04222F04002FF
:1084C00082F0200242F4004242F0800223F8212090
:1084D000C3E142F40072AAE742F4C0620020A6E7BA
:1084E00042F480620020A2E70120A0E7097833F877
:1084F000212092B222F4E04222F0400242F40042F3
:1085000042F0800223F82120A7E1B3F8502013FAAB
:1085100082F20C7802EBC402B1F806C04FEA5C0CA0
:108520004FEA4C0CA2F804C4B3F8502013FA82F2BC
:108530000C7802EBC402B2F806C4CCF3090CA2F822
:1085400006C40C6974BBB2F806C46FEA4C4C6FEAFF
:108550005C4C1FFA8CFCA2F806C40C7833F824207B
:1085600012F4804F0CD033F8242092B222F4E0426F
:1085700022F0700242F4404242F0800223F82420AC
:108580000978C9BB33F8212092B222F4804222F04C
:10859000700282F4405242F4004242F0800223F81A
:1085A00021205AE13E2C12D84FEA540C14F0010F4E
:1085B00001D00CF1010CB2F80644A4B24FEA8C2CA5
:1085C0001FFA8CFC44EA0C04A2F80644C5E74FEA03
:1085D000541C14F01F0F01D10CF1FF3CB2F80644FB
:1085E000A4B24FEA8C2C1FFA8CFC44EA0C0444F42D
:1085F0000044A2F80644B0E733F8212092B222F4F6
:10860000804222F0700282F4005242F4004242F0B2
:10861000800223F8212020E1CA78022A74D091F840
:1086200000C033F82C2092B222F4E24222F0700211
:1086300042F4004242F0800223F82C20B3F850208C
:1086400013FA82F291F800C002EBCC02B1F808C034
:108650004FEA5C0C4FEA4C0CA2F800C4B3F850206F
:1086600013FA82F291F800C002EBCC02B1F80AC012
:108670004FEA5C0C4FEA4C0CA2F804C44A78002A7A
:1086800040F0F7800C7833F8242012F4804F0CD09F
:1086900033F8242092B222F4E04222F0700242F435
:1086A000404242F0800223F824200C7833F8242042
:1086B00012F0400F0CD033F8242092B222F4E042A2
:1086C00022F0700242F4004242F0C00223F824205B
:1086D0004A78002A51D1B3F8502013FA82F20C786C
:1086E00002EBC402B2F80244C4F30904A2F8024443
:1086F0000C69C4B9B2F802446FEA44446FEA5444C6
:10870000A4B2A2F802443AE00C7833F8242092B2E2
:1087100022F4E04222F0700242F4014242F0800270
:1087200023F824208AE73E2C12D84FEA540C14F088
:10873000010F01D00CF1010CB2F80244A4B24FEACF
:108740008C2C1FFA8CFC44EA0C04A2F8024416E0BC
:108750004FEA541C14F01F0F01D10CF1FF3CB2F88A
:108760000244A4B24FEA8C2C1FFA8CFC44EA0C049D
:1087700044F40044A2F8024401E0012A1BD04A78E4
:10878000002A4DD1B3F8502013FA82F20C7802EB94
:10879000C402B2F80644C4F30904A2F806440C6902
:1087A000A4B9B2F806446FEA44446FEA5444A4B250
:1087B000A2F8064436E0B3F8502013FA82F20C789F
:1087C00002EBC4020C8AA2F80244D8E73E2C12D86D
:1087D0004FEA540C14F0010F01D00CF1010CB2F867
:1087E0000644A4B24FEA8C2C1FFA8CFC44EA0C0419
:1087F000A2F8064416E04FEA541C14F01F0F01D1F2
:108800000CF1FF3CB2F80644A4B24FEA8C2C1FFADC
:108810008CFC44EA0C0444F40044A2F8064401E051
:10882000012A1BD091F800C033F82C2092B222F418
:10883000804222F0700282F4405248F280042243C7
:1088400023F82C20097833F8212092B222F4E04258
:1088500022F04002224323F8212010BDB3F850201B
:1088600013FA82F20C7802EBC4020C8AA2F80644D6
:10887000D8E70C7833F8242012F4804F0CD033F86A
:10888000242092B222F4E04222F0700242F44042EC
:1088900042F0800223F824200C7833F8242012F0D0
:1088A000400F0CD033F8242092B222F4E04222F0A0
:1088B000700242F4004242F0C00223F82420CA7839
:1088C000012A1ED00C7833F8242092B222F4E04220
:1088D00022F0400282F0200242F4004242F0800284
:1088E00023F82420097833F8212092B222F4804220
:1088F00022F0700242F4004242F0800223F821206C
:10890000ABE70C7833F8242092B222F4E04222F054
:10891000400242F4004242F0800223F82420E1E7C2
:108920000B7B002B46D14B7813B30A7830F82230FA
:1089300013F0400F0CD030F822309BB223F4E04308
:1089400023F0700343F4004343F0C00320F82230C7
:108950000A7830F822309BB223F4E04323F040033E
:1089600043F4004343F0800320F822300020704796
:108970000A7830F8223013F4804F0CD030F82230CF
:108980009BB223F4E04323F0700343F4404343F0ED
:10899000800320F822300A7830F822309BB223F48A
:1089A000804323F0700343F4004343F0800320F836
:1089B0002230DBE74B78002B4ED10A7830F822309A
:1089C00013F4804F0CD030F822309BB223F4E043F4
:1089D00023F0700343F4404343F0800320F8223037
:1089E0000A7830F8223013F0400F0CD030F82230E3
:1089F0009BB223F4E04323F0700343F4004343F0BD
:108A0000C00320F822300A7830F822309BB223F4D9
:108A1000E04323F0700343F4004343F0C00320F825
:108A200022300A7830F822309BB223F4804323F0BE
:108A3000700348F2800C43EA0C0320F822300A78D5
:108A400030F822309BB223F4E04323F0400343EAA2
:108A50000C0320F8223089E70A7830F8223013F42A
:108A6000804F0CD030F822309BB223F4E04323F047
:108A7000700343F4404343F0800320F822300A7827
:108A800030F8223013F0400F0CD030F822309BB277
:108A900023F4E04323F0700343F4004343F0C003A6
:108AA00020F822300A7830F822309BB223F4E043D9
:108AB00023F0700343F4404343F0800320F8223056
:108AC0000A7830F822309BB223F4E04323F04003CD
:108AD00048F2800C43EA0C0320F822300A7830F880
:108AE00022309BB223F4804323F0700343EA0C034B
:108AF00020F822303AE74B788BB10A7830F82230F0
:108B00009BB223F4E04323F0400383F0100343F4CB
:108B1000004343F0800320F82230002070470A7899
:108B200030F822309BB223F4804323F0700383F4A7
:108B3000805343F4004343F0800320F82230ECE7F5
:108B40004B7833B30A7830F8223013F0400F0CD052
:108B500030F822309BB223F4E04323F0700343F457
:108B6000004343F0C00320F82230CB78012B33D0F0
:108B70000A7830F822309BB223F4E04323F040031C
:108B800083F0200343F4004343F0800320F82230B5
:108B900022E00A7830F8223013F4804F0CD030F8FD
:108BA00022309BB223F4E04323F0700343F44043AC
:108BB00043F0800320F822300A7830F822309BB24C
:108BC00023F4804323F0700383F4405343F40043C1
:108BD00043F0800320F822300020704711B9802331
:108BE000A0F84C3000207047B0F858306FEA43438B
:108BF0006FEA53439BB2A0F8583000207047B0F89A
:108C0000440080B2704701335B08024402F5806281
:108C100008E0087891F801C040EA0C2022F8020B25
:108C20000231013B002BF4D1704770B505460C466C
:108C30004B78012B1AD00B7B002B40F092828B6972
:108C4000002B40F06582CB78002B40F061820A78DF
:108C500030F822309BB223F4E04323F0700343F456
:108C6000014343F0800320F822305FE28E690A69F5
:108C7000964200D91646217B41B3E178022947D0BC
:108C8000226A921B2262227835F8221011F0400FDE
:108C900000F0F681002B40F0E381B5F8503015FA72
:108CA00083F303EBC202B2F80634C3F30903A2F85C
:108CB0000634002E40F0B481B2F806346FEA434324
:108CC0006FEA53439BB2A2F80634D2E1B6B2334600
:108CD000E28861692846FFF796FFB5F8503015FA2B
:108CE00083F3227803EBC203A3F80264227835F8F9
:108CF00022309BB223F4E04323F0400383F030039F
:108D000043F4004343F0800325F82230002024E29E
:108D1000236A9A4280F06681227835F822309BB22D
:108D200023F4E04323F0700343F4014343F0800352
:108D300025F82230236A9B1B2362237835F82320F1
:108D400012F0400F00F0A7806278B2BBB5F8502057
:108D500015FA82F202EBC303B3F80624C2F3090248
:108D6000A3F806244EB9B3F806246FEA42426FEA2C
:108D7000524292B2A3F8062421E03E2E0DD872088A
:108D800016F0010F00D00132B3F8061489B2920236
:108D900092B20A43A3F8062411E0710916F01F0FDE
:108DA00000D10139B3F8062492B2890289B20A438C
:108DB00042F40042A3F8062401E0012A29D0B3B20C
:108DC000628961692846FFF71EFF63693344636166
:108DD000236A2269934226D99B1B23626378002B66
:108DE00045D1B5F8503015FA83F3227803EBC2036E
:108DF000B3F80224C2F30902A3F80224BEB9B3F8FF
:108E000002246FEA42426FEA524292B2A3F802246D
:108E10002FE0B5F8502015FA82F202EBC303B2B28C
:108E2000A3F80624CBE7002222621E46D6E73E2E98
:108E30000DD8720816F0010F00D00132B3F80214F9
:108E400089B2920292B20A43A3F8022411E0710996
:108E500016F01F0F00D10139B3F8022492B2890233
:108E600089B20A4342F40042A3F8022401E0012B34
:108E700006D0B3B2228961692846FFF7C4FE35E700
:108E8000B5F8503015FA83F3227803EBC203B2B27F
:108E9000A3F80224EDE76278B2BBB5F8502015FACA
:108EA00082F202EBC303B3F80224C2F30902A3F86F
:108EB00002244EB9B3F802246FEA42426FEA5242EA
:108EC00092B2A3F8022421E03E2E0DD8720816F0CB
:108ED000010F00D00132B3F8021489B2920292B2AB
:108EE0000A43A3F8022411E0710916F01F0F00D104
:108EF0000139B3F8022492B2890289B20A4342F4DA
:108F00000042A3F8022401E0012A29D0B3B2228949
:108F100061692846FFF777FE636933446361236A1A
:108F20002269934226D99B1B23626378002B45D18B
:108F3000B5F8503015FA83F3227803EBC203B3F887
:108F40000624C2F30902A3F80624BEB9B3F8062426
:108F50006FEA42426FEA524292B2A3F806242FE02F
:108F6000B5F8502015FA82F202EBC303B2B2A3F8AF
:108F70000224CBE7002222621E46D6E73E2E0DD801
:108F8000720816F0010F00D00132B3F8061489B24E
:108F9000920292B20A43A3F8062411E0710916F076
:108FA0001F0F00D10139B3F8062492B2890289B2A9
:108FB0000A4342F40042A3F8062401E0012B06D044
:108FC000B3B2628961692846FFF71DFE8EE6B5F8E7
:108FD000503015FA83F3227803EBC203B2B2A3F840
:108FE0000624EDE7217835F8212092B222F4E242FE
:108FF00022F0700242F4004242F0800225F8212063
:10900000B5F8502015FA82F2217802EBC1029BB22A
:10901000A2F80234228961692846FFF7F4FD65E66B
:109020003E2E0DD8730816F0010F00D00133B2F8B0
:10903000061489B29B029BB20B43A2F8063418E0D7
:10904000710916F01F0F00D10139B2F806349BB236
:10905000890289B20B4343F40043A2F8063408E0C6
:10906000B5F8503015FA83F303EBC203B2B2A3F89C
:109070000624B3B2628961692846FFF7C4FD35E66C
:10908000B3BBB5F8503015FA83F303EBC202B2F864
:109090000234C3F30903A2F802344EB9B2F8023421
:1090A0006FEA43436FEA53439BB2A2F8023428E0CD
:1090B0003E2E0DD8730816F0010F00D00133B2F820
:1090C000021489B29B029BB20B43A2F8023418E04F
:1090D000710916F01F0F00D10139B2F802349BB2AA
:1090E000890289B20B4343F40043A2F8023408E03A
:1090F000B5F8503015FA83F303EBC203B2B2A3F80C
:109100000224B3B2228961692846FFF77CFDEDE5B0
:10911000227835F822309BB223F4E24323F0700327
:1091200043F4004343F0800325F82230A369226909
:10913000934213D99B1AA361227835F822309BB24F
:1091400023F4804323F0700383F4405343F400433B
:1091500043F0800325F82230002070BD0023A36176
:10916000EAE7CB78022B04D0012B1ED100238B61C0
:10917000E2E7CB69002BDFD00A7830F8221044F206
:10918000400303EA01008B4301D00028D4D135F815
:1091900022309BB223F4E04323F0700343F40043F6
:1091A00043F0C00325F82230C6E70120D5E710B40C
:1091B0005C08024402F5806207E032F8020B087096
:1091C000C0F3072048700231013C002CF5D113F0A8
:1091D000010F01D013880B705DF8044B704798B1F4
:1091E00008B503460020C3F8B802C3F8C002C3F8AC
:1091F000CC0209B1C3F8B412012183F89C121A7091
:109200001846FAF709FE08BD0320704710B582B072
:109210000023ADF8063061B10446C0F8B812CB6A3D
:109220004BB10DF106009847C4F8CC02002002B003
:1092300010BD0320FBE70020F9E708B5FAF72CFE84
:1092400008BD08B5D0F8B83213B11B68984708BDFF
:109250000320FCE708B5D0F8B8320BB15B6898473B
:10926000002008BD38B5044600F2AA25284600F0C3
:109270002FF90123C4F89432B4F8B032C4F898320C
:1092800094F8AA1201F01F03012B07D0022B0AD079
:1092900073B92946204600F0EAFA38BD294620462F
:1092A00000F01DFBF9E72946204600F04CFBF4E7EF
:1092B00001F080012046FAF70AFEEEE738B50446D1
:1092C0000D4641BB1346D0F89422032A01D008462C
:1092D00038BDD0F85C11D0F86021914209D890F8DF
:1092E0009C32DBB2032B0FD0204600F06BFC2846EB
:1092F000EEE7891AC0F85C118A4228BF0A4619466F
:1093000000F058FC2846E3E7D0F8B8321B69002B80
:10931000EAD09847E8E790F89C32DBB2032B01D003
:109320000020D5E7D0F8B8329B690BB19847CFE75A
:109330000020CDE738B504460D4600294AD1134632
:10934000D0F89422022A05D094F8A032012B3CD008
:10935000284638BDC269016A8A420ED88A4218D0AE
:1093600094F89C32DBB2032B27D080212046FAF7F9
:10937000AEFD204600F031FCE6E7521AC261194604
:1093800000F001FC00231A4619462046FAF7DCFDDE
:10939000DAE783699942E3D8D0F898229342DFD282
:1093A0000022114600F0EFFB0021C4F898120B4692
:1093B0000A462046FAF7C8FDC6E7D4F8B832DB689B
:1093C000002BD2D020469847CFE7002384F8A03264
:1093D0002846BEE790F89C32DBB2032B01D0002078
:1093E000B7E7D0F8B8325B690BB19847B1E7002016
:1093F000AFE7012380F89C320023C0F89432436029
:10940000C0F8A432D0F8B832F3B170B50446D0F841
:10941000BC221AB15B680BB100219847402300229F
:1094200011462046FAF740FD0126A4F86461402564
:10943000C4F860512B46002280212046FAF734FD03
:10944000A6842562002070BD0320704701740020AF
:10945000704790F89C32DBB280F89D32042380F88C
:109460009C320020704790F89C32DBB2042B01D074
:109470000020704790F89D32DBB280F89C32F7E70D
:10948000D0F8B82262B108B590F89C32DBB2032B59
:1094900001D0002008BDD36923B198470020F9E727
:1094A000032070470020F5E70346002002E001306A
:1094B000C0B201331A78002AF9D1704708B54B8839
:1094C000012B00D008BDC0F8A43200F07BFBF9E707
:1094D0000B7803704B7843708B78CA7843EA022389
:1094E00043800B794A7943EA022383808B79CA79D6
:1094F00043EA0223C380704710B504468021FAF77F
:10950000E6FC00212046FAF7E2FC10BD30B583B03E
:1095100004460D460023ADF806304A88130A013B85
:109520000E2B00F2BC80DFE803F0153044BABA9E7F
:10953000ABBABABABABABABA0800D0F8B432DB6970
:1095400023B10DF10601007C98470AE02946FFF798
:10955000D3FF18E0D0F8B4321B680DF10601007C8F
:109560009847EA88002A00F0A380BDF80630002B57
:1095700000F099809A4228BF1A46ADF806200146AD
:10958000204600F0F3FA03B030BD037C43B9D0F8B5
:10959000B8329B6A0DF10600984702234370E0E75A
:1095A000D0F8B832DB6A0DF1060098470223437009
:1095B000D7E7D2B2052A52D8DFE802F003101D2AFD
:1095C0003744D0F8B4325B6823B10DF10601007C5A
:1095D0009847C6E72946FFF78FFFD4E7D0F8B432A3
:1095E0009B6823B10DF10601007C9847B9E7294635
:1095F000FFF782FFC7E7D0F8B432DB6823B10DF183
:109600000601007C9847ACE72946FFF775FFBAE7EB
:10961000D0F8B4321B6923B10DF10601007C9847E4
:109620009FE72946FFF768FFADE7D0F8B4325B69E2
:1096300023B10DF10601007C984792E72946FFF718
:109640005BFFA0E7D0F8B4329B6923B10DF10601AE
:10965000007C984785E72946FFF74EFF93E72946A8
:10966000FFF74AFF8FE7037C33B9D0F8B8325B6B62
:109670000DF10600984774E72946FFF73DFF82E7A2
:10968000037C43B9D0F8B8321B6B0DF10600984744
:109690000723437065E72946FFF72EFF73E7294646
:1096A000FFF72AFF6FE729462046FFF725FF6AE705
:1096B000204600F087FA66E738B504468B88FBB988
:1096C000CB88EBB94B887F2B1AD803F07F0590F835
:1096D0009C32DBB2032B0CD080F89E522946FAF75D
:1096E0001DFC204600F06EFA35B1022384F89C324E
:1096F00009E0FFF701FF06E0012384F89C3202E055
:109700002046FFF7F9FE38BD70B504460E468D7849
:109710002E4B1D70012D10D890F89C32DBB2022B1D
:109720000FD0032B23D0FFF7E7FE284B19782046F4
:10973000FFF790FD0325284670BDFFF7DDFE0325EA
:10974000F9E78DB145602946FFF77BFD054620B15D
:1097500031462046FFF7D0FEEDE7204600F032FA12
:10976000032384F89C32E6E700F02CFAE3E7CDB15E
:1097700041688D4225D0C9B2FFF76CFD134B1978B3
:1097800061602046FFF75DFD0546B0B131462046D9
:10979000FFF7B2FE21792046FFF75CFD022384F833
:1097A0009C32C8E7022380F89C3245602946FFF7C7
:1097B00051FD204600F006FABDE7204600F002FA0F
:1097C000B9E700F0FFF90025B5E700BF3839002000
:1097D00008B5CB88012B0BD190F89C32DBB2022B61
:1097E00009D9032B11D10122011D00F0BFF901E0BD
:1097F000FFF782FE08BD5BB23BB10146002341F892
:10980000083F012200F0B2F9F4E7FFF775FEF1E737
:1098100008B590F89C32013B022B12D8CB88022B62
:109820000CD10123C360D0F8A4320BB10323C36071
:10983000022200F10C0100F099F908BDFFF75CFE6F
:10984000FBE7FFF759FEF8E708B590F89C32013BBB
:10985000022B09D84B88012B00D008BD0023C0F88B
:10986000A43200F0AFF9F8E7FFF746FEF5E738B5A8
:109870000C7804F06004202C06D0402C04D054B1A5
:10988000FFF73AFE002404E0D0F8B8329B6898470E
:109890000446204638BD4D78092D1DD8DFE805F077
:1098A00012191C161C08051C0F0BFFF72FFEF0E702
:1098B000FFF702FFEDE7FFF727FF0446E9E7FFF7B1
:1098C00087FFE6E7FFF7A4FF2C46E2E7FFF7F6FD88
:1098D000DFE7FFF7B9FFDCE7FFF70EFED9E770B56A
:1098E00005460C460B7803F06003202B07D0402B75
:1098F00005D023B1FFF700FE0026304670BD95F875
:109900009C32013B022B18D82379012B0FD8D5F8B4
:10991000B8329B682146284698470646E388002BC4
:10992000EBD10028E9D1284600F04CF9E5E72146C3
:109930002846FFF7E1FD0026DFE721462846FFF72E
:10994000DBFD0026D9E7F8B506460D468B880C7876
:1099500004F06004202C08D0D9B2402C05D06CB1A2
:109960002946FFF7C9FD002406E0D6F8B8329B6807
:1099700029463046984704462046F8BD6F78012FA7
:109980002FD0032F05D0002F59D02946FFF7B4FD63
:10999000F2E790F89C32DBB2022B05D0032B12D0F9
:1099A0002946FFF7A9FDE7E709B1802904D1294637
:1099B0003046FFF7A1FDDFE7FAF789FA802130464C
:1099C000FAF785FAD8E76B8823B919B1802901D055
:1099D000EB881BB1304600F0F5F8CDE7FAF777FADF
:1099E000F8E790F89C32DBB2022B05D0032B12D0A3
:1099F0002946FFF781FDBFE709B1802904D1294637
:109A00003046FFF779FDB7E7FAF761FA8021304673
:109A1000FAF75DFAB0E76B88002BADD111F07F0F3C
:109A20000AD1304600F0CEF8D6F8B8329B68294605
:109A30003046984704469FE7FAF751FAF1E790F865
:109A40009C22D2B2022A06D0032A29D02946FFF747
:109A500053FD3C4690E709B1802913D113F0800FE4
:109A600015D101F07F0101EB8101890001F5A87199
:109A70003144043100230B600222304600F076F8B6
:109A80003C4679E72946FFF737FD3C4674E701F08D
:109A90007F0101EB81018900103131440431E9E794
:109AA0005BB2002B1FDB01F00F0202EB820200EB26
:109AB0008202B2F8642122B3002B27DB01F07F037E
:109AC00003EB83039C0004F5A8743444043409B107
:109AD000802924D10023236002222146304600F051
:109AE00045F83C4648E701F00F0202EB820200EB2A
:109AF0008202928C002ADFD12946FFF7FDFC3C460A
:109B00003AE72946FFF7F8FC3C4635E701F07F03CA
:109B100003EB83039C00103434440434D7E730460D
:109B2000FAF7E5F910B101232360D5E7002323609C
:109B3000D2E7D0B170B50D4616460446FFF7B4FC27
:109B4000431C5B009BB233802B7003236B7002239A
:109B500007E0EA5401345A1CD2B20021A95402335E
:109B6000DBB22278002AF4D170BD704708B51346E5
:109B70000222C0F894228361C3610A460021FAF7E9
:109B8000DBF9002008BD08B513460A460021FAF7A4
:109B9000D3F9002008BD08B513460322C0F894226B
:109BA000C0F85831C0F85C310A460021FAF7CCF908
:109BB000002008BD08B513460A460021FAF7C4F98B
:109BC000002008BD08B50422C0F8942200231A46DC
:109BD0001946FAF7B1F9002008BD08B50522C0F80A
:109BE000942200231A461946FAF7AEF9002008BD60
:109BF00070B504460D4645EC104B164603F09CFB31
:109C000051EC100B7EB1C5F30A53C3F16B03002B6B
:109C100009DD1B0503F17F55002405F5401522469B
:109C20002B46F6F721FD41EC100B70BD0000000043
:109C30002DE9F04F9FB00C46179200221A92059022
:109C40004FF0000A4FF0000B0A46199211782B29A9
:109C50004AD038D80D2932D8082932D800293BD02B
:109C600000220E92199D2A78302A40F0B2806A783C
:109C700002F0DF02582A6ED102930E9B01931AABB9
:109C800000938F4A05981BAB19A902F04FFC10F006
:109C90000F06044605D0062E28D10135002319955C
:109CA0000E93179B002B40F08E850E9BCBB1524636
:109CB0000BF1004343EC102B1FB0BDE8F08F2029BF
:109CC000CED10132C1E72D29CAD101210E91511CFB
:109CD00019915278002AC5D1179B1994002B40F096
:109CE000708552465B46E5E70021EFE71A9A3AB1E4
:109CF00035211CA803F01AFC1A99059802F0F0FF10
:109D0000013E1B9A042E06D8DFE806F014031D203E
:109D10001400DDE91CABE10548BF4BF0004B2BF014
:109D200000431B0D1B05002BBBD101F09FFC222320
:109D30000360B6E7DDE91CA302F2334223F480138B
:109D400043EA025BE7E7DFF880B1E4E76FF0004B3E
:109D50004FF0FF3ADFE7199B5A1C19925B78302BC2
:109D6000F9D0002B9DD0012300270893199B0C9359
:109D70000B97B9460A2219980578A5F13003D9B294
:109D8000092928D94F49012201F0E8FB002832D0E7
:109D900000202A460A904D460346652A01D0452AEE
:109DA00014D11DB9089A024396D00025199C621C53
:109DB000199262782B2A7AD02D2A7ED04FF0000C8F
:109DC000A2F13001092940F2858019944FF0000872
:109DD000A5E00023C8E7B9F1080FD8BF0B9900F13F
:109DE0000100DABF02FB01330B9302FB073709F1D5
:109DF00001091990BFE7199B5A1C19925A78B9F1B9
:109E0000000F3BD00A904D46A2F13003092B12D926
:109E10000123C2E7199B5A1C19925A780130302A43
:109E2000F8D0A2F13103082B00F2D284199B0A90DA
:109E300000200C930546303A00F1010318D00A992E
:109E400019440A912E464FF00A0E711CA1EB050C25
:109E5000634515DC20EAE0702B18082B05F101059D
:109E600005441ADC0B990A2303FB01230B930023FF
:109E7000199A511C199152781846C5E74846CEE701
:109E8000082E05DC0B9E0EFB06F60B960E46DCE755
:109E90001029D8BF0EFB07F7F8E70F2BDCBF0A230A
:109EA00003FB0727E3E700230A9301237AE74FF038
:109EB000000CA21C1992A27882E74FF0010CF8E77F
:109EC00094EB0008ACE900080000F07F199A511CDF
:109ED00019915278302AF9D0A2F1310108293FF6C0
:109EE00075AF303A0992199A0F924FF00A08199AF1
:109EF000561C19965278A2F1300EBEF1090F39D9CD
:109F00000F99761A082E44F61F6803DC09998845D4
:109F1000A8BF8846BCF1000F01D0C8F10008002D91
:109F20004ED1089908437FF4BCAE002B7FF4D4AE29
:109F3000692A28D025DC492A25D04E2A7FF4CCAEC8
:109F40009A4919A802F014FD00283FF4C5AE199BE8
:109F50001B78282B2ED196491CAA19A802F01CFDAB
:109F6000052827D11D9BDDF870A043F0FF4B4BF473
:109F7000E00B96E6099908FB0121A1F13002099254
:109F8000B5E76E2ADAE78B4919A802F0F1FC002840
:109F90003FF4A2AE199B8849013B19A8199302F01E
:109FA000E7FC10B9199B01331993DFF81CB24FF08D
:109FB000000A76E6814801F09FFB5BEC10AB70E68F
:109FC0000A9B0B98A8EB0303B9F1000F08BFA94641
:109FD000102D09932C46A8BF1024F6F7CBFA092DB3
:109FE00082468B4613DC099B002B3FF45AAE099B3B
:109FF00078DD162B5FDC724901EBC301D1E900016A
:10A0000052465B46F6F730FB82468B4649E66C4B80
:10A0100003EBC40353E91223F6F726FB82463846C6
:10A020008B46F6F7A7FA02460B4650465946F6F716
:10A0300065F90F2D82468B46D5DD099B2C1B1C44F0
:10A04000002C40F3938014F00F030AD05C4901EB1D
:10A05000C30152465B46D1E90001F6F705FB824693
:10A060008B4634F00F0473D0B4F59A7F49DD002499
:10A07000A0460B94A146059ADFF84CB12223136049
:10A080004FF0000A0B9B002B3FF40BAE1A9905987A
:10A0900002F026FE0598494602F022FE0598414648
:10A0A00002F01EFE0B99059802F01AFE0598214653
:10A0B00002F016FEF5E5099AC5F125039342BCDBD3
:10A0C0003F4CC5F10F0504EBC50152465B46D1E993
:10A0D0000001F6F7C9FA099B5D1B04EBC504D4E93E
:10A0E00000238FE71633A8DB0A9BA3EB0808344B49
:10A0F00003EBC808D8E9002350465946F6F7DEFBC3
:10A1000082E700232F4F2411504659461E46012C4A
:10A1100021DC0BB182468B462A49ABF1547B01EB23
:10A12000C60152465B46D1E90001F6F79DFA264B7F
:10A130000A460B4025498B42824698D8A1F58011EA
:10A140008B4286BFDFF888B04FF0FF3A02F1547BB4
:10A150000023089376E0E20704D5D7E90023F6F759
:10A1600083FA0123013664100837D0E7F0D0644247
:10A1700014F00F020AD0124B03EBC20350465946AB
:10A18000D3E90023F6F79AFB82468B462411DFD0F1
:10A190001F2C1FDD0024A0460B94A146059A222304
:10A1A0004FF0000A4FF0000B13606BE7BBE90008AB
:10A1B00080EB0008B3E90008EDE900087CEB00083B
:10A1C00008ED0008E0EC00080000F07F0000A07C33
:10A1D000FFFFEF7F14F0100318BF6A23A94E089306
:10A1E000504659460023E70704D5D6E90023F6F781
:10A1F0003BFA0123641006F10806F4D10BB1824644
:10A200008B46089BB3B1CBF30A52C2F16B03002B10
:10A2100059460FDD1F2B56DD342BDEBF4FF0FF33C9
:10A22000C2F14B0293404FF0000ACCBF4FF05C7B71
:10A2300003EA010B0022002350465946F6F77CFC46
:10A240000028A7D10B9B00930C9905982B464A46F2
:10A2500002F0AEFD0B9000283FF409AF099A0A9B6B
:10A26000002AA3EB0803A8BF00231293002422EACC
:10A27000E2731693A0460B9B0598596802F0F0FC18
:10A28000814600283FF4F7AE0B9B1A69023203F1B6
:10A290000C0192000C3001F01EFA4BEC10AB05984B
:10A2A0001CAA1BA9CDE90CAB03F0B6F81A90002844
:10A2B0003FF4E1AE0598012102F010FE804648B956
:10A2C0004FF00008D7E64FF0FF3202FA03F303EA3B
:10A2D0000A0AAFE71B9D1C9A002DABBF129B169B71
:10A2E000169E129FACBFEF185E1B089BED1A15441B
:10A2F000654B013D9D42C2F1360250DA5B1B1F2BBC
:10A30000A2EB03024FF001013DDC01FA03F31393CA
:10A3100000231093BD18089BAF4216441E443B46D1
:10A32000A8BF2B46B342A8BF3346002BC2BFED1ACD
:10A33000F61AFF1A129B002B16DD414605981A46A5
:10A3400002F084FE80460028BAD001461A9A059889
:10A3500002F0DAFD0A9000283FF48DAE1A990598B4
:10A3600002F0BEFC0A9B1A93002D1DDC099B002BFA
:10A3700023DD4946169A059802F068FE8146E0B949
:10A380004FF0000977E6C5F17F4505F57F0505F536
:10A390007B45E23501FA05F310931391BAE70023E8
:10A3A000109301231393B5E71A9905982A4602F0F2
:10A3B000A7FE1A900028D9D15DE6002E07DD494698
:10A3C0000598324602F09CFE81460028D8D0002F26
:10A3D00008DD414605983A4602F092FE8046002884
:10A3E0003FF449AE1A9905984A4602F011FF044617
:10A3F00000283FF440AEC3680F930023C36041467A
:10A4000002F0EAFE002845DA0F9B53EA0A036BD1FB
:10A41000CBF31303002B67D12BF000431B0D1B055F
:10A42000B3F1D66F60D9636913B92369012B5BDD82
:10A4300021460122059802F063FE4146044602F0DF
:10A44000CBFE002850DD2BF00043089A1B0D1B05A6
:10A45000002A6AD0B3F1D66F67D8B3F15C7F7FF67C
:10A460009DAE0A4B504659460022F6F7FDF8084BC0
:10A470000B4082468B46002B7FF408AE059A2223C0
:10A48000136003E6A8EB000802FCFFFF0000503950
:10A490000000F07FCDF828B065D10F9ACBF31303FD
:10A4A0005AB39F4A93422BD1089B514603B39D4B0D
:10A4B0005A461340B3F1D46F4FF0FF321BD81B0D37
:10A4C000C3F16B0302FA03F3994219D1964B0A9A2E
:10A4D0009A4202D101313FF4CEAD924B0A9A1A4012
:10A4E00002F5801B4FF0000A089B002BB9D1CDE587
:10A4F0004FF0FF33E8E71346E6E753EA0A03A2D03A
:10A50000109BDBB10A9A1342EED00F9B089A50467B
:10A510005946BBB1FFF76CFBDDE90C0153EC102B86
:10A52000F5F7ECFE82468B46DEE7A3F580136FEA73
:10A53000135B6FEA0B5B4FF0FF3AD5E7139B13EA0F
:10A540000A0FE1E7FFF754FBDDE90C0153EC102B98
:10A55000F5F7D2FE0022002382468B46F6F7ECFA8E
:10A560000028C1D01AE64146204602F0ADFF57EC64
:10A57000106B00224FF0804330463946F6F7F0FA70
:10A5800000286FD00F9B002B7AD1BAF1000F58D161
:10A590000A9BC3F31303002B5AD1644B00223046AD
:10A5A0003946F6F7D3FA002859D130463946604B80
:10A5B0000022F6F759F806460F4607F100430696C3
:10A5C0000793DDE90623574DCDE910230A9B1D4073
:10A5D000584B9D4240F0B2800A9BA3F1547B4BEC58
:10A5E00010AB02F0A9FEDDE9062351EC100BF6F7E3
:10A5F0003BF852465B46F5F781FE0B4649494E4A09
:10A6000019409142824642D90D9A474B9A4203D152
:10A610000C9B01333FF42FADDFF80CB14FF0FF3A44
:10A620001A99059802F05CFB0598494602F058FB20
:10A630000598414602F054FB0598214602F050FB74
:10A6400019E6BAF1010F03D10A9B002B3FF4A6AD26
:10A650009FED2B7B354F8DED067B0026B1E7344F08
:10A660000026AAE7324B304639460022F5F7FCFFB8
:10A670000F9B06460F46002B9FD0CDE90667A0E74B
:10A680009FED217B8DED067B57EC176B99E703F16E
:10A69000547B089BCDF828B0002BC1D12BF0004390
:10A6A0001B0D1B059D42BBD130463946F6F724FBF6
:10A6B000F5F7ACFF02460B4630463946F5F71CFE6F
:10A6C0000B460246CDE90C23CBF313060F9B46EA5B
:10A6D0000A061E436FD00EA3D3E90023F6F736FA1D
:10A6E00000287FF4D3AC0CA3D3E90023DDE90C01EF
:10A6F000F6F74AFA002893D0C8E400BFAFF3008011
:10A70000000000000000F0BF000000000000F03F6B
:10A710009535A094FFFFDF3F35E5AF350000E03F02
:10A72000FFFF0F000000F07FFFFFEF7F0000F03F12
:10A730000000E03F0000E07FFFFF9F7C089B23B309
:10A74000B5F1D46F21D828A3D3E900233046394688
:10A75000F6F706FAA0B139463046F6F75DFA012859
:10A7600038BF0120F5F706FF0F9B06460F46FBB9E1
:10A7700001F1004314901593DDE91423CDE9102372
:10A78000119B03F1D6635B1B11939DED0C0BDDE96F
:10A7900010AB02F0D1FD504653EC102B5946F5F7A3
:10A7A00063FFDDE90C23F5F7A9FD82468B4670E7D0
:10A7B000CDE91467E0E70EA3D3E90023F6F7C6F965
:10A7C00098E700230E93179A199B1360FFF76DBA51
:10A7D000652A3FF468AB452A3FF465AB0123FFF7D8
:10A7E000A0BB00BFAFF300800000C0FFFFFFDF4150
:10A7F0009535A094FFFFCF3F2DE9F041DFF8BC80F5
:10A80000294B0A462DED028B0146D8F80000FFF7D0
:10A810000FFA55EC104B22462B4620462946F6F7F8
:10A82000BDF990B1002D214809DA00F06DFFB1EEBD
:10A83000408AB0EE480ABDEC028BBDE8F081BDEC69
:10A84000028BBDE8F04100F05FBF20462946F6F7D5
:10A8500003FA08EE100ADFED167AB0EEC87AB4EE0D
:10A86000677AF1EE10FA11DD25F00047114B4FF039
:10A87000FF3220463946F6F791F980B90D4B4FF07B
:10A88000FF3220463946F6F76BF940B918EE103A18
:10A8900013F0FF4FCDD1084B2B40002BC9D0D8F877
:10A8A000003022221A60C4E7A80100207CEB0008D7
:10A8B000FFFF7F7FFFFFEF7F0000F07F140300208A
:10A8C0002DE9F043344E86460D46284615F8014BD7
:10A8D000375D17F00807F8D12D2C10D12C780127FF
:10A8E000851C33F0100015D1302C0DD1287800F0E4
:10A8F000DF00582808D16C78023510230AE02B2C91
:10A9000004BF2C78851CECE7002BF6D1302C14BF4B
:10A910000A2308234FF0FF380026B8FBF3F803FBA7
:10A9200008F96FEA09093046A4F1300CBCF1090FAF
:10A9300010D86446A3421EDDB6F1FF3F07D0804524
:10A9400016D301D1A14513DB00FB0340012615F806
:10A95000014BE9E7A4F1410CBCF1190F01D8373CD8
:10A96000E8E7A4F1610CBCF1190F04D8573CE1E70A
:10A970004FF0FF36EBE7731C06D12223CEF80030F0
:10A98000304632B9BDE8F08307B14042002AF9D021
:10A9900006B1691E1160F5E7D1EB000813460A46BF
:10A9A000014602480068FFF78BBF00BF1403002078
:10A9B0002DE9FF4757EC106B002F0C4619463B461C
:10A9C000BBBF07F100431F4600232D230B700D9BD7
:10A9D000DDF830A0914623F02008BCBF3246164671
:10A9E000B8F1460F05D0B8F1450F00D1013402216E
:10A9F00000E0032103AB019302AB009347EC106B23
:10AA00005346224600F010FFB8F1470F054619D112
:10AA100019F0010F0ED000EB04090022002330468C
:10AA20003946F6F789F808B1CDF80C903022039B2F
:10AA30004B451ED3039B0E9A5B1B2846136004B044
:10AA4000BDE8F087B8F1460F00EB0409E5D10378C3
:10AA5000302B0AD10022002330463946F6F76CF835
:10AA600018B9C4F10104CAF80040DAF8003099447A
:10AA7000D3E7591C03911A70D9E7F7B50029BABF7B
:10AA800049422D232B2309290270437029DD0DF142
:10AA900007031D460A271A46B1FBF7F607FB1614F3
:10AAA000303402F8014C0C46632C03F1FF3331467D
:10AAB000F1DC3031941E03F8011C411C2346AB42EB
:10AAC0000AD30DF109039B1AAC4288BF002302335D
:10AAD0000344181A03B0F0BD13F8016B01F8016FBD
:10AAE000EDE7302330318370C170031DF1E70000C2
:10AAF0002DE9F04F8DB00C46DDF8588016461F4604
:10AB0000054600F069FD036804931846F5F7E8FB75
:10AB100000230A93D8F800300590073323F0070389
:10AB200003F1080294F818A0D4F800B0C8F8002087
:10AB3000D3E9008929F000430793CDF81880C4E9D0
:10AB40001289DDE906019C4B4FF0FF32F6F726F83B
:10AB500070BBDDE90601984B4FF0FF32F6F700F8C5
:10AB600030BB0022002340464946F5F7EFFF10B105
:10AB70002D2384F84330914A914BBAF1470F8CBF93
:10AB800090469846032323612BF0040323604FF083
:10AB90000009009733460BAA2146284600F0D2F957
:10ABA000013040F08D804FF0FF300DB0BDE8F08FE8
:10ABB00042464B4640464946F5F7F0FF40B14B460A
:10ABC000002BBCBF2D2384F843307E4A7E4BD4E754
:10ABD00063680AF0DF0206925A1C3BD106236360C9
:10ABE0004BF480620023226003930AABCDE901A3FA
:10ABF00009AB0093616849EC108B0DF123032846E3
:10AC0000FFF7D6FE069B0999472B804629D1C81C21
:10AC100002DB6368994241DDAAF1020A5FFA8AFA0F
:10AC20000139524604F150000991FFF726FF0A9AB4
:10AC30001318012A8146236102DC2268D20701D55C
:10AC4000013323619DF82330002BA2D02D2384F8FB
:10AC500043309EE7069A472AC2D1002BC0D1012378
:10AC6000BDE7BAF1650FDBD9BAF1660F18D100293B
:10AC700063680BDD216113B92268D00702D5013367
:10AC80000B442361A1654FF00009DBE713B922688B
:10AC9000D20701D50233F4E70123F2E74FF0670A48
:10ACA0000A9B994205DB23682161D807EAD54B1C32
:10ACB000E7E70029D4BFC1F1020201221344E0E713
:10ACC00023685A0507D42369424631462846B847C7
:10ACD00001302BD167E7BAF1650F40F2DD80D4E98E
:10ACE000120100220023F5F727FF002833D0374A4E
:10ACF000012331462846B84701303FF454AFDDE91F
:10AD00000938434502DB2368D8070FD5DDE9042362
:10AD100031462846B84701303FF445AF4FF00009AF
:10AD200008F1FF3804F11A0AC84509DC23689B07BB
:10AD300000F10381E0680B9B9842B8BF184634E7E6
:10AD40000123524631462846B84701303FF42BAF25
:10AD500009F10109E8E7099B002B39DC1B4A0123B3
:10AD600031462846B84701303FF41DAFDDE90939C7
:10AD700059EA030302D12368D907D7D5DDE90423B3
:10AD800031462846B84701303FF40DAF4FF0000A76
:10AD900004F11A0B099B5B42534501DC4B4693E7D8
:10ADA00001235A4631462846B84701303FF4FBAEEE
:10ADB0000AF1010AEEE700BFFFFFEF7FB2E90008EA
:10ADC000AEE90008BAE90008B6E90008BEE90008E3
:10ADD000A36DDDF828A05345A8BF5346002B994624
:10ADE00036DC4FF0000B29EAE97904F11A02A36D71
:10ADF0000693A3EB09035B4531DC099B9A453ADCDA
:10AE00002368DA0737D4099BAAEB0309069BAAEB50
:10AE100003039945A8BF9946B9F1000F33DC4FF001
:10AE2000000829EAE97904F11A0B099BAAEB03034C
:10AE3000A3EB090343457FF779AF01235A46314617
:10AE40002846B84701303FF4AEAE08F10108ECE700
:10AE5000424631462846B8470130C2D1A3E6012315
:10AE6000314628460692B84701303FF49CAE069A18
:10AE70000BF1010BBBE7DDE9042331462846B84757
:10AE80000130C0D18FE6069A4B46424431462846EF
:10AE9000B8470130C3D186E6DDF828A0BAF1010F2A
:10AEA00001DCDB0736D50123424631462846B84748
:10AEB00001303FF478AEDDE9042331462846B84737
:10AEC00001303FF470AED4E91201002200230AF1F0
:10AED000FF3AF5F731FEC0B9534608F10102314699
:10AEE0002846B84701300CD15DE601235A46314669
:10AEF0002846B84701303FF456AE08F10108D04566
:10AF0000F3DB4B4604F15002DFE64FF0000804F19A
:10AF10001A0BF4E701234246E1E701234A46314692
:10AF20002846B84701303FF43EAE08F10108E36817
:10AF30000B995B1A4345F0DCFCE64FF0000804F186
:10AF40001909F4E72DE9F047164698468A680B6917
:10AF5000DDF820909342B8BF1346336091F8432048
:10AF600007460C460AB1013333602368990642BF95
:10AF7000336802333360256815F0060506D104F105
:10AF8000190AE36832689B1AAB4226DC94F8433016
:10AF90002268003B18BF012392062BD404F1430220
:10AFA00041463846C84701301ED02368226903F065
:10AFB0000603042B02BFE5683368ED1AA3680CBFD3
:10AFC00025EAE57500259342C4BF9B1AED180026BB
:10AFD0001A34B5421AD1002008E0012352464146F6
:10AFE0003846C847013003D14FF0FF30BDE8F08745
:10AFF0000135C6E7E1185A1C302081F8430022448D
:10B0000094F8451082F843100233C7E70123224623
:10B0100041463846C8470130E6D00136D9E700003E
:10B020002DE9FF470F7E0C9E782F914680460C46F7
:10B030009A4601F1430207D8622F0AD8002F00F088
:10B04000D180582F00F0B88004F1420684F8427095
:10B050003AE0A7F16303152BF6D801A151F823F0CC
:10B06000B9B00008CDB0000849B0000849B00008E8
:10B0700049B0000849B00008CDB0000849B0000848
:10B0800049B0000849B0000849B00008CBB1000839
:10B09000F7B0000885B1000849B0000849B00008C1
:10B0A000EDB1000849B00008F7B0000849B0000849
:10B0B00049B000088DB1000833681A1D1B68326062
:10B0C00004F1420684F8423001239CE03368206892
:10B0D000191D3160060601D51D6803E04506FBD544
:10B0E000B3F90050002D03DA2D236D4284F843306C
:10B0F00058480A2311E021683368080653F8045BB6
:10B1000002D4490648BFADB26F2F5248336014BF16
:10B110000A230823002184F843106668A660002EE5
:10B1200005DB21682E4321F0040121604BD0164637
:10B13000B5FBF3F103FB1157C75D06F8017D2F4600
:10B14000BB420D46F4D9082B0BD12368DF0708D585
:10B15000236961689942DEBF302306F8013C06F19D
:10B16000FF36921B2261CDF800A04B4603AA214670
:10B170004046FFF7E7FE01304AD14FF0FF3004B000
:10B18000BDE8F087236843F0200323603248782726
:10B1900084F84570236831681F0651F8045B02D4B7
:10B1A0005F0648BFADB23160D90744BF43F020030A
:10B1B00023601DB11023ADE72648E9E7236823F09B
:10B1C00020032360F6E71646BDE73368256861690A
:10B1D000181D30602E061B6801D5196002E0680654
:10B1E000FBD51980002323611646BCE733681A1D7E
:10B1F00032601E68626800213046F5F721F808B118
:10B20000801B606063682361002384F84330AAE7F1
:10B210002369324649464046D0470130ADD02368C5
:10B220009B0713D4E068039B9842B8BF1846A6E773
:10B230000123324649464046D04701309DD0013572
:10B24000E36803995B1AAB42F2DCEBE7002504F1FB
:10B250001906F5E7C0E90008D1E90008002310B598
:10B260000446C0E90033C0E904338360818143664A
:10B27000C2818361194608225C3000F067F90D4BEA
:10B2800063620D4BA3620D4BE3620D4B23630D4BC9
:10B2900024629C4206D003F16802944202D0D0336B
:10B2A0009C4205D104F15800BDE8104000F008BAF6
:10B2B00010BD00BF4DB400086FB40008A7B400086B
:10B2C000CBB400083C390020024A0349034800F08F
:10B2D00069B800BF9C01002085D900081803002030
:10B2E00041680C4B994210B5044601D002F04AFB6C
:10B2F000A168094B994202D0204602F043FBE16865
:10B30000064B994204D02046BDE8104002F03ABBFB
:10B3100010BD00BF3C390020A43900200C3A0020A9
:10B3200010B50B4B0B4C0C4A1A602046002204212E
:10B33000FFF794FF04F1680001220921FFF78EFF57
:10B3400004F1D0000222BDE810401221FFF786BFB1
:10B35000743A00203C390020C9B20008014800F0CE
:10B36000B0B900BF7D3A0020014800F0ABB900BF82
:10B370007D3A002010B50446FFF7F0FF236A1BB1A9
:10B38000BDE81040FFF7F0BF044B2362044B1B687D
:10B39000002BF5D1FFF7C4FFF2E700BFE1B20008D0
:10B3A000743A00202DE9F8430746884614460026E3
:10B3B000D4E90195B9F1010905D52468002CF7D12C
:10B3C0003046BDE8F883AB89012B07D9B5F90E30BB
:10B3D000013303D029463846C04706436835E9E7BC
:10B3E0000CB430B5184B0C1E1D689DB008DA8B23C9
:10B3F0002B604FF0FF301DB0BDE8304002B0704709
:10B400004FF40273ADF814304FF000031B9314BFD8
:10B4100004F1FF332346049307934FF6FF73029022
:10B420000690ADF81630209A21AB02A92846019368
:10B4300002F028F9431CBCBF8B232B60002CDAD010
:10B44000029B00221A70D6E71403002010B50C46A8
:10B45000B1F90E1000F0E6F80028ABBF636DA389C8
:10B460001B1823F48053ACBF6365A38110BD2DE985
:10B47000F0411F468B89DB0505460C46164605D56F
:10B48000B1F90E100223002200F0BAF8A389B4F932
:10B490000E1023F48053A38132463B462846BDE874
:10B4A000F04100F0D1B810B50C46B1F90E1000F023
:10B4B000A7F8431CA38915BF606523F4805343F4A8
:10B4C0008053A38118BFA38110BDB1F90E1000F005
:10B4D00087B830B51446002C9BB005461A4605DAED
:10B4E0008B2303604FF0FF301BB030BD4FF402736D
:10B4F000ADF80C304FF00003199314BF04F1FF3383
:10B500002346029305934FF6FF7300910491ADF823
:10B510000E3069461E9B02F0B5F8431CBCBF8B235E
:10B520002B60002CE0D0009B00221A70DCE70000AA
:10B5300007B5009313460A46014603480068FFF723
:10B54000C8FF03B05DF804FB140300200244034667
:10B55000934200D1704703F8011BF9E710B56AB1B7
:10B560000139841810F8012B11F8013F9A4203D1D8
:10B57000A04201D0002AF5D1D01A10BD1046FCE738
:10B58000F0B5044608B9146844B1204614F8015BCC
:10B590000F4617F8016B1EB965B91560002005E06C
:10B5A000B542F6D1002BF0D114600370F0BD1C46FB
:10B5B0000CE01DB9274614F8013B0E4616F8015B56
:10B5C000AB42F6D1002BF2D000233B701460EDE7C4
:10B5D0000123FFF7D5BF0000004870479802002004
:10B5E00038B5064D0023044608462B60F5F72CFDC0
:10B5F000431C02D12B6803B1236038BD783A002088
:10B6000038B5074D04460846114600222A601A46FE
:10B61000F5F724FD431C02D12B6803B1236038BD2C
:10B62000783A002038B5074D0446084611460022F6
:10B630002A601A46F5F7EAFC431C02D12B6803B1D5
:10B64000236038BD783A002038B5074D04460846D7
:10B65000114600222A601A46F5F7E8FC431C02D185
:10B660002B6803B1236038BD783A0020014B18687D
:10B67000704700BF1403002070B50D4D0D4C641BC6
:10B68000A4100026A64209D10B4D0C4C02F0EAFC96
:10B69000641BA4100026A64205D170BD55F8043BDA
:10B6A00098470136EEE755F8043B98470136F2E734
:10B6B000D8ED0008D8ED0008D8ED0008DCED000852
:10B6C000704770477047034611F8012B03F8012BB0
:10B6D000002AF9D170470A44914200F1FF3300D1AA
:10B6E000704710B511F8014B03F8014F9142F9D1A1
:10B6F00010BD0000000000009FED010B704700BF6F
:10B70000000000000000F87F9FED010A704700BFB5
:10B710000000C07F2DE9F74F03690C69A34207467B
:10B720007EDB013C01F11408A30000F11405009335
:10B7300005EB8403019358F8243055F82420013395
:10B740009A4208EB8409B2FBF3F62ED34FF0000ABD
:10B75000C446AE46D3465CF8043B98B206FB00A054
:10B76000020C1B0C06FB0323DEF8002080B292B211
:10B77000121A5A44DEF800004FEA134A9BB2C3EB98
:10B78000224303EB104392B242EA0342E1454EF8F2
:10B79000042B4FEA234BDED2009BEB582BB9019BC5
:10B7A000043B9D421A462FD33C61384601F014FDFC
:10B7B000002825DB2946002058F8042BD1F800C0CA
:10B7C0001FFA82FE1FFA8CF3A3EB0E030344120C44
:10B7D000C2EB234202EB1C429BB243EA0243C14547
:10B7E00041F8043B4FEA2240E6D255F8242005EB0D
:10B7F000840322B9043B9D421A460BD33C610136B7
:10B80000304603B0BDE8F08F1268043B002ACBD16C
:10B81000013CC6E71268043B002AEFD1013CEAE78D
:10B820000020EEE7000000002DE9F04FC76997B057
:10B830008DED040B55EC104B209E079181460C9228
:10B8400011937FB9102001F043F90246C9F81C009A
:10B8500020B9A94BEF21A94802F0E6F8C0E9017729
:10B860000760C760D9F81C30196859B15A684A6036
:10B87000012393408B60484601F032FAD9F81C301E
:10B8800000221A602B1EB9BF23F00043059300234A
:10B890003360059F9A4BBCBF01223260BB4312D17B
:10B8A000119A42F20F731360C7F31303234300F09E
:10B8B0005A85219BDFF85CA2002B00F05C850AF121
:10B8C000030300F056BD9DED047B002251EC170BE5
:10B8D00000238DED0A7BF5F72FF9804658B1119AB8
:10B8E00001231360219B13B1219A864B1360DFF86B
:10B8F00028A200F040BD9DED0A0B14AA15A94846E8
:10B9000001F08AFDC7F30A560290002E78D00B9BF7
:10B91000CDF84880C3F31303DDE90A0143F07F53F8
:10B9200043F44013A6F2FF3619460022764BF4F793
:10B93000E3FC6BA3D3E90023F4F796FE6AA3D3E9F3
:10B940000023F4F7DBFC044630460D46F4F722FEF4
:10B9500067A3D3E90023F4F787FE02460B4620468F
:10B960002946F4F7CBFC04460D46F5F72DF90022E5
:10B970000746002320462946F5F7E8F840B1384647
:10B98000F4F708FE22462B46F5F7D6F800B9013F3A
:10B99000162F52D85D4B03EBC703D3E90023DDE933
:10B9A0000A01F5F7D3F8002849D0013F002310938E
:10B9B000149B9B1B5A1E45BFC3F101030093002338
:10B9C0000023069254BF00930693002F39DB069B99
:10B9D0000D973B44069300230893079B092B63D8DC
:10B9E000052BC4BF043B0793079BA3F10203CCBF05
:10B9F00000240124032B63D8DFE803F05254372BD3
:10BA0000DDE914631E4406F23243202BC1BFC3F1AB
:10BA100040039F4006F2124324FA03F3D6BFC3F15A
:10BA2000200347EA030004FA03F0F4F7A3FD012220
:10BA3000A1F1F873013E129276E70123B7E7109067
:10BA4000B6E7009BDB1B00937B42089300230D931A
:10BA5000C3E7012309930C9B07EB030B0BF10103D5
:10BA6000012B0393B8BF012306E0012309930C9B2C
:10BA7000002B28DD9B460393D9F81C0000210422EB
:10BA800002F114059D4226D94160484601F0E8F8CC
:10BA90008246002842D11E4B024640F2AF11DAE640
:10BAA0000023E3E70023D5E701240023079309944B
:10BAB0004FF0FF3B0022CDF80CB012230C92DBE7D5
:10BAC00001230993F4E74FF0010BCDF80CB05B466E
:10BAD000CDF830B0D0E701315200D1E7AFF30080AC
:10BAE00061436F63A787D23FB3C8608B288AC63F84
:10BAF000FB799F501344D33FF7E900080EEA000892
:10BB00000000F07FBFE900080000F83F08ED0008E2
:10BB100066EA0008F3E90008BEE90008D9F81C301D
:10BB20001860039B0E2B00F2A180002C00F09E8079
:10BB3000002F33DD9C4B07F00F0203EBC20393EDA4
:10BB4000007BF8058DED0E7B4FEA271416D5974B39
:10BB5000DDE90A01D3E90823F4F7B0FECDE90401D9
:10BB600004F00F040326914D54B9DDE90E23DDE9FD
:10BB70000401F4F7A3FECDE9040128E00226F2E770
:10BB8000E10708D5DDE90E01D5E90023F4F76CFDE6
:10BB9000CDE90E01013664100835E5E700F0AF800D
:10BBA0007C42814B814D04F00F0203EBC203D3E9C9
:10BBB0000023DDE90A01F4F757FDCDE90401241162
:10BBC00000230226002C40F08F80002BD3D1109B45
:10BBD000DDE90445002B00F09480754B00222046DF
:10BBE0002946F4F7B3FF002800F08B80039B002B5D
:10BBF00000F08780BBF1000F34DD20466D4B002242
:10BC00002946F4F731FDCDE9040107F1FF3801368B
:10BC10005C463046F4F7BEFCDDE90423F4F724FD6E
:10BC2000654B0022F4F76AFB0546A1F15076002C23
:10BC30006AD1DDE90401614B0022F4F75DFB0246A5
:10BC40000B46CDE904232A463346F4F79DFF00282E
:10BC500040F09882DDE904012A4606F10043F4F73A
:10BC600075FF38BBDDE90A34CDE90434159B002BA0
:10BC7000C0F257810E2F00F354814B4B03EBC703E7
:10BC800093ED007B0C9B002B8DED007B80F2E5801B
:10BC9000039B002B00F3E1800CD1484B002251ECB8
:10BCA000170BF4F7E1FCDDE90423F4F763FF002848
:10BCB00000F06682002425460C9B56466FEA030876
:10BCC00000272146484601F00BF8002D00F0BD800A
:10BCD0002FB1AF4203D03946484601F001F829465A
:10BCE000484600F0FDFFB0E0E20705D5D5E90023A6
:10BCF000F4F7BAFC013601236410083562E7022626
:10BD000065E7039CB84684E7274B099903EBC40316
:10BD100053E902235444002954D029490020F4F760
:10BD2000CDFD33462A46F4F7E7FACDE90E01564633
:10BD3000DDE90401F4F748FF0546F4F72BFC024661
:10BD40000B46DDE90401F4F7D7FA303502460B461D
:10BD5000CDE9042306F8015BDDE90E23F4F7F6FED6
:10BD6000002872D1DDE9042311490020F4F7C4FA58
:10BD7000DDE90E23F4F7EAFE002840F0B480A64285
:10BD80003FF470AFDDE90E010A4B0022F4F76CFCC2
:10BD9000084BCDE90E010022DDE90401F4F764FC53
:10BDA000CDE90401C4E700BF08ED0008E0EC00089D
:10BDB0000000F03F0000244000001C400000144040
:10BDC0000000E03F31462846F4F74EFCCDE90E0175
:10BDD00013945646DDE90401F4F7F6FE0546F4F740
:10BDE000D9FB02460B46DDE90401F4F785FA30354C
:10BDF00006F8015B02460B46A642CDE904234FF04C
:10BE0000000224D1AF4BDDE90E01F4F777FA0246C8
:10BE10000B46DDE90401F4F7B7FE002863D1DDE944
:10BE20000E23A8490020F4F767FA02460B46DDE925
:10BE30000401F4F78BFE00283FF414AF139E731E29
:10BE4000139316F8013C302BF8D047463BE09E4B4D
:10BE5000F4F70AFCCDE90401BCE7DDE904455646E8
:10BE6000DDE9002320462946F4F728FDF4F7ACFE6F
:10BE70008046F4F78FFBDDE90023F4F7F5FB02467B
:10BE80000B462046294608F13004F4F735FA06F847
:10BE9000014B039DA6EB0A04A54202460B4633D193
:10BEA000F4F72CFADDE9002304460D46F4F76CFEA6
:10BEB000C0B9DDE9002320462946F4F73DFE10B164
:10BEC00018F0010F0ED10299484600F009FF002337
:10BED0003370119B01371F60219B002B00F04B82B8
:10BEE0001E6048E2B84633461E4613F8012D392A33
:10BEF00006D19A45F8D1302208F101088AF80020CD
:10BF00001A7801321A70A0E76F4B0022F4F7ACFBED
:10BF10000022002304460D46F4F70EFE00289FD0B1
:10BF2000D1E7099A002A00F0EA80079A012A00F373
:10BF3000CD80129A002A00F0C18003F23343089C9E
:10BF4000009E009A1A440092069A01211A4448461B
:10BF5000069200F0C3FF054666B1069B002B09DD83
:10BF6000B342009AA8BF3346D21A0092069AF61A34
:10BF7000D31A0693089B0BB3099B002B00F0C680D5
:10BF8000002C00F0C08029462246484601F05EF8A9
:10BF9000029A01460546484600F0B6FF02998046DF
:10BFA000484600F09DFE089B1B1B089300F0B180E3
:10BFB000089A4146484601F049F802900121484656
:10BFC00000F08CFF0D9B0446002B00F0D8811A4630
:10BFD0000146484601F03AF8079B012B044600F35E
:10BFE0009F80049B002B40F09780059BC3F31303B5
:10BFF000002B40F09380059B23F000431B0D1B0595
:10C0000033B1009B01330093069B01330693012358
:10C0100008930D9B002B00F0B881236904EB830388
:10C02000186900F00FFFC0F12000069B184410F0C3
:10C030001F0000F08280C0F12003042B73DD009B01
:10C04000C0F11C0003440093069B0344064406937E
:10C05000009B002B05DD02991A46484601F050F876
:10C060000290069B002B05DD21461A46484601F04A
:10C0700047F80446109B002B61D00298214601F03E
:10C08000ABF800285BDA002302990A22484600F048
:10C0900049FE099B029007F1FF38002B00F07781E1
:10C0A000294600230A22484600F03CFEBBF1000F5F
:10C0B00005466FDC079B022B49DC6BE0149BC3F148
:10C0C00036033CE70000E03F00002440039B5C1E79
:10C0D000089BA34209DB1C1B039B002BBFF630AF60
:10C0E000009B039A9E1A00232BE7089B0D9A089445
:10C0F000E31A1A44009E039B0D92002421E7089C3A
:10C10000009E099D28E7DDF8088051E7089A02990A
:10C1100050E7CDF8088051E7002379E7049B77E7E3
:10C120000023089379E793D0009A1C331A440092B5
:10C13000069A1A441E4406928AE70346F4E7039BD4
:10C14000002BB84620DC9B46079B022B1EDDBBF173
:10C15000000F7FF4B1AD21465B460522484600F052
:10C16000E1FD01460446029801F036F800287FF709
:10C17000A3AD5646312306F8013B08F101089FE5BF
:10C18000039CB8462546F4E7DDF80CB0099B002B6C
:10C1900000F00181002E05DD29463246484600F0B8
:10C1A000AFFF0546089B002B5CD06968484600F04D
:10C1B00057FD064628B9824B024640F2EF21FFF7B1
:10C1C0004ABB2A690232920005F10C010C30FFF7DC
:10C1D00082FA01223146484600F092FF0AF101033B
:10C1E00000930AEB0B030893049B03F001032F4613
:10C1F00006930546009B0298214603F1FF3BFFF79B
:10C2000089FA03463033039039460298099300F0C7
:10C21000E3FF2A4604902146484600F0F9FFC26831
:10C22000099B064602BB0146029800F0D5FF099B18
:10C230000246314648460C92099300F051FD079B97
:10C240000C9A009E42EA0301069B1943099B0DD1FB
:10C25000392B27D0049A002A01DD039B31338BF858
:10C2600000302EE52846B9E70122E2E704990029CB
:10C2700004DB079801430698014320D1002AEEDD34
:10C28000029900930122484600F03AFF21460290AD
:10C2900000F0A2FF0028009B02DCE0D1DA07DED527
:10C2A000392BDAD139238BF8003033461E46013B57
:10C2B00016F8012C392A4ED001321A7001E5002AF5
:10C2C00003DD392BEED00133C9E7009A089902F853
:10C2D000013C8A4228D0029900230A22484600F0F5
:10C2E00021FDAF4202904FF000034FF00A023946A1
:10C2F000484607D100F016FD07460546009B01336E
:10C30000009377E700F00EFD2946074600230A2236
:10C31000484600F007FD0546F0E7BBF1000FCCBF33
:10C320005E460126564400270299009301224846A2
:10C3300000F0E6FE2146029000F04EFF0028B4DC3B
:10C3400002D1009BDB07B0D433461E4613F8012D03
:10C35000302AFAD0B5E49A45A8D1312308F1010872
:10C360008AF80030ADE4219BDFF858A01BB10AF138
:10C370000803219A1360504617B0BDE8F08F079B61
:10C38000012B7FF72EAE0D9B089301204DE6BBF1EC
:10C39000000F7FF7D9AE564602982146FFF7BAF94B
:10C3A00000F1300306F8013BA6EB0A029345B4DD29
:10C3B000029900230A22484600F0B4FC0290EBE701
:10C3C00066EA0008EAE9000838B50546002941D0C8
:10C3D00051F8043C0C1F002BB8BFE41800F034FCEB
:10C3E0001D4A136833B9636014602846BDE83840BD
:10C3F00000F030BCA34208D9206821188B4201BF4D
:10C4000019685B6809182160EDE71A465B680BB193
:10C41000A342FAD911685018A0420BD120680144F8
:10C42000501883421160E0D118685B68536008447B
:10C430001060DAE702D90C232B60D6E720682118B8
:10C440008B4204BF19685B68636004BF09182160F0
:10C450005460CAE738BD00BF843A00200369B3EBDB
:10C46000611F2DE9F0434FEA611200F1140445DD2C
:10C4700011F01F0104EB830604EB82050CD100F1DF
:10C4800010072946B14234D39B1A9B00EA1E9642FC
:10C4900038BF0023234415E054F82270C1F120086E
:10C4A000CF4005F1040EA1467645F44615D89A1AF8
:10C4B0009200043A0135AE4238BF0022A318A750BB
:10C4C00007B104331A1BA3424FEAA20208BF00239C
:10C4D000026108BF4361BDE8F083DCF800C00CFADC
:10C4E00008FC4CEA070749F8047B5EF8047BCF4060
:10C4F000DAE751F804CB47F804CFC3E72346E1E776
:10C50000A0F13003092B02D82038C0B27047A0F147
:10C510006103052B01D84738F7E7A0F14103052B4C
:10C5200001D82738F1E70020704700002DE9F04FCF
:10C5300085B08A4602930B68019090469C1CA146E8
:10C5400014F8010B3028FAD0A9EB0303A3F1020B76
:10C55000FFF7D6FF0546002868D1A04901224846CA
:10C56000FEF7FCFF0746002867D199F80100264630
:10C57000FFF7C6FF002862D0234618783028994676
:10C5800003F10103F9D0FFF7BBFFB0FA80F56D09A5
:10C590004FF0010B4A46164601323078FFF7B0FFE4
:10C5A0000028F8D18D4901223046FEF7D7FF002838
:10C5B0003FD144B9741C2246164601323078FFF749
:10C5C0009FFF0028F8D1A41BA700337803F0DF03F6
:10C5D000502B3ED173782B2B33D02D2B34D0711CA4
:10C5E00000240878FFF78CFF431EDBB2182B30D8ED
:10C5F000A0F1100211F8010FFFF782FF00F1FF3CDC
:10C600005FFA8CFCBCF1180F4FF00A031ED904B17D
:10C6100052421744CAF80010EDB1BBF1000F0CBF35
:10C6200006250025284605B0BDE8F08F00252C46DC
:10C63000B0E7002CC7D12746C7E74E462F46012555
:10C64000C3E70024B11CCCE70124FBE703FB020095
:10C65000CEE73146DEE7A6EB0903013B2946072B6F
:10C660000ADC019800F0FCFA044640B95C4B024633
:10C67000E4215C4801F0D8F901315B10EFE700F1EB
:10C68000140A002355469B46B14537D345F804BBF1
:10C69000A5EB0A05AD102561584600F0D3FB6D01EE
:10C6A000D8F800602D1AB54254DDAD1B294620464E
:10C6B00000F05FFF814678B16B1E591103F01F0235
:10C6C0005AF821104FF0010909FA02F20A4203D088
:10C6D0004B4536DC4FF0020929462046FFF7BEFEE7
:10C6E0002F44D8F80830BB4242DA0198214600F0C6
:10C6F000F7FA0E9A00231360A32593E716F8012D8D
:10C700002E2A12D0202B04D145F804BB4FF0000B89
:10C710005B4630780393FFF7F3FE039B00F00F00B6
:10C7200098404BEA000B0433AEE7B145EAD82B49F9
:10C73000039301223046FEF711FF039B0028E1D14D
:10C74000A2E7A91E204600F014FF0028C2D04FF037
:10C750000309C1E709DA751B214601982A4600F052
:10C76000CFFC7F1B044600F1140A4FF00009B8E724
:10C77000D8F80450BD426FDDED1BAE4234DCD8F872
:10C780000C30022B22D0032B24D0012B15D1AE422A
:10C7900013D1012E0BD1029AD8F804301360012373
:10C7A0002361CAF800300E9B62251C603AE7711EB7
:10C7B000204600F0DEFE0028EDD10198214600F071
:10C7C0008FFA0E9A0023136050252BE70F9B002B46
:10C7D000F3D1E0E70F9B002BDDD1EEE7ACE90008D9
:10C7E00066EA000877EA00086F1EB9F1000F30D141
:10C7F00027B13946204600F0BCFE81467A1101235C
:10C800005AF8222007F01F07BB4013422946204652
:10C8100018BF49F00209FFF721FED8F80470761B13
:10C820000225B9F1000F47D0D8F80C30022B15D0F3
:10C83000032B17D0012B09D119F0020F06D0DAF81B
:10C84000003049EA030919F0010F0ED145F0100537
:10C8500032E04FF00109D1E70125E2E70F9BC3F178
:10C8600001030F930F9B002BF0D0D4F810B004F10C
:10C8700014034FEA8B0A03EB8B014FF0000C1846B0
:10C8800053F8042BB2F1FF3F1BD001320260022D9E
:10C8900004F114033CD1D8F80020013AB24209D186
:10C8A0007111012253F8213006F01F0602FA06F634
:10C8B0001E423AD145F020050E9B1C60029B1F6072
:10C8C000B0E6994243F804CCD9D8A3689B4517DB5E
:10C8D00061680198013100F0C3F9814618B91A4B1B
:10C8E00002468421C5E62269023204F10C0192005D
:10C8F0000C30FEF7F0FE2146019800F0F1F94C46AD
:10C9000023695A1C04EB8303226101225A61BEE7AA
:10C9100022695A450BDD01212046FFF79FFDD8F81B
:10C9200008300137BB42FFF6E0AE0125C2E716F042
:10C930001F06FAD05344C6F1200653F8040C00F049
:10C9400081FAB042E7DBF0E766EA0008C2F10802CC
:10C95000920070B5C2F120064368046803FA06F538
:10C960002C43D340046040F8043F8842F4D370BDA8
:10C9700030B50368013311F8014B14B9036001208D
:10C9800030BD13F8012BA2F14105192D98BF2032BB
:10C99000A242F0D00020F3E72DE9F04F0B680168C8
:10C9A0005E1102EB860613F01F0387B018BF043632
:10C9B0000025371F82469046019346F8045CB9462D
:10C9C0003C460295AB464A784B1C039342B3104653
:10C9D00005910492FFF794FD002851D1049A05991E
:10C9E000202A18D8029B9B4513DD4C4506D2072D03
:10C9F00004DC2A4649462046FFF7A8FF444552D9A1
:10CA00000023A4F1040944F8043CCDF808B04C46D6
:10CA10001D460399D7E7292A57D10231CAF80010D9
:10CA2000BBF1000F51D04C4506D2072D04DC2A463D
:10CA300049462046FFF78AFF444536D9A8F104024B
:10CA4000234653F8041B42F8041F9F42F9D23B1BB4
:10CA500023F0030304330134033EB44288BF0423AC
:10CA60004344002243F8042B9F42FBD23B681BB98E
:10CA7000474528D101233B60052007B0BDE8F08F72
:10CA80000135082D0BF1010B06DD4445C1D900230A
:10CA900044F8043C0125043C226800F00F0040EA01
:10CAA00002102060B5E70825B3E7019B002BDDD01D
:10CAB000C3F120034FF0FF32DA4056F8043C134034
:10CAC00046F8043CD2E7043FD0E70420D5E7000055
:10CAD000024B0146186800F025B800BF140300207F
:10CAE00070B50F4E0C463168054611B900F08CFF49
:10CAF00030602146284600F087FF431C03D14FF0E9
:10CB0000FF34204670BDC41C24F00304A042F8D0BA
:10CB1000211A284600F078FF0130F2D1EFE700BF7C
:10CB2000803A00202DE9F843CD1C25F00305083597
:10CB30000C2D38BF0C25002D064601DBA94204D977
:10CB40000C2333600020BDE8F883DFF8D48000F0C8
:10CB50007BF8D8F800301C4644BB29463046FFF726
:10CB6000BFFF431C044658D1D8F800402746002F89
:10CB700043D1002C4BD023683946304604EB0309DF
:10CB800000F042FF814542D121686D1A29463046A6
:10CB9000FFF7A6FF01303AD023682B442360D8F872
:10CBA00000305A6862BBC8F800700FE02268521B60
:10CBB00020D40B2A17D96119A342256018BF5960E8
:10CBC000636808BFC8F8001062514B60304600F03F
:10CBD00041F804F10B00231D20F00700C21A1CBF0E
:10CBE0001B1AA350AFE76268A3420CBFC8F800202D
:10CBF0005A60EBE723466468AEE73C467F68B6E7D9
:10CC00001A465B68A342FBD100235360DEE70C2386
:10CC10003360304600F01EF894E70560D6E700BFA9
:10CC2000843A002082B001B901A942B14BB1137816
:10CC30000B601278101E18BF012002B0704710461A
:10CC4000FBE76FF00100F8E70148FEF73ABD00BFCF
:10CC50007C3A00200148FEF735BD00BF7C3A002039
:10CC600070B5C66904460D4676B91020FFF730FF4F
:10CC70000246E06120B9184B18486B2100F0D4FE41
:10CC8000C0E901660660C660E669F36883B1E369DE
:10CC9000DB6853F82500B8B9012101FA05F6721DC9
:10CCA0009200204600F0DEFE60B1C0E901560EE0C1
:10CCB00021220421204600F0D5FEE369F060DB6804
:10CCC000002BE4D1002070BD026843F8252000232A
:10CCD000C0E90333F7E700BFF7E90008D7EA000827
:10CCE00070B5C66905460C4676B91020FFF7F0FE10
:10CCF0000246E86120B9094B09488F2100F094FEF3
:10CD0000C0E901660660C6603CB1EB696268DB6839
:10CD100053F82210216043F8224070BDF7E9000863
:10CD2000D7EA00082DE9F0410D6907460C461E467A
:10CD300001F1140C0020DCF8003099B202FB016113
:10CD40001E0C0B0C02FB063389B2013001EB0341D0
:10CD500085424CF8041B4FEA1346ECDC0EB3A36883
:10CD6000AB4219DC616838460131FFF779FF804634
:10CD700028B902460C4B0D48BA2100F055FE226935
:10CD8000023204F10C0192000C30FEF7A4FC2146A3
:10CD90003846FFF7A5FF444604EB850301355E6185
:10CDA00025612046BDE8F08166EA0008D7EA000860
:10CDB0002DE9F8430C4615461F460922083306465E
:10CDC00093FBF2F3002101229A4209DB3046FFF780
:10CDD00047FF40B90246194B1948D32100F024FE01
:10CDE00052000131F0E7089B4361092D4FF0010328
:10CDF000036116DD04F10909C8462C4418F8013B0B
:10CE00000146303B0A223046FFF78CFFA045F5D1A2
:10CE1000A5F108044C442D1B6319BB4204DBBDE89B
:10CE2000F8830A340925F6E714F8013B0146303B44
:10CE30000A223046FFF776FFEEE700BF66EA0008F9
:10CE4000D7EA0008B0F5803F034636BF0304002050
:10CE50001020B3F1807F3CBF1B020830B3F1805F2C
:10CE60003CBF1B010430B3F1804F3CBF9B0002303C
:10CE7000002B05DB13F0804F00F1010008BF2020DC
:10CE800070470368024613F007000BD0D90721D47E
:10CE9000980749BF5B089B08012013605CBF1360C3
:10CEA0000220704799B209B91B0C1020D9B209B9F8
:10CEB00008301B0A190704BF1B090430990704BF77
:10CEC0009B080230D90703D45B0800F1010003D0AE
:10CED00013607047002070472020704710B50C4643
:10CEE0000121FFF7BDFE024628B9054B054840F277
:10CEF000451100F099FD01234461036110BD00BF9D
:10CF000066EA0008D7EA00082DE9F04F17460A69DB
:10CF10003B699A42A8BF3B468946A4BF0F46994643
:10CF20003D69D9F810A0BB68796805EB0A06B342E1
:10CF300085B0B8BF0131FFF793FE30B90246414BCF
:10CF400041484FF4B17100F06FFD00F1140404EB9F
:10CF5000860E23460022734520D307F1140809F1F9
:10CF6000140108EB850501EB8A030293EB1B153BCB
:10CF700023F0030304331537BD4238BF0423019364
:10CF8000029B03918B420CD8002E03DD5EF8043D1A
:10CF9000002B55D0066105B0BDE8F08F43F8042B97
:10CFA000D9E7B1F800A0BAF1000F1FD0C446A146DE
:10CFB00000275CF8042BD9F800301FFA82FB9BB2E3
:10CFC0000AFB0B333B44D9F80070120C3F0C0AFBF0
:10CFD000027202EB13429BB243EA0243654549F8F1
:10CFE000043B4FEA1247E4D8019BE750039BB3F898
:10CFF00002900431B9F1000F20D023684746A446BF
:10D000004FF0000AB7F800B0BCF8022009FB0B2271
:10D0100052449BB243EA02434CF8043B57F8043BAA
:10D020004FEA134ABCF8003009FB0A3303EB124302
:10D03000BD424FEA134AE5D8019AA35004349FE752
:10D04000013EA1E766EA0008D7EA00082DE9F843A7
:10D05000154612F0030207460E4607D0254C013A4A
:10D06000002354F82220FFF75DFE0646AD103DD0A8
:10D07000FC697CB91020FFF72BFD0246F86128B946
:10D080001D4B1E4840F2B31100F0CEFCC0E9014434
:10D090000460C460D7F81C80D8F808404CB940F24E
:10D0A00071213846FFF71AFF0023C8F8080004462C
:10D0B00003604FF00009EB070AD531462246384697
:10D0C000FFF722FF314680463846FFF709FE464605
:10D0D0006D100BD0206838B9224621463846FFF73C
:10D0E00013FF2060C0F800900446E4E73046BDE836
:10D0F000F88300BFD4EC0008F7E90008D7EA00087D
:10D100002DE9F0470C464968236903EB6218A368D0
:10D11000074691464FEA621A08F10106B3420BDB5B
:10D120003846FFF79DFD054648B90246284B294879
:10D130004FF4EF7100F078FC01315B00EEE7002363
:10D1400000F1140100F110021846534533DB206949
:10D150002AEAEA7A04F1140319F01F0901EB8A01A3
:10D1600003EB800C2BD0C9F1200E8A4600221868F0
:10D1700000FA09F010434AF8040B53F8042B9C45BD
:10D1800022FA0EF2F3D8ACEB0403153B23F00303B1
:10D19000043304F11500604588BF0423CA500AB166
:10D1A00008F10206013E38462E612146FFF798FD40
:10D1B0002846BDE8F08742F8040F0133C5E704397B
:10D1C00053F8042B41F8042F9C45F9D8EAE700BF37
:10D1D00066EA0008D7EA00080A6903460069801A6F
:10D1E00030B50ED11433143103EB820401EB82010C
:10D1F00054F8045D51F8042D954203D005D24FF048
:10D20000FF3030BDA342F3D3FBE70120F9E7000074
:10D210002DE9F74F89460646114648461446FFF762
:10D22000DBFF051E12D129463046FFF719FD0246E5
:10D2300028B93F4B40F237213E4800F0F5FB01236F
:10D24000C0E90435104603B0BDE8F08FBCBF4B46C3
:10D25000A1463046D9F80410BABF1C460125002566
:10D26000FFF7FEFC024618B9314B40F24521E3E7D7
:10D27000D9F810702669C56009F1100309F1140589
:10D2800004F1140E00F1140B05EB87080EEB860673
:10D290000193D9464FF0000C019B5EF8040B53F844
:10D2A00004AF01931FFA8AF3194683B2CB1A000C1C
:10D2B0006344C0EB1A4000EB23409BB243EA0043B7
:10D2C000764549F8043B4FEA204CE5D8331B153B23
:10D2D00023F0030315340433A64238BF04231D444E
:10D2E0005B441E462C4644450ED308F10301491BFE
:10D2F00021F00301033DA84538BF00210B4453F83A
:10D30000041D91B117619DE754F8041BE646080C13
:10D310001CFA81FC714400EB2C4089B241EA0041C7
:10D3200046F8041B4FEA204CDDE7013FE7E700BF6A
:10D3300066EA0008D7EA000882B08DED000B019A7A
:10D340000F4B1340A3F15073002B08DC5B42B3F189
:10D35000A07F4FEA235204DA4FF400231341002246
:10D3600008E0A2F114031E2BDABF4FF00042DA40AE
:10D37000012200231946104641EC100B02B0704701
:10D380000000F07F2DE9F041066900F1140808EB78
:10D390008606371F56F8042C1046FFF753FDC0F1E0
:10D3A00020030A280B601B4915DCC0F10B0C22FA84
:10D3B0000CF3B84543EA010534BF56F8083C002396
:10D3C000153002FA00F023FA0CF303431C4645EC37
:10D3D000104BBDE8F081B8453ABF56F8083CA6F1BD
:10D3E000080700230B3812D0C0F1200123FA01F402
:10D3F00082402243474542F07F558CBF57F8042CAA
:10D4000000228340CA4045F440151343DEE742EA58
:10D410000105DBE70000F03F2DE9F7430F4601214E
:10D4200059EC108B1646FFF71BFC044630B9024638
:10D43000234B244840F20F3100F0F6FAC9F30A55A5
:10D44000C9F313030DB143F480130193B8F1000342
:10D4500023D068460093FFF714FDDDE90012D0B138
:10D46000C0F1200302FA03F30B43C240636101924F
:10D47000019BA361002B0CBF012202222261A5B1F6
:10D48000A5F2334505443D60C0F1350030602046CB
:10D4900003B0BDE8F0836161EAE701A8FFF7F1FCA2
:10D4A000019B636120300122E8E704EB8203A0F2D4
:10D4B000324038601869FFF7C5FCC0EB4210E5E761
:10D4C00066EA0008D7EA00082DE9F04F85B0CDE9FB
:10D4D000001002A9FFF756FF009803A955EC104B66
:10D4E000FFF750FF019B1969009B1B69C91ADDE911
:10D4F00002329B1A5BEC10AB03EB4113002BCEBF47
:10D500002A46C3EB03335A462F46D946CCBF02EB1B
:10D51000035702EB03594B46524620463946F3F770
:10D52000CDF941EC100B05B0BDE8F08F013970B5B5
:10D5300049111469013102F1140300EB810103EB7D
:10D540008404051FA3420CD3A31A113B23F0030349
:10D550001132A24288BF002318440023884205D319
:10D5600070BD53F8046B45F8046FEBE740F8043BDB
:10D57000F4E700F1140200694B11984210B511DB79
:10D580000ADD11F01F0107D052F8234024FA01F000
:10D5900000FA01F18C420BD102EB8303934203D8D2
:10D5A000002010BD0346F7E753F8041D0029F5D00D
:10D5B0000120F6E70346084641B1FF2A04D98A2232
:10D5C0001A604FF0FF3070470A70012070472DE954
:10D5D000F0478E681F46BE420B6882460C46904656
:10D5E0002DD8B1F90C2012F4906F26D06569096925
:10D5F00005EB4505A3EB010905EBD5757B1C4B44F9
:10D600006D109D4238BF1D46530527D52946FFF7AB
:10D6100089FA064660B321694A46FEF75CF8A38999
:10D6200023F4906343F08003A381266165614E4437
:10D63000A5EB09052660A5603E46BE4200D93E46E0
:10D6400020683246414600F0C5F9A3689B1BA360E1
:10D650002368334423600020BDE8F0872A4600F0A9
:10D6600015FA06460028E0D121695046FEF7ACFEC7
:10D670000C23CAF80030A38943F04003A3814FF084
:10D68000FF30E9E72DE9F04F98468B891B069DB0E6
:10D6900007460D46144610D50B6973B94021FFF7B4
:10D6A00041FA2860286130B90C233B604FF0FF300D
:10D6B0001DB0BDE8F08F40236B6100230993202348
:10D6C0008DF82930CDF80C803023DFF89C818DF85F
:10D6D0002A304FF0010923469A4613F8012B0AB16C
:10D6E000252AF9D1BAEB040B0BD05B46224629461A
:10D6F0003846FFF76CFF013000F0A780099A5A44C2
:10D7000009929AF80030002B00F09F8000234FF020
:10D71000FF32CDE905230AF1010A049307938DF83E
:10D7200053301A935446052214F8011B4E48F2F761
:10D7300087FD049AD8B9D00644BF20238DF8533012
:10D74000110744BF2B238DF853309AF800302A2B51
:10D7500015D0079A544600204FF00A0C214611F8C4
:10D76000013B303B092B4BD9B0B1079214E0A0EB41
:10D77000080309FA03F313430493A246D2E7039B79
:10D78000191D1B680391002BBBBF5B4242F00202D4
:10D7900007930793B8BF049223782E2B0AD163789E
:10D7A0002A2B32D1039B1A1D1B68039243EAE373B1
:10D7B00002340593DFF8C0A0217803225046F2F727
:10D7C0003FFD38B1049BA0EB0A0040228240134386
:10D7D0000134049314F8011B24488DF82810062204
:10D7E000F2F72EFD002836D0214B1BBB039B0733DD
:10D7F00023F0070308330393099B334409936AE733
:10D800000CFB02320C460120A8E7002301340593EB
:10D8100019464FF00A0C204610F8012B303A092A1D
:10D8200003D9002BC6D00591C4E70CFB01210446A7
:10D830000123F0E703AB00932A460E4B04A93846B8
:10D84000FDF756F9421C0646D6D1AB895B063FF57B
:10D850002DAF09982CE703AB00932A46054B04A98A
:10D860003846FDF7DDFBEDE730EB00083AEB00084A
:10D87000F1AA0008CFD5000836EB0008B1F90C205A
:10D880002DE9F041160705460C4654D44B68002B91
:10D8900002DC0B6C002B48DDE66A002E45D000232D
:10D8A00012F480522F68216A2B6030D0626DA389F8
:10D8B000590705D56368D21A636B0BB1236CD21A72
:10D8C0000023E66A216A2846B047431CA38906D193
:10D8D00029681D292BD82A4ACA40D60727D50022F5
:10D8E0006260D9042269226004D5421C01D12B68F0
:10D8F00003B96065616B2F60B9B104F144039942CB
:10D9000002D02846FEF760FD002363630DE001238B
:10D910002846B0470246501CC9D12B68002BC6D000
:10D920001D2B01D0162B1ED12F60002022E043F0CA
:10D9300040031BB21BE00F69002FF6D093070E685F
:10D9400008BF4B690F6018BF0023A6EB07088B6068
:10D95000B8F1000FE9DD216AA66A43463A46284637
:10D96000B047002808DCB4F90C3043F04003A38131
:10D970004FF0FF30BDE8F0810744A8EB0008E7E76F
:10D980000100402038B50B6905460C4613B9002547
:10D99000284638BD18B1036A0BB9FDF7EBFCB4F9A2
:10D9A0000C30002BF3D0626ED00704D4990502D45A
:10D9B000A06DFDF786FE28462146FFF75FFF636EE8
:10D9C000DA070546E4D4A3899B05E1D4A06DFDF7F1
:10D9D00079FEDDE7884210B501EB020402D98442EA
:10D9E000234607D8431EA14208D011F8012B03F8A3
:10D9F000012FF8E7024401468A4200D110BD13F816
:10DA0000014D02F8014DF7E738B5064D00230446F5
:10DA100008462B60F3F724FB431C02D12B6803B1AB
:10DA2000236038BD783A00201FB514461A46094BCA
:10DA30001B680546D8684CB1074B0091CDE901340D
:10DA400006492B4600F050F800F060F8044B1C46E5
:10DA5000F3E700BF1403002041EB00084EEB000881
:10DA60007CEB000870B5A1FB025434B92946FFF7DE
:10DA700059F8064628B9304670BD0C2202600026CF
:10DA8000F9E72A462146FDF761FDF4E72DE9F0416B
:10DA9000074614460D4621B9BDE8F0411146FFF78F
:10DAA00041B82AB9FEF790FC25462846BDE8F0812A
:10DAB00000F033F88442064602D8B4EB500FF4D895
:10DAC00021463846FFF72EF8804608B94546ECE770
:10DAD000B4422246294628BF3246FDF7FCFD2946BE
:10DAE0003846FEF771FCF1E70EB403B5014603AB0F
:10DAF000054853F8042B0068019300F03FF802B08A
:10DB00005DF804EB03B070471403002008B506204D
:10DB100000F008FA0120F3F773FA51F8043C181FDB
:10DB2000002BBCBF0B58C01870479368013B002BFB
:10DB300010B4936008DA9469A34201DB0A2903D187
:10DB40005DF8044B00F032B91368581C106019706E
:10DB500008465DF8044B7047F8B506460F46144674
:10DB6000D518AC4201D1002007E014F8011B3A4659
:10DB70003046FFF7DAFF431CF3D1F8BD2DE9F04F33
:10DB80000D469DB014469846064618B1036A0BB977
:10DB9000FDF7F0FB6B6ED90705D4AB899A0502D46B
:10DBA000A86DFDF78EFDAB891B0701D52B699BB9CD
:10DBB0002946304600F038F970B16B6EDC0704D5A9
:10DBC0004FF0FF301DB0BDE8F08FAB899805F7D45A
:10DBD000A86DFDF777FDF3E70023099320238DF867
:10DBE0002930CDF80C803023DFF8AC818DF82A3055
:10DBF0004FF0010923469A4613F8012B0AB1252A52
:10DC0000F9D1BAEB040B0BD05B46224629463046CD
:10DC1000FFF7A2FF013000F0A780099A5A44099249
:10DC20009AF80030002B00F09F8000234FF0FF3265
:10DC3000CDE905230AF1010A049307938DF85330C7
:10DC40001A935446052214F8011B5348F2F7F8FAC8
:10DC5000049AD8B9D10644BF20238DF85330130756
:10DC600044BF2B238DF853309AF800302A2B15D05F
:10DC7000079A544600204FF00A0C214611F8013B48
:10DC8000303B092B4BD9B0B1079214E0A0EB08034D
:10DC900009FA03F313430493A246D2E7039B191D29
:10DCA0001B680391002BBBBF5B4242F0020207934B
:10DCB0000793B8BF049223782E2B0AD163782A2BBE
:10DCC00032D1039B1A1D1B68039243EAE3730234AB
:10DCD0000593DFF8D4A0217803225046F2F7B0FA7A
:10DCE00038B1049BA0EB0A00402282401343013468
:10DCF000049314F8011B29488DF828100622F2F726
:10DD00009FFA00283FD0264B1BBB039B073323F011
:10DD1000070308330393099B3B4409936AE70CFB11
:10DD200002320C460120A8E700230134059319466E
:10DD30004FF00A0C204610F8012B303A092A03D97B
:10DD4000002BC6D00591C4E70CFB0121044601233A
:10DD5000F0E703AB00932A46124B04A93046FCF7C8
:10DD6000C7FE0746781CD6D16B6ED90705D4AB89A0
:10DD70009A0502D4A86DFDF7A5FCAB895B063FF5BB
:10DD80001FAF09981EE703AB00932A46054B04A971
:10DD90003046FDF745F9E4E730EB00083AEB0008C0
:10DDA000F1AA000859DB000836EB0008F8B50E466A
:10DDB0001446054618B1036A0BB9FDF7DBFAA369EF
:10DDC000A360A3891A0701D5236943B921462846D0
:10DDD00000F02AF818B14FF0FF373846F8BD236835
:10DDE0002269981A6369F6B28342374605DC2146F8
:10DDF0002846FFF7C7FD0028EDD1A368013BA360CB
:10DE000023685A1C22601E706269431C9A4204D027
:10DE1000A389DB07E1D50A2EDFD121462846FFF78B
:10DE2000B1FD0028D9D0D6E738B5294B054618688A
:10DE30000C4618B1036A0BB9FDF79CFAB4F90C3023
:10DE4000190722D4DA0607D409222A6043F04003D6
:10DE5000A3814FF0FF3033E0580712D5616B41B119
:10DE600004F14403994202D02846FEF7ADFA00239C
:10DE70006363A38923F02403A381002363602369E0
:10DE80002360A38943F00803A38123694BB9A389C5
:10DE900003F42073B3F5007F03D02146284600F039
:10DEA00083F8B4F90C3013F001020AD00022A2600A
:10DEB00062695242A261226942B913F08000C5D161
:10DEC00038BD990758BF6269A260F4E70020F7E700
:10DED000140300201F2938B505460C4604D9162323
:10DEE00003604FF0FF3038BDC26B12B152F82130E1
:10DEF0004BB9284600F030F8224601462846BDE8D6
:10DF0000384000F017B8012B0AD0591C03D1162352
:10DF100003600120E7E7002142F8241020469847DB
:10DF20000020E0E7024B01461868FFF7D3BF00BFAF
:10DF30001403002038B5074D002304460846114657
:10DF40002B60F3F755F8431C02D12B6803B1236013
:10DF500038BD00BF783A0020F3F748B870B50C46DA
:10DF6000B1F90E10002996B015461E460DDAA389A8
:10DF700013F0800F4FF0000114BF40234FF4806373
:10DF8000002031602B6016B070BD6A4600F048F882
:10DF90000028ECDB019901F47041A1F500535942CE
:10DFA00059414FF48063EBE78B89F7B59D0706462F
:10DFB0000C4607D504F14703236023610123636105
:10DFC00003B0F0BD01AB6A46FFF7C8FF009F0546EE
:10DFD00039463046FEF7A6FD48B9B4F90C309A052B
:10DFE000EED423F0030343F00203A381E2E7A38905
:10DFF000206043F08003A381019BC4E904075BB167
:10E00000B4F90E10304600F01DF828B1A38923F0B2
:10E01000030343F00103A381A3891D43A581CFE737
:10E0200038B5074D00230446084611462B60F3F728
:10E030000EF8431C02D12B6803B1236038BD00BF2A
:10E04000783A002038B5064D0023044608462B6078
:10E05000F3F702F8431C02D12B6803B1236038BDEB
:10E06000783A0020F8B500BFF8BC08BC9E4670475F
:0CE07000F8B500BFF8BC08BC9E46704725
:10E080000000000001020304000000000000000086
:10E09000010203040607080963616E4D6F64652081
:10E0A000696E0D0A000000005258203A2030782591
:10E0B000580D0A0063616E4D6F6465206F75740DB5
:10E0C0000A000000636C694D6F646520696E0D0A7B
:10E0D00000000000636C694D6F6465206F75740DFE
:10E0E0000A0000000D0A0000636C69232000000094
:10E0F0001B5B2564440000001B5B2564500000008E
:10E10000200C0A0D090B0000437572736F722020FA
:10E110003A2025640D0A0000436F756E742020209C
:10E120003A2025640D0A00006275665F6C656E20FA
:10E130003A2025640D0A0000627566202020202008
:10E140003A2025730D0A00006C696E655F69202016
:10E150003A2025640D0A00006C696E655F6C7420BE
:10E160003A2025640D0A00006C696E655F6320200B
:10E170003A2025640D0A000062756620256420207F
:10E18000203A2025730D0A001B5B3150000000006F
:10E190000820081B5B3150001B5B346825631B5B48
:10E1A000346C00001B5B2564430000002D2D2D2DD9
:10E1B0002D2D2D2D2D2D20636D64206C6973742001
:10E1C0002D2D2D2D2D2D2D2D2D0D0A002D2D2D2DEF
:10E1D0002D2D2D2D2D2D2D2D2D2D2D2D2D2D2D2D6F
:10E1E0002D2D2D2D2D2D2D2D2D0D0A003E3E206D7A
:10E1F000642061646472205B73697A655D200D0A36
:10E20000000000000D0A20202000000020307825AA
:10E210003038583A20000000203078253038580037
:10E2200020207C00256300002E0000007C0D0A20C9
:10E230002020000068656C70000000006D64000024
:10E2400063616E002020455252203A2043414E5FC8
:10E250004552525F504153534956450D0A00000044
:10E260002020455252203A2043414E5F4552525F92
:10E270005741524E494E470D0A000000202045529A
:10E2800052203A2043414E5F4552525F4255535F00
:10E290004F46460D0A000000696E666F00000000E0
:10E2A00069735F6F70656E202020202020203A2047
:10E2B00025640D0A00000000715F72785F66756C5E
:10E2C0006C5F636E74203A2025640D0A0000000024
:10E2D000715F74785F66756C6C5F636E74203A2052
:10E2E00025640D0A000000006669666F5F66756C44
:10E2F0006C5F636E74203A2025640D0A00000000F4
:10E300006669666F5F6C6F73745F636E74203A202A
:10E3100025640D0A000000007265616400000000C1
:10E3200025303364285229203C2D206964200000C8
:10E330007374642000000000657874200000000001
:10E340003A203078253038582C204C3A2530326429
:10E350002C200000307825303258200073656E6420
:10E360000000000025303364285429202D3E206908
:10E3700064200000457272436E74203A2025642C9C
:10E380002025640D0A000000436E74203A202564A5
:10E390000D0A0000457272436F6465203A203078A0
:10E3A00025580D0A000000004275734F6666205222
:10E3B00065636F766572790D0A00000063616E20F7
:10E3C000696E666F0D0A000063616E20726561649C
:10E3D0000D0A000063616E2073656E640D0A000013
:10E3E000693263007363616E0000000049324320AC
:10E3F0004348256420416464722030782558203ACF
:10E40000204F4B0D0A0000006F70656E0000000089
:10E410004932432043482564204F70656E204F4B9E
:10E420000D0A00004932432043482564204F70659F
:10E430006E204661696C0D0A0000000025642049C9
:10E440003243202D20307825303258203A20307841
:10E45000253032580D0A0000256420493243202D12
:10E46000204661696C200D0A000000007772697413
:10E4700065000000256420493243202D2030782596
:10E48000303258203A203078253032582C202564FC
:10E49000206D730D0A000000726561643136000062
:10E4A0007772697465313600256420493243202D26
:10E4B00020307825303258203A20307825303258B4
:10E4C0002C2025642075730D0A0000007772697492
:10E4D0006544617461000000693263207363616E9A
:10E4E000206368616E6E656C5B317E25645D0D0A2C
:10E4F00000000000693263206F70656E2063686100
:10E500006E6E656C5B317E25645D0D0A0000000057
:10E510006932632072656164206368616E6E656C48
:10E52000206465765F61646472207265675F616410
:10E530006472206C656E6774680D0A00693263202E
:10E540007772697465206368616E6E656C206465BE
:10E55000765F61646472207265675F6164647220D3
:10E56000646174610D0A0000693263207265616440
:10E570003136206368616E6E656C206465765F611C
:10E58000646472207265675F61646472206C656E9A
:10E590006774680D0A00000069326320777269743D
:10E5A000653136206368616E6E656C206465765FE8
:10E5B00061646472207265675F6164647220646183
:10E5C00074610D0A0000000069326320777269747B
:10E5D0006544617461206368616E6E656C2064657A
:10E5E000765F61646472207265675F616464722043
:10E5F000646174610D0D0A00626F6F742E6C696E38
:10E60000655F696E6465782025640D0A000000006E
:10E61000626F6F742E6275665F6C656E67746820DA
:10E6200025640D0A000000006C6973742E6C696E1D
:10E63000655F696E6465782025640D0A000000003E
:10E640006C6973742E6275665F6C656E67746820A2
:10E6500025640D0A00000000626F6F740000000066
:10E660006C697374000000006C6F6720696E666FE0
:10E670000D0A00006C6F6720626F6F740D0A000056
:10E680006C6F67206C6973740D0A00006C6F670013
:10E6900025303458092573007573620055534220A4
:10E6A000436F6E6E656374203A2025640D0A000086
:10E6B000555342204F70656E202020203A2025645B
:10E6C0000D0A00001B5B2564410000001B5B2564F4
:10E6D00042000000747800007478203A20256420FD
:10E6E0004B422F730D0A0000313233343536373840
:10E6F00039303132333435363738393031323334DA
:10E700003536373839300D0A0000000072780000C5
:10E710007278203A202564204B422F730D0A0000A6
:10E7200075736220696E666F0D0A00007573622052
:10E7300074780D0A000000007573622072780D0A6B
:10E7400000000000757362426567696E202020201A
:10E750002009093A204344435F4D4F44450D0A00C8
:10E7600053544D3332205669727475616C20436F77
:10E770006D506F727400000053544D6963726F6581
:10E780006C656374726F6E69637300004344432069
:10E79000436F6E666967000043444320496E7465A9
:10E7A00072666163650000005B204669726D776187
:10E7B000726520426567696E2E2E2E205D0D0A005F
:10E7C00053544D333247343331000000426F6F747D
:10E7D000696E672E2E4E616D652009093A202573FA
:10E7E0000D0A00005632353032323052310000000E
:10E7F000426F6F74696E672E2E566572202009096C
:10E800003A2025730D0A00000000000002000000FD
:10E8100003000000000000000001000000030000F1
:10E8200000000000010000000200000003000000E2
:10E8300004000000050000000600000007000000C2
:10E8400008000000090000000A0000000B000000A2
:10E850000C0000000D0000000E0000000F00000082
:10E8600000000000010000000200000003000000A2
:10E870000400000005000000060000000700000082
:10E88000080000000C000000100000001400000050
:10E8900018000000200000003000000040000000D0
:10E8A00028000000080000000B0000000800000025
:10E8B00020000000080000000B000000080000001D
:10E8C00010000000080000000B000000080000001D
:10E8D00008000000080000000B0000000800000015
:10E8E00004000000080000000B0000000800000009
:10E8F00002000000080000000B00000008000000FB
:10E9000001000000080000000B00000008000000EB
:10E9100001000000080000000900000006000000DF
:10E9200032000000010000000D00000002000000A5
:10E9300028000000010000000D000000020000009F
:10E9400014000000010000000D00000002000000A3
:10E950000A000000010000000D000000020000009D
:10E9600005000000010000000D0000000200000092
:10E97000EC9D9030FF7BF000980D002000000048D7
:10E9800000800000000400488000000000080048EB
:10E9900040000100000800481000010000010203CF
:10E9A00004050607080C1014182030402E00494EAC
:10E9B0004600696E66004E414E006E616E0030008A
:10E9C00030313233343536373839414243444546A5
:10E9D000003031323334353637383961626364653B
:10E9E00066004300504F53495800496E66696E698E
:10E9F0007479004E614E005245454E54206D616C55
:10EA00006C6F6320737563636565646564002F6272
:10EA100075696C642F676E752D746F6F6C732D66DE
:10EA20006F722D73746D33325F31332E332E7265F6
:10EA30006C312E32303234303932362D3137313577
:10EA40002F7372632F6E65776C69622F6E65776CBA
:10EA500069622F6C6962632F7374646C69622F64DE
:10EA6000746F612E630042616C6C6F632073756319
:10EA7000636565646564002F6275696C642F676EF9
:10EA8000752D746F6F6C732D666F722D73746D338B
:10EA9000325F31332E332E72656C312E3230323488
:10EAA000303932362D313731352F7372632F6E6521
:10EAB000776C69622F6E65776C69622F6C6962632F
:10EAC0002F7374646C69622F6764746F612D67655E
:10EAD000746865782E63002F6275696C642F676EA9
:10EAE000752D746F6F6C732D666F722D73746D332B
:10EAF000325F31332E332E72656C312E3230323428
:10EB0000303932362D313731352F7372632F6E65C0
:10EB1000776C69622F6E65776C69622F6C696263CE
:10EB20002F7374646C69622F6D707265632E63005D
:10EB3000232D302B2000686C4C00656667454647E6
:10EB4000002C2066756E6374696F6E3A20006173E5
:10EB500073657274696F6E20222573222066616965
:10EB60006C65643A2066696C6520222573222C202E
:10EB70006C696E65202564257325730A000000000A
:10EB800034000000CEFBFFFFCB03000001000000BB
:10EB90000000000035000000CEFBFFFFCB030000AB
:10EBA0000100000000000000BC89D897B2D29C3C54
:10EBB00033A7A8D523F649393DA7F444FD0FA53264
:10EBC0009D978CCF08BA5B25436FAC64280668110B
:10EBD000002020202020202020202828282828202D
:10EBE0002020202020202020202020202020202025
:10EBF000208810101010101010101010101010108D
:10EC0000100404040404040404040410101010107C
:10EC10001010414141414141010101010101010146
:10EC20000101010101010101010101011010101098
:10EC30001010424242424242020202020202020218
:10EC4000020202020202020202020202101010106C
:10EC50002000000000000000000000000000000094
:10EC600000000000000000000000000000000000A4
:10EC70000000000000000000000000000000000094
:10EC80000000000000000000000000000000000084
:10EC90000000000000000000000000000000000074
:10ECA0000000000000000000000000000000000064
:10ECB0000000000000000000000000000000000054
:10ECC0000000000000000000000000000000000044
:10ECD0000000000005000000190000007D00000099
:10ECE0000080E03779C34143176E05B5B5B8934648
:10ECF000F5F93FE9034F384D321D30F94877825A14
:10ED00003CBF737FDD4F1575000000000000F03F31
:10ED100000000000000024400000000000005940F6
:10ED20000000000000408F40000000000088C34049
:10ED300000000000006AF8400000000080842E41BE
:10ED400000000000D01263410000000084D797410A
:10ED50000000000065CDCD41000000205FA0024210
:10ED6000000000E876483742000000A2941A6D4285
:10ED7000000040E59C30A2420000901EC4BCD64278
:10ED800000003426F56B0C430080E03779C3414323
:10ED900000A0D8855734764300C84E676DC1AB4399
:10EDA000003D9160E458E143408CB5781DAF1544B7
:10EDB00050EFE2D6E41A4B4492D54D06CFF0804492
:10EDC000F64AE1C7022DB544B49DD9794378EA44A7
:08EDD0005014FF7F0100000058
:04EDD8000502000828
:04EDDC00E101000849
:10EDE000010000000024F400A0E8000820E9000869
:10EDF0000101000009074300020104C032090400B8
:10EE00000001020201000524001001052401000197
:10EE100004240202052406000107058203080010ED
:10EE200009040100020A0000000705010240000079
:10EE3000070581024000000009024300020100C0F2
:10EE4000320904000001020201000524001001053E
:10EE500024010001042402020524060001070582A2
:10EE60000308001009040100020A00000007050160
:10EE70000240000007058102400000000902430033
:10EE8000020100C032090400000102020100052451
:10EE900000100105240100010424020205240600DB
:10EEA000010705820308001009040100020A00009E
:10EEB00000070501020002000705810200020000B0
:10EEC000EF370008A7370008C1360008000000002F
:10EED000D5350008573600082D360008493B000894
:10EEE000000000000000000009360008FD350008A1
:10EEF00015360008213600080A060002000000400E
:10EF00000100000000C2010000000800053A0008EE
:10EF10003D39000849390008BD390008B9390008F1
:10EF20001A030000000000000000000000000000C4
:10EF300000000000000000000000000004030904BD
:10EF40001201000202020040830440570002010245
:10EF500003010000D53B0008E13B0008A53C000888
:10EF6000813C00086D3C0008C13C0008E53C0008FD
:10EF70000000000001000000100000000000000080
:10EF8000030000003C3900204300000000000000A6
:10EF90000000000000000000000000000000000071
:10EFA000000000000000000043000000000000001E
:10EFB0000000000000000000000000000000000051
:10EFC00000000000000000004300000000000000FE
:10EFD0000000000000000000000000000000000031
:10EFE00000000000000000004300000000000000DE
:10EFF0000000000000000000000000000000000011
:10F0000000000000000000004300000000000000BD
:10F0100000000000000000000000000000000000F0
:10F02000000000000000000043000000000000009D
:10F0300000000000000000000000000000000000D0
:10F04000000000000000000043000000000000007D
:10F0500000000000000000000000000000000000B0
:10F060000000000000000000B5D5000825CC000815
:10F0700000000000D0EB0008ACE900087CEB0008C1
:10F080007CEB00087CEB00087CEB00087CEB0008C4
:10F090007CEB00087CEB00087CEB00087CEB0008B4
:10F0A000FFFFFFFFFFFFFFFFFFFFFFFFFFFF00006E
:10F0B00001004153434949000000000000000000E6
:10F0C0000000000000000000000000000000000040
:10F0D00000004153434949000000000000000000C7
:10F0E0000000000000000000000000000000000020
:10F0F0000000000018030020000000003C39002040
:10F10000A43900200C3A002000000000000000009C
:10F1100000000000000000000000000000000000EF
:10F1200000000000000000000000000000000000DF
:10F1300000000000000000000000000000000000CF
:04F1400000000000CB
:0400000508001229B4
:00000001FF
