:020000040800F2
:1000000000000220691200086D1100086F1100083D
:10001000711100087311000875110008000000003C
:100020000000000000000000000000007711000840
:1000300079110008000000007B1100087D11000804
:10004000B9120008B9120008B9120008B912000864
:10005000B9120008B9120008B9120008B912000854
:10006000B9120008B9120008B9120008B912000844
:10007000B9120008B9120008B9120008B912000834
:10008000B9120008B9120008B912000800000000F7
:10009000000000000000000000000000B91200088D
:1000A000B9120008B9120008B9120008B912000804
:1000B000B9120008B9120008B9120008B9120008F4
:1000C000B9120008B9120008B9120008B9120008E4
:1000D000B9120008B9120008B912000800000000A7
:1000E000B9120008B9120008B91200080000000097
:1000F000000000000000000000000000B91200082D
:1001000000000000B9120008B9120008B912000876
:1001100000000000000000000000000000000000DF
:10012000B9120008B9120008B9120008B912000883
:10013000B9120008000000000000000000000000EC
:10014000000000000000000000000000A11F0008E7
:10015000B9120008B9120008B9120008B912000853
:10016000B9120008B91200080000000000000000E9
:10017000000000000000000000000000000000007F
:1001800000000000B912000800000000000000009C
:08019000B9120008B9120008C1
:1001A00010B5054C237833B9044B13B10448AFF3B1
:1001B00000800123237010BDC80200200000000051
:1001C0001896000808B5034B1BB103490348AFF369
:1001D000008008BD00000000CC0200201896000836
:1001E00001F0FF01102A2BDB10F0070F08D010F8E8
:1001F000013B013A8B422DD010F0070F42B3F6D1EC
:10020000F0B441EA012141EA014122F007047FF004
:1002100000070023F0E80256083C85EA010586EA5B
:10022000010685FA47F5A3FA87F586FA47F6A5FA97
:1002300087F68EB9EED1F0BC01F0FF0102F00702A3
:1002400032B110F8013B013A83EA010313B1F8D14E
:100250000020704701387047002D06BF354603382F
:10026000073815F0010F07D1013015F4807F02BF68
:10027000013015F4C03F0130F0BC0138704700BFB9
:10028000034613F8012B002AFBD1181A01387047D6
:1002900081F0004102E000BF83F0004330B54FEA37
:1002A00041044FEA430594EA050F08BF90EA020FA4
:1002B0001FBF54EA000C55EA020C7FEA645C7FEA37
:1002C000655C00F0E2804FEA5454D4EB5555B8BF5A
:1002D0006D420CDD2C4480EA020281EA030382EACB
:1002E000000083EA010180EA020281EA0303362D5D
:1002F00088BF30BD11F0004F4FEA01314FF4801C30
:100300004CEA113102D0404261EB410113F0004F41
:100310004FEA03334CEA133302D0524263EB4303F8
:1003200094EA050F00F0A780A4F10104D5F1200E96
:100330000DDB02FA0EFC22FA05F2801841F10001F1
:1003400003FA0EF2801843FA05F359410EE0A5F1C5
:1003500020050EF1200E012A03FA0EFC28BF4CF0F6
:10036000020C43FA05F3C01851EBE37101F00045AC
:1003700007D54FF0000EDCF1000C7EEB00006EEBB9
:100380000101B1F5801F1BD3B1F5001F0CD3490843
:100390005FEA30004FEA3C0C04F101044FEA44529A
:1003A00012F5800F80F09A80BCF1004F08BF5FEA21
:1003B000500C50F1000041EB045141EA050130BD01
:1003C0005FEA4C0C404141EB0101013C28BFB1F513
:1003D000801FE9D291F0000F04BF01460020B1FA5E
:1003E00081F308BF2033A3F10B03B3F120020CDA31
:1003F0000C3208DD02F1140CC2F10C0201FA0CF00F
:1004000021FA02F10CE002F11402D8BFC2F1200C73
:1004100001FA02F120FA0CFCDCBF41EA0C01904029
:10042000E41AA2BF01EB0451294330BD6FEA040472
:100430001F3C1CDA0C340EDC04F11404C4F120025D
:1004400020FA04F001FA02F340EA030021FA04F36F
:1004500045EA030130BDC4F10C04C4F1200220FAC6
:1004600002F001FA04F340EA0300294630BD21FA04
:1004700004F0294630BD94F0000F83F4801306BFCA
:1004800081F480110134013D4EE77FEA645C18BFBE
:100490007FEA655C29D094EA050F08BF90EA020F55
:1004A00005D054EA000C04BF1946104630BD91EA4D
:1004B000030F1EBF0021002030BD5FEA545C05D150
:1004C0004000494128BF41F0004130BD14F580048F
:1004D0003CBF01F5801130BD01F0004545F0FE4103
:1004E00041F470014FF0000030BD7FEA645C1ABF38
:1004F000194610467FEA655C1CBF0B46024650EA6F
:10050000013406BF52EA033591EA030F41F400219A
:1005100030BD00BF90F0000F04BF0021704730B520
:100520004FF4806404F132044FF000054FF00001F5
:1005300050E700BF90F0000F04BF0021704730B5B6
:100540004FF4806404F1320410F0004548BF40428B
:100550004FF000013EE700BF42004FEAE2014FEAE0
:1005600031014FEA02701FBF12F07F4393F07F4FBB
:1005700081F06051704732F07F4208BF704793F0BE
:100580007F4F04BF41F40021704730B54FF46074D1
:1005900001F0004521F000411CE700BF50EA0102D4
:1005A00008BF704730B54FF000050AE050EA01027D
:1005B00008BF704730B511F0004502D5404261EBED
:1005C00041014FF4806404F132045FEA915C3FF42E
:1005D000D8AE4FF003025FEADC0C18BF03325FEACB
:1005E000DC0C18BF033202EBDC02C2F1200300FA7C
:1005F00003FC20FA02F001FA03FE40EA0E0021FAA1
:1006000002F11444BDE600BF70B54FF0FF0C4CF48E
:10061000E06C1CEA11541DBF1CEA135594EA0C0F40
:1006200095EA0C0F00F0DEF82C4481EA030621EA7B
:100630004C5123EA4C5350EA013518BF52EA0335B6
:1006400041F4801143F4801338D0A0FB02CE4FF068
:100650000005E1FB02E506F00042E0FB03E54FF098
:100660000006E1FB03569CF0000F18BF4EF0010E90
:10067000A4F1FF04B6F5007F64F5407404D25FEA8C
:100680004E0E6D4146EB060642EAC62141EA55513F
:100690004FEAC52040EA5E504FEACE2EB4F1FD0C81
:1006A00088BFBCF5E06F1ED8BEF1004F08BF5FEAFF
:1006B000500E50F1000041EB045170BD06F00046B1
:1006C00046EA010140EA020081EA0301B4EB5C045E
:1006D000C2BFD4EB0C0541EA045170BD41F4801156
:1006E0004FF0000E013C00F3AB8014F1360FDEBF7B
:1006F000002001F0004170BDC4F10004203C35DA57
:100700000C341BDC04F11404C4F1200500FA05F3D9
:1007100020FA04F001FA05F240EA020001F000427A
:1007200021F0004110EBD37021FA04F642EB0601F0
:100730005EEA430E08BF20EAD37070BDC4F10C041A
:10074000C4F1200500FA04F320FA05F001FA04F2DE
:1007500040EA020001F0004110EBD37041F10001CA
:100760005EEA430E08BF20EAD37070BDC4F12005D5
:1007700000FA05F24EEA020E20FA04F301FA05F23D
:1007800043EA020321FA04F001F0004121FA04F2E5
:1007900020EA020000EBD3705EEA430E08BF20EAB5
:1007A000D37070BD94F0000F0FD101F000464000EF
:1007B00041EB010111F4801F08BF013CF7D041EA71
:1007C000060195F0000F18BF704703F00046520075
:1007D00043EB030313F4801F08BF013DF7D043EA46
:1007E0000603704794EA0C0F0CEA135518BF95EAFC
:1007F0000C0F0CD050EA410618BF52EA4306D1D183
:1008000081EA030101F000414FF0000070BD50EAA1
:10081000410606BF1046194652EA430619D094EA2B
:100820000C0F02D150EA013613D195EA0C0F05D115
:1008300052EA03361CBF104619460AD181EA030169
:1008400001F0004141F0FE4141F470014FF0000021
:1008500070BD41F0FE4141F4780170BD70B54FF0BC
:10086000FF0C4CF4E06C1CEA11541DBF1CEA13553C
:1008700094EA0C0F95EA0C0F00F0A7F8A4EB05041E
:1008800081EA030E52EA03354FEA013100F0888015
:100890004FEA03334FF0805545EA131343EA1263DE
:1008A0004FEA022245EA111545EA10654FEA002693
:1008B0000EF000419D4208BF964244F1FD0404F54C
:1008C000407402D25B084FEA3202B61A65EB0305A8
:1008D0005B084FEA32024FF480104FF4002CB6EB65
:1008E000020E75EB030E22BFB61A754640EA0C00E5
:1008F0005B084FEA3202B6EB020E75EB030E22BF25
:10090000B61A754640EA5C005B084FEA3202B6EB65
:10091000020E75EB030E22BFB61A754640EA9C0024
:100920005B084FEA3202B6EB020E75EB030E22BFF4
:10093000B61A754640EADC0055EA060E18D04FEAB2
:10094000051545EA16754FEA06164FEAC30343EA52
:1009500052734FEAC2025FEA1C1CC0D111F4801F1F
:100960000BD141EA00014FF000004FF0004CB6E718
:1009700011F4801F04BF01430020B4F1FD0C88BFB7
:10098000BCF5E06F3FF6AFAEB5EB030C04BFB6EBC2
:10099000020C5FEA500C50F1000041EB045170BDB5
:1009A0000EF0004E4EEA113114EB5C04C2BFD4EBE2
:1009B0000C0541EA045170BD41F480114FF0000E66
:1009C000013C90E645EA060E8DE60CEA135594EAE2
:1009D0000C0F08BF95EA0C0F3FF43BAF94EA0C0FE5
:1009E0000AD150EA01347FF434AF95EA0C0F7FF45A
:1009F00025AF104619462CE795EA0C0F06D152EAAE
:100A000003353FF4FDAE1046194622E750EA410691
:100A100018BF52EA43067FF4C5AE50EA41047FF4A2
:100A20000DAF52EA43057FF4EBAE12E74FF0FF3C07
:100A300006E000BF4FF0010C02E000BF4FF0010CD8
:100A40004DF804CD4FEA410C7FEA6C5C4FEA430C51
:100A500018BF7FEA6C5C1BD001B050EA410C0CBFA0
:100A600052EA430C91EA030F02BF90EA020F002002
:100A7000704710F1000F91EA030F58BF994208BF69
:100A800090422CBFD8176FEAE37040F00100704726
:100A90004FEA410C7FEA6C5C02D150EA013C07D17D
:100AA0004FEA430C7FEA6C5CD6D152EA033CD3D0C8
:100AB0005DF8040B704700BF8446104662468C46C2
:100AC0001946634600E000BF01B5FFF7B7FF0028F5
:100AD00048BF10F1000F01BD4DF808EDFFF7F4FF1E
:100AE0000CBF012000205DF808FB00BF4DF808EDA9
:100AF000FFF7EAFF34BF012000205DF808FB00BFCC
:100B00004DF808EDFFF7E0FF94BF012000205DF8ED
:100B100008FB00BF4DF808EDFFF7CEFF94BF0120A2
:100B200000205DF808FB00BF4DF808EDFFF7C4FF9B
:100B300034BF012000205DF808FB00BF4FEA410CE4
:100B40007FEA6C5C02D150EA013C0AD14FEA430CC7
:100B50007FEA6C5C02D152EA033C02D14FF0000004
:100B600070474FF0010070474FEA410212F5001242
:100B700015D211D56FF47873B3EB625212D94FEAE4
:100B8000C12343F0004343EA505311F0004F23FACE
:100B900002F018BF404270474FF00000704750EA23
:100BA000013005D111F0004008BF6FF000407047E0
:100BB0004FF00000704700BF53B94AB9002908BF81
:100BC00000281CBF4FF0FF314FF0FF3000F088B914
:100BD000ADF1080C6DE904CE00F006F8DDF804E094
:100BE000DDE9022304B070472DE9F047089D8E46E9
:100BF00004468846002B4AD18A42174662D9B2FA87
:100C000082F64EB1C6F1200301FA06F820FA03F38A
:100C1000B74043EA0808B4404FEA174E1FFA87FC72
:100C2000B8FBFEF1230C0EFB118843EA084301FBDD
:100C30000CF29A4209D9FB1801F1FF3080F0EA80EA
:100C40009A4240F2E78002393B449A1AA3B2B2FBBF
:100C5000FEF00EFB102243EA024300FB0CFC9C4515
:100C600009D9FB1800F1FF3280F0D6809C4540F294
:100C7000D3803B44023840EA0140A3EB0C0300213F
:100C80001DB1F3400022C5E90032BDE8F0878B4278
:100C900005D90DB1C5E9000100210846F5E7B3FA11
:100CA00083F1002946D1734502D3824200F20581C7
:100CB000841A6EEB030201209046002DE5D0C5E9B1
:100CC0000048E2E7002A00F09080B2FA82F6002E97
:100CD00040F0A4808A1A030C4FEA174E80B2BCB2CF
:100CE0000121B2FBFEFC0EFB1C2243EA024304FB83
:100CF0000CF29A4207D9FB180CF1FF3802D29A4243
:100D000000F2E080C4469B1AB3FBFEF20EFB1233E6
:100D100040EA034302FB04F49C4207D9FB1802F1AA
:100D2000FF3002D29C4200F2CA8002461B1B42EAFC
:100D30000C40A5E7C1F120068B4022FA06F71F43BD
:100D40000EFA01F420FA06F32EFA06FE4FEA1749CE
:100D5000234300FA01F81FFA87FCBEFBF9F01C0CD4
:100D600009FB10EE44EA0E4400FB0CFEA64502FA15
:100D700001F209D93C1900F1FF3A80F09C80A645A8
:100D800040F2998002383C44A4EB0E041FFA83FE23
:100D9000B4FBF9F309FB13444EEA044403FB0CFCD7
:100DA000A44508D93C1903F1FF3E80F08280A44598
:100DB0007FD9023B3C4443EA0040A4EB0C04A0FB77
:100DC00002EC64457346E14662D35FD05DB1B8EB97
:100DD000030264EB090404FA06F622FA01F31E4347
:100DE000CC40C5E9006400214FE7B1FBF2FC010CE7
:100DF00041EA0E4180B240EA01423B4638463C4659
:100E0000B846BE462026B1FBF7F1A2EB080241EA44
:100E10000C4166E7014618E710462CE7C6F12002B0
:100E20002EFA02F3B740B14020FA02F24FEA174E11
:100E30000A43B3FBFEF8BCB20EFB1833110C41EAB7
:100E4000034108FB04F9B04089454FEA104380B2E2
:100E50003ED9791808F1FF3C01D289451FD8A1EB92
:100E60000901B1FBFEF909FB04F80EFB191192B25E
:100E700042EA0142424529D2BA1809F1FF31C4D2EF
:100E80004245C2D2A9F102013A44BEE7F0459DD2E3
:100E9000BEEB02036CEB070C0138E14696E7A7EBCB
:100EA00009094944A8F1020CB1FBFEF909FB04F859
:100EB000DBE773467FE7504666E70846FDE63B44BE
:100EC000023A33E7ACF1020C3B441CE749469CE78D
:100ED000A1EB0901C446B1FBFEF909FB04F8C4E724
:100EE000704700BF08B540F6B83000F069F801F06F
:100EF000CFFA08BD10B582B00BE02749002001F001
:100F000047FC264B1A68264B1B68D31AB3F57A7F29
:100F10002DD200F059F8214B1860002001F0BAFBE7
:100F20000028EED0002001F0D7FB3228E5D033288E
:100F300006D03128E5D11B49002001F029FCE0E76B
:100F4000194801F029F919499F230B70184C0A23FD
:100F5000009304232246002001F0AEF9E3780093C9
:100F6000A37862782178134801F016F9C9E70C4B91
:100F70001A6000F0DBFF58B1002001F091F80E4B31
:100F80001A6801321A600D49002001F001FCC0E727
:100F9000002001F075F8BCE748960008F002002038
:100FA000F4020020309600085C960008E802002059
:100FB000E402002070960008EC02002080960008F1
:100FC00008B501F04FFD08BD08B501F045FD08BDAD
:100FD00072B6FEE700B595B03022002108A806F0F1
:100FE0004DFA00230393049305930693079301930B
:100FF0001F4A116C41F080511164126C02F0805252
:101000000192019A02931B4B1A6842F440421A6003
:101010001B6803F440430293029B012308934FF49F
:101020008033099302230E934FF480020F9219220A
:101030001092C022119212930423139308A802F075
:10104000A1FE88B90F230393022304930023059381
:101050004FF4805206920793032103A803F0E2F8AD
:1010600020B915B05DF804FBFFF7B2FFFFF7B0FF42
:10107000003802400070004000B589B001F0C6FCA5
:10108000FFF7A8FF00220092294B596C41F48041E0
:101090005964596C01F48041009100990192196CD6
:1010A00041F080511964196C01F08051019101994E
:1010B0000292196B41F001011963196B01F00101F2
:1010C000029102990392196B41F002011963196BA5
:1010D00001F00201039103990492196B41F004019C
:1010E0001963196B01F00401049104990592196BBD
:1010F00041F008011963196B01F008010591059988
:101100000692196B41F010011963196B01F010017F
:101110000691069907921A6B42F080021A631B6BC4
:1011200003F080030793079B012009B05DF804FBDF
:101130000038024082B0002100910B4B5A6C42F4FF
:1011400080425A645A6C02F480420092009A0191E3
:101150001A6C42F080521A641B6C03F080530193A6
:10116000019B02B0704700BF00380240FEE7FEE777
:10117000FEE7FEE7FEE770477047704708B501F0ED
:101180005FFC08BD0120704708B506F0C9F91623B9
:1011900003604FF0FF3008BD08B54FF0FF31FFF797
:1011A000F3FFFEE770B50C461646002506E0AFF3E8
:1011B0000080214601F8010B01350C46B542F6DBF3
:1011C000304670BD70B50C461646002504E014F894
:1011D000010BAFF300800135B542F8DB304670BD3E
:1011E0004FF0FF3070474FF400534B6000207047C2
:1011F000012070470020704710B503460C4A0D4986
:101200000D48006840B10C4800680344521A9342EC
:1012100006D8094A136010BD0748084C0460F2E77D
:1012200006F07EF90C2303604FF0FF30F3E700BFB8
:101230000000022000040000F8020020B04300205B
:10124000034AD2F8883043F47003C2F888307047FC
:1012500000ED00E008B501F095FBFFF743FEFFF756
:1012600049FE002008BD0000DFF834D0FFF7E8FF9A
:101270000C480D490D4A002302E0D458C4500433F1
:10128000C4188C42F9D30A4A0A4C002301E01360C7
:101290000432A242FBD306F049F9FFF7DBFF7047A7
:1012A0000000022000000020C8020020949B0008DB
:1012B000C8020020AC430020FEE70346002018606F
:1012C00058609A600120D86019617047F0B5002716
:1012D0000CE00CEB030511F803E006F805E0013320
:1012E000C5689D42F5D8294404600137974213D25E
:1012F00005686B1C8468B3FBF4F604FB1634436882
:10130000A3420BD00669002EEED00029ECD0C368B2
:1013100003FB05FC0023E3E70120F0BD0020FCE710
:1013200070B50C461646002516E001EB0E0C1CF8B5
:1013300003C004F803C00133C2689A42F5D81444CC
:1013400043680268934216D001338268B3FBF2F11E
:1013500002FB113343600135B5420AD2016900290D
:10136000EED0002CECD04368C26802FB03FE0023E1
:10137000E2E7012070BD0020FCE7036842689B1A89
:101380008268B3FBF2F002FB1030704710B5D0F862
:10139000D43203F1B00250F822408CB100EB82004D
:1013A00043687BB194F80002FF280DD09B6894F845
:1013B000012221469847FF2384F80032002010BD07
:1013C0000320FCE70020FAE70020F8E70A23038067
:1013D0000048704780000020F8B506460F4F822174
:1013E000384604F081FE05460121384604F07CFEB3
:1013F00004468121384604F077FE0DB11022AA710F
:101400001CB1402222710022627118B14022027187
:1014100000224271432333800048F8BD04000020BD
:10142000F8B506460F4F8221384604F05DFE0546AA
:101430000121384604F058FE04468121384604F064
:1014400053FE0DB11022AA711CB14022227100225C
:10145000627118B14022027100224271432333802D
:101460000048F8BD04000020F8B506460F4F822161
:10147000384604F039FE05460121384604F034FEB2
:1014800004468121384604F02FFE0DB11022AA71C6
:101490001CB1002222710222627118B10022027175
:1014A00002224271432333800048F8BD040000202B
:1014B00038B5D0F8D432B03350F8235095B1044643
:1014C00000F03AFCC5F80C02D4F8D432B03304EB87
:1014D00083046368DB6805F50371D5F80402984757
:1014E000002038BD0320FCE738B5D0F8C852D0F84A
:1014F000D432B03350F8234084B301F00F0303EB30
:10150000830200EB820252694AB103EBC30C05EB84
:101510008C05ED69B2FBF5FC05FB1C2292B10023A2
:10152000C4F81432D0F8D432B03300EB83004368EF
:101530001B69ABB10A4604F50471D4F80802984758
:10154000002038BD03EB830300EB830300245C61C0
:101550002346224600F03EFC2046F2E70320F0E757
:101560000020EEE7F0B583B0D0F8D43203F1B0023A
:1015700050F8227000228DF80720ADF80420002FCB
:101580007BD004460D46097811F0600634D0202E39
:101590006CD1EA882AB311F0800F07D16B7887F8F5
:1015A0000032EA883F2A13D8D2B212E0B03300EBFF
:1015B00083035B689B68394668789847EA88072AFE
:1015C00028BF07223946204605F045F9002651E09C
:1015D000402287F801223946204605F052F90026BC
:1015E00048E0B03300EB83035B689B680022294628
:1015F0006878984700263DE06F780B2F31D8DFE8F8
:1016000007F006393030303030303030162690F860
:101610009C32DBB2032B04D0294604F0A2FD032642
:1016200028E0022201A905F016F93E4622E090F8D2
:101630009C32DBB2032B04D0294604F092FD032632
:1016400018E001220DF1070105F005F912E090F80C
:101650009C32DBB2032B0DD0294604F082FD032619
:1016600008E0294604F07DFD032603E0294604F046
:1016700078FD0326304603B0F0BD0326FAE738B5FF
:101680000446812100F080FB002584F837500121B9
:10169000204600F079FB84F877518221204600F043
:1016A00073FB84F84B506564D4F8D43203F1B00274
:1016B00054F822209AB1B03304EB83035B685B6873
:1016C0009847D4F8D432B03354F8230000F03EFBEE
:1016D000D4F8D432B03344F82350C4F8BC520020BC
:1016E00038BD70B504464FF4077000F02BFB00289E
:1016F00049D005464FF40772002105F0BFFED4F82B
:10170000D432B03344F82350C4F8BC52237C002BAD
:1017100041D14FF4007302228121204600F029FBC1
:10172000012684F837604FF40073022231462046C8
:1017300000F01FFB84F87761102363640823032201
:101740008221204600F015FB012384F84B3000264F
:10175000C5F80462D4F8D432B03304EB83035B6879
:101760001B689847C5F81462C5F81862D5F80422BA
:1017700062B3257C1DBB4FF400730121204600F0AD
:1017800031FB284670BDD4F8D432B033002244F87F
:1017900023200225F5E7402302228121204600F084
:1017A000E8FA012684F837604023022231462046B9
:1017B00000F0DFFA84F8776110236364BEE740230A
:1017C0000121204600F00EFB0025DAE70225D8E7CC
:1017D00039B1D0F8D432B03300EB8300416000203F
:1017E000704703207047D0F8D432B03350F823301C
:1017F0002BB1C3F80812C3F8102200207047032051
:101800007047D0F8D432B03350F823301BB1C3F84E
:101810000412002070470320704708B5D0F8D43276
:10182000B03350F823208AB1D2F814320BB1012022
:1018300008BD0123C2F81432D2F810328362D2F804
:101840000822812100F0C6FA0020F1E70320EFE72B
:1018500010B5D0F8D432B03350F8232092B1047CC4
:1018600044B94FF40073D2F80422012100F0BAFA0F
:10187000204610BD4023D2F80422012100F0B2FA24
:101880000024F5E70324F3E70020014B18707047AC
:10189000FE02002021282AD0222839D0202835D144
:1018A0000B781E4A1360487843EA00231360887857
:1018B00043EA00431360C87843EA00631360087981
:1018C00010714879507189799171B3F5966F06D08E
:1018D000B3F5E13F07D0124B00221A7016E0114A0F
:1018E00001211170F4E70E4B01221A700EE00B4B30
:1018F0001A780A705A784A709A788A70DA78CA70B8
:101900001A790A715A794A719B798B710020704754
:101910004B8803F00103044A1370F7E78C000020A2
:10192000FC020020280B0020FE020020002070474F
:1019300070B505460D4E0A6801463046FFF7C6FCF5
:10194000B4683046FFF719FD241A013C3F2C04D837
:10195000074B01221A70002070BD064C2946204614
:10196000FFF74FFF2046FFF773FFF4E7140B00204B
:10197000FD020020341C002010B5074C002207494E
:101980002046FFF730FF06492046FFF73AFF0020C8
:10199000044B187010BD00BF341C00202C0B00201D
:1019A0002C0F0020FE02002008B5084B00221A7000
:1019B0004FF4806206490748FFF77FFC4FF48062CE
:1019C00005490648FFF779FC012008BDFE0200200A
:1019D00000070020140B002000030020000B002053
:1019E00008B50248FFF7C9FC08BD00BF140B002072
:1019F00000B583B000238DF8073001220DF10701F7
:101A00000348FFF78DFC9DF8070003B05DF804FB69
:101A1000140B00200B4BD3F8BC3263B10A4B18787F
:101A200040B1084B93F89C32DBB2032B05D1054B38
:101A30005B6823B17047002070470020704700208A
:101A4000F8E700BF341C0020FE0200202DE9F04121
:101A500007460D46FFF7DEFF18B900263046BDE801
:101A6000F081FFF7B1FA804600260AE0ACB9FFF733
:101A7000D1FF0028F2D0FFF7A7FAA0EB0803632BF1
:101A8000ECD8AE42EAD209488468FFF776FC241A03
:101A9000013CA542EAD82C46E8E7224639460348ED
:101AA000FFF714FC27442644E1E700BF000B0020A9
:101AB00070B51C4B1B788BB91B48FFF75EFC0446C6
:101AC00010F03F0F02D138B1441E05D0174BD3F8A8
:101AD000BC32D3F81432ABB1002070BD1448846816
:101AE000FFF74BFC241A013C3F2CE5D90F4C114960
:101AF0002046FFF786FE2046FFF7AAFE094B00228C
:101B00001A70D9E70C4E224631460748FFF708FC09
:101B1000064D224631462846FFF765FE2846FFF768
:101B20007CFED9E7FD020020000B0020341C0020C1
:101B3000140B00202C0F00202C0B002030B589B096
:101B40000023039304930593069307930368B3F16B
:101B5000A04F01D009B030BD00250195164C236B74
:101B600043F001032363236B03F001030193019B03
:101B70004FF4C053039302230493032306930A23D1
:101B8000079303A90D4801F047F9636B43F0800305
:101B900063630295636C43F480436364636C03F492
:101BA00080430293029B2A462946432000F0C2FF4D
:101BB000432000F0CFFFCDE7003802400000024094
:101BC00008B500F29C41D0F8E00404F0E2F808BD4A
:101BD00008B501EBC10300EB8303D3F86022D0F812
:101BE000E00404F0A9F908BD08B501EBC10300EB5E
:101BF00083031A6AD0F8E00404F003FA08BD08B5BC
:101C0000D0F8E00404F043F908BD10B50446C379E8
:101C1000022B09D10121D4F8E00404F019F9D4F819
:101C2000E00404F0E2F810BDFFF7D2F9F2E700009B
:101C300010B50446D0F8E00404F00DF92268D2F89B
:101C4000003E43F00103C2F8003EE37A23B1044AA8
:101C5000136943F006031361024B00221A7010BD92
:101C600000ED00E0301A002008B5D0F8E00404F0E0
:101C700001F908BD08B5D0F8E00404F030F908BD5A
:101C800008B5D0F8E00404F013F908BD08B5D0F8A1
:101C9000E00404F03BF908BD08B5D0F8E00404F016
:101CA00037F908BD02780AB10020704710B5034625
:101CB0001548C0F8E034C3F8C8024FF0A0430360F1
:101CC000042303710222C271002383714272012234
:101CD0008272C37203738373C37301F080FA80B995
:101CE000094C8021204602F048F84022002120467D
:101CF00002F01DF880220121204602F018F8002091
:101D000010BDFFF765F9EBE74C150020D0F8C8329D
:101D100011F0800F08D101F07F0101EBC10103EB4D
:101D2000810393F85602704701F07F0101EBC10176
:101D300003EB8103987D704708B5D0F8C80201F025
:101D400051FC08BD004870472C1300207047032841
:101D500005D8DFE800F005040205012070470320E4
:101D6000704708B5D0F8C80201F0BAFAFFF7EFFFE4
:101D700008BD08B594461A466346D0F8C80201F07B
:101D80008EFBFFF7E4FF08BD08B5D0F8C80201F0EC
:101D9000CCFBFFF7DCFF08BD08B5D0F8C80201F0A6
:101DA0004FFCFFF7D4FF08BD08B5D0F8C80201F01A
:101DB0008AFCFFF7CCFF08BD08B5D0F8C80201F0D7
:101DC0005BFBFFF7C4FF024B01221A7008BD00BF86
:101DD000301A002008B5D0F8C80201F00CFCFFF75B
:101DE000B6FF08BD08B5D0F8C80201F0D6FBFFF772
:101DF000AEFF08BD12230B8000487047C8000020CA
:101E000004230B8000487047C40000200023934245
:101E10001ED200B510E00CF1370C01F813C0000120
:101E20004FEA430C0CF1010C4FF0000E01F80CE0EE
:101E30000133DBB2934209D24FEA107CB0F1204F5C
:101E4000E9D20CF1300C01F813C0E8E75DF804FBAF
:101E50007047000038B50B4BD3F8100AD3F8144A7A
:101E6000D3F8183AC01800D138BD074D08222946CA
:101E7000FFF7CCFF042205F110012046FFF7C6FF53
:101E8000F2E700BF0070FF1FAA00002008B51A2368
:101E90000B80FFF7DFFF014808BD00BFA80000204E
:101EA00008B50A4628B90549054804F0B1FC0348BD
:101EB00008BD0249024804F0ABFCF8E7341A0020E0
:101EC0008C96000810B50A46034C2146034804F0DE
:101ED0009FFC204610BD00BF341A0020A4960008C5
:101EE00008B50A4628B90549054804F091FC03489D
:101EF00008BD0249024804F08BFCF8E7341A0020C0
:101F0000B896000808B50A4628B90549054804F0FE
:101F10007FFC034808BD0249024804F079FCF8E759
:101F2000341A0020C49600080120704708B5FFF756
:101F300071FD08BD08B5012803D00020124B1870B0
:101F400008BD00221149124803F0D6FE08B1002056
:101F5000F6E710490E4803F0E6FE08B10020EFE76F
:101F60000D490B48FFF734FC08B10020E8E70848AA
:101F700003F0F9FE08B10020E2E7FFF715FD0120AC
:101F8000064B1870DAE700BF111F0020DC000020AC
:101F9000341C00204800002094000020101F002066
:101FA00008B5024801F0E3FB08BD00BF4C15002056
:101FB000D0B908B5034659B10C4803EB430C00EB0C
:101FC0008C014A7A898850F82C0001F091F808BDFC
:101FD000064803EB430C00EB8C018A7A898850F8A1
:101FE0002C0001F085F8F2E7704700BFA0970008C9
:101FF00010B588B0002403940494059406940794C3
:1020000000941C4B1A6B42F004021A631A6B02F024
:1020100004020092009A01941A6B42F080021A6343
:102020001A6B02F080020192019A02941A6B42F03C
:1020300001021A631B6B03F001030293029B224609
:102040004FF400510C4801F053F801230493059418
:1020500006940AE0094B03EBC4029288039203A999
:1020600053F8340000F0D8FE0134042CF2D90120DA
:1020700008B010BD0038024000080240AC970008CC
:10208000042800D9704708B5044B03EBC001CA7996
:10209000898853F8300001F02BF808BDAC97000890
:1020A000042800D9704708B5044B03EBC00291889F
:1020B00053F8300001F022F808BD00BFAC970008CB
:1020C0000A4A0023138053804FF480619180D380AB
:1020D00007489060074A138053809180D380064B55
:1020E00093600120054B1870704700BF282800201E
:1020F0001C2400201C2800201C2000201A20002066
:10210000003818BF0120014B18707047F9000020FB
:1021100008B5054B1870054B1960054B01221A7064
:1021200000F020FA08BD00BF182000201420002075
:102130001920002030B583B004469446C388134468
:10214000083382889A4205D20023C3800CF1080329
:102150009A4219D3E088009123880E4A0CF10801B5
:10216000A568284405F0D4F8238801332380E38848
:1021700082B21344E38063881844A188884205DC56
:102180001A446280012002E0002000E0012003B038
:1021900030BD00BFD49600080FB410B582B0164B06
:1021A0001B7823B902B0BDE8104004B0704705ABFE
:1021B0000193049A4FF48071104805F051F90446D8
:1021C0000F4B1B7813B10F4B1B7843B90E4B1B7889
:1021D00063B9224609490D48FFF7ACFFE2E7024622
:1021E00006490B4B187800F0A5FAEFE722460349A1
:1021F0000848FFF79FFFECE71A200020141F00207B
:1022000019200020F8000020F90000201C280020E0
:1022100018200020282800200023002B01DD0120A9
:10222000704710B4094C03EB830290002218002180
:10223000215401205070917051601161D1600344AC
:10224000002BEFDD01205DF8044B70478C28002047
:1022500008B10020704738B5044600EB8003134DE9
:1022600005EB83051248A860124B03604FF482739C
:10227000436000238360C360036143614FF48022A5
:102280008261C3610362436283620A23C36202F014
:10229000E8F9A86802F086F930B904EB840401205B
:1022A000024B03F8240038BD0020FCE78C280020F6
:1022B000342800200030014030B583B000EB800CA2
:1022C000174D15F82C5085B114461A4684B1C1B18A
:1022D00000EB8000124B03EB8000069B009393B24F
:1022E0002246806802F0B5FAB8B9284603B030BD7E
:1022F0000B4B03EB8C00069B92B2806802F0C7F98F
:10230000F2E700EB8000064B03EB8000069B92B2E5
:102310002146806802F0C7FBE6E70025E5E700BF3D
:102320008C28002000B589B0002303930493059303
:10233000069307930268154B9A4202D009B05DF8E4
:1023400004FB0021019103F584335A6C42F480525E
:102350005A645A6C02F480520192019A02911A6BEB
:1023600042F001021A631B6B03F001030293029B0C
:10237000F023039302230493032306930523079377
:1023800003A9034800F048FDD8E700BF0030014032
:102390000000024008B50268064B9A4200D008BD12
:1023A000054A536C23F480535364F021034800F032
:1023B00017FEF4E700300140003802400000024000
:1023C00000B583B0009313460A4601460020FFF78C
:1023D00073FF03B05DF804FB70B582B006460C468F
:1023E0009F238DF8043000210846FFF7E1FD0A2302
:1023F000042269460DEB0200FFF7E2FF05460121CA
:102400000020FFF7D5FD6DB1042C00D90424002372
:1024100006E003F108026A4412F8082CF254013372
:102420009C42F6D8284602B070BD10B582B000209C
:10243000FFF70EFF044610B9204602B010BD662318
:102440008DF8043000210846FFF7B2FD0A2301226F
:10245000002101A8FFF7B4FF044601210020FFF787
:10246000A7FD99238DF8043000210846FFF7A0FD51
:102470000A230122002101A8FFF7A2FF0440E4B2D1
:1024800001210020FFF794FD0A20FEF799FDD3E714
:1024900010B582B0FFF7C9FF04210DEB0100FFF773
:1024A0009BFF044620B39DF80530EF2B03D19DF828
:1024B0000630402B11D01048FFF76EFE9DF8073014
:1024C0009DF806209DF805100C48FFF765FE0024D6
:1024D0000B4B1C70204602B010BD9DF80730182B26
:1024E000E9D10848FFF758FE0748FFF755FEEFE728
:1024F0000648FFF751FEEBE70C9700082497000809
:10250000A0280020DC960008F496000848970008F0
:1025100010B400230CE00E4C03EB43021001221810
:10252000002121544FF4E13050609162D1620133B7
:10253000012BF0DD064B074A9A60074A9A63074A67
:102540009A660120064B18705DF8044B704700BF77
:10255000F4410020A4380020A4300020A42800204A
:1025600054420020012800F28B80F0B583B004466D
:1025700000EB40031B01444AD05C38B104EB440239
:10258000414B03EB02135B688B425AD0002C4DD0B9
:10259000631EDBB2012B75D83B4F04EB440507EB00
:1025A0000515696004EB4402384B03EBC2039A68DB
:1025B0002A62D86868625B6813602B6A59602B6A6C
:1025C00000269E602B6ADE602B6A1E612B6A0C223D
:1025D0005A612B6A9E612B6ADE6104EB44000001A4
:1025E000083038444FF40062A9680430FEF765FEF5
:1025F0000096274B1A6B42F400121A631A6B02F40E
:1026000000120092009A01961A6B42F480021A633B
:102610001B6B03F480030193019B286A02F041FCC9
:10262000286A02F00EFC70B100200AE0164A04EBA2
:10263000440302EB0313596004EB4404240101201A
:10264000105503B0F0BD04EB440319010120785488
:102650004FF40062A968286A02F082FD70B9012077
:10266000094A04EB440302EB031359691D6AED6B3D
:102670002D686D68491BD9601961E2E70020EFE71A
:10268000002070470020DCE7F4410020D4970008C8
:102690000038024010B5C0B10346421ED2B2012A32
:1026A00016D80C4C00EB400204EB02125169506A40
:1026B00000684068091AD16003EB4300000108304C
:1026C00020440430FEF759FE01E0FFF789F910BD00
:1026D0000020FCE7F441002010B582B000238DF803
:1026E0000730044680B1431EDBB2012B10D800EB4B
:1026F0004000000108300E4B184401220DF1070183
:102700000430FEF70DFE03E0FFF772F98DF80700C5
:10271000074B04EB440203EB0212926A04EB4404FD
:1027200003EB041301329A629DF8070002B010BD5A
:10273000F441002038B58C461546044680B1431E4E
:10274000DBB2012B1DD800EB4003104800EB031057
:10275000642392B2006A02F0BEFBA0B1002003E045
:1027600011466046FFF772F9084B04EB440203EB95
:102770000212D26A04EB440403EB04130244DA624B
:1027800038BD0020F0E72846EEE700BFF441002006
:102790000EB410B5C3B0044645AB53F8042B0193F7
:1027A0004FF4807102A804F05BFE024602A92046A5
:1027B000FFF7C0FF43B0BDE8104003B07047000012
:1027C00030B58BB004460023059306930793089316
:1027D0000993026803F1804303F588339A4205D0D8
:1027E0002268404B9A423ED00BB030BD0025019587
:1027F00003F594335A6C42F010025A645A6C02F09A
:1028000010020192019A02951A6B42F001021A63BA
:102810001B6B03F001030293029B4FF4C06305930B
:10282000022306930723099305A92F4800F0F4FA21
:102830002E482F4B03604FF0006343608560C560F6
:102840004FF480630361456185614FF48073C36118
:10285000056200F013FA18B9244BE3639C63BFE7E9
:10286000FEF7B6FBF8E70025039503F5FA331A6C7B
:1028700042F400321A641A6C02F400320392039A92
:1028800004951A6B42F001021A631B6B03F00103FB
:102890000493049B0C2305930223069307950323BB
:1028A00008930723099305A90F4800F0B5FA1148CA
:1028B000114B03604FF0006343608560C5604FF4C7
:1028C00080630361456185614FF48073C361056274
:1028D00000F0D4F918B9074BE3639C6384E7FEF773
:1028E00077FBF8E70044004000000240044100206C
:1028F00040640240A44000208860024010B50446B5
:1029000002681A4B9A4208D02268194B9A4212D098
:102910002268184B9A421BD010BD174A536C23F003
:10292000100353644FF4C061144800F059FBE06B8E
:1029300000F00AFAE8E7104A136C23F4003313643A
:102940000E210E4800F04CFBE06B00F0FDF9DFE7D4
:10295000094A536C23F0200353644FF44061084844
:1029600000F03EFBE06B00F0EFF9D5E7001001400E
:1029700000440040001401400038024000000240C2
:102980000004024008B5FEF777FBFFF799FBFFF75D
:10299000BFFD4FF4E1310020FFF7BAFBFFF728FB42
:1029A000FFF7C2FA0120FFF7C5FAFFF735FC002058
:1029B000FFF74EFC0020FFF7A3FB012008BD00003D
:1029C00010B504460E4B1A784FF47A73B3FBF2F34A
:1029D0000C4A1068B0FBF3F000F0C0F868B90F2C97
:1029E00001D901200AE0002221464FF0FF3000F01B
:1029F000A1F8054B1C60002000E0012010BD00BFC5
:102A0000FA00002000000020FC00002008B50B4B5D
:102A10001A6842F400721A601A6842F480621A60FE
:102A20001A6842F480721A60032000F071F80F20D7
:102A3000FFF7C6FFFEF77EFB002008BD003C02400A
:102A4000034A1168034B1B780B441360704700BFA7
:102A500058420020FA000020014B1868704700BF60
:102A60005842002038B50446FFF7F6FF0546B4F19A
:102A7000FF3F02D0044B1B781C44FFF7EDFF401BC7
:102A8000A042FAD338BD00BFFA000020002807DBBF
:102A900000F01F02400901239340024A42F820300F
:102AA000704700BF00E100E0002808DB0901C9B25F
:102AB00000F1604000F5614080F80013704700F0BD
:102AC0000F000901C9B2014B1954704714ED00E021
:102AD00000B500F00700C0F1070CBCF1040F28BFDF
:102AE0004FF0040C031D062B0FD9C31E4FF0FF3E01
:102AF0000EFA0CF021EA000199400EFA03FE22EAD8
:102B00000E0241EA02005DF804FB0023EEE700003C
:102B1000074AD36823F4E0631B041B0C000200F493
:102B2000E060034343F0BF6343F40033D360704776
:102B300000ED00E010B50446054BD868C0F3022054
:102B4000FFF7C6FF01462046FFF7AEFF10BD00BFEE
:102B500000ED00E008B5FFF799FF08BD0138B0F1BE
:102B6000807F0BD24FF0E0235861054AF02182F8B4
:102B700023100020986107221A61704701207047D6
:102B800000ED00E030B405682C6824F480242C604B
:102B9000046863608368402B05D00368996003680C
:102BA000DA6030BC704703689A600368D960F8E760
:102BB00010B40368D9B210390A4AA2FB01421209C3
:102BC000094CA25CC2655F2907D96FF3090304337E
:102BD0008365806D5DF8044B70476FF3090383656F
:102BE000F7E700BFABAAAAAA04980008836A826923
:102BF00092B9012B0AD0022B02D00BB100207047F2
:102C0000C36A13F0807F28D100207047C36AB3F1F4
:102C1000C07F24D000207047B2F5005F09D0022B9E
:102C200025D9032B25D1C36A13F0807F23D100203F
:102C30007047032B03D8DFE803F01404140A0020C4
:102C40007047C36A13F0807F0DD100207047C36ABC
:102C5000B3F1C07F09D000207047012070470120E8
:102C60007047012070470120704701207047012004
:102C700070470020704701207047000070B504467F
:102C8000FFF7EAFE002C5BD00546022384F83530BE
:102C9000002384F834302268136823F001031360A2
:102CA00023681A6812F0010F0AD0FFF7D5FE431B04
:102CB000052BF5D920236365032084F8350070BD0A
:102CC0001A68204911406268A0680243E068024324
:102CD0002069024360690243A0690243E06902433C
:102CE000206A02430A43616A04291ED01A602668DA
:102CF000756925F00705636A1D43042B07D1A36A94
:102D00001D43E36A1BB12046FFF770FF90B9756160
:102D10002046FFF74DFFE26D3F2393408360002084
:102D20006065012384F83530C9E7E16A206B01430F
:102D30000A43DBE740236365012084F83500BEE7E2
:102D40000120BCE73F8010F000282DD038B50546A3
:102D500090F83500C0B2022825D02A68136823F005
:102D6000010313602B6800241C602B685C602B68D7
:102D70009C602B68DC602B681C612B6821225A61E7
:102D80002846FFF715FFEC632C646C64AC64EC64BC
:102D90002C65EA6D3F23934083606C6585F8354070
:102DA00085F83440204638BD0120704738B50446C8
:102DB000856D90F8340001282BD0012084F8340070
:102DC00094F83500C0B2012804D0002384F83430D0
:102DD000022038BD022084F83500002060652046BE
:102DE000FFF7D0FEE26D3F239340AB60226813688B
:102DF00043F016031360236C23B12268136843F079
:102E0000080313602268136843F001031360002075
:102E1000DFE70220DDE7000000230F2B00F2D78060
:102E200070B582B065E085684FEA430E032404FA6A
:102E30000EF425EA0405CC6804FA0EF42C438460F1
:102E4000446824EA02044A68C2F300129A4022430A
:102E500042605CE0DC08083450F8242003F00705E9
:102E6000AD004FF00F0E0EFA05FE22EA0E0E0A69B3
:102E7000AA4042EA0E0240F824205CE0042200E06E
:102E8000002202FA0EF22A430234514D45F8242062
:102E9000504A94686FEA0C0224EA0C054E6816F456
:102EA000801F01D04CEA04054A4CA560E46802EAA0
:102EB00004054E6816F4001F01D04CEA0405454C89
:102EC000E560646802EA04054E6816F4003F01D02C
:102ED0004CEA04053F4C6560246822404D6815F4B7
:102EE000803F01D04CEA04023A4C226001330F2BA0
:102EF0006BD801229A400C6804EA020C32EA0404FE
:102F0000F4D14C6804F00304013C012C8BD94A68CD
:102F100002F00302032A09D0C4685D000322AA401C
:102F200024EA02048A68AA402243C2604A6802F086
:102F30000302022A8ED004684FEA430E032202FAEB
:102F40000EF224EA02044A6802F0030202FA0EF2C8
:102F5000224302604A6812F4403FC7D00022019227
:102F60001D4A546C44F480445464526C02F4804210
:102F70000192019A9C08A51C154A52F8255003F0AD
:102F8000030E4FEA8E0E0F2202FA0EF225EA020518
:102F9000124A90423FF474AF02F5806290420ED024
:102FA00002F5806290420CD002F5806290420AD015
:102FB00002F5806290423FF461AF072261E701228F
:102FC0005FE702225DE703225BE702B070BD704756
:102FD00000380140003C014000380240000002403F
:102FE00000230F2B7CD8F0B52DE0042500E0002550
:102FF00005FA0CF5A54257D004685D004FF0030CAC
:103000000CFA05FC24EA0C0404604FEAD30E0EF11E
:10301000080E50F82E4003F00706B6000F25B54005
:1030200024EA050440F82E40C46824EA0C04C46075
:10303000446824EA02024260826822EA0C0282604A
:1030400001330F2B4BD801229A4002EA010632EAE3
:103050000104F5D14FEA930E0EF10205214C54F80C
:10306000254003F0030C4FEA8C0C0F2505FA0CF7F2
:103070003C401D4DA842BAD005F58065A8420DD050
:1030800005F58065A8420BD005F58065A84209D0FA
:1030900005F58065A842A8D00725A9E70125A7E77F
:1030A0000225A5E70325A3E7104C256825EA0605B8
:1030B0002560656825EA06056560E56825EA060578
:1030C000E560A56825EA0605A560064E0EF1020436
:1030D00056F8245025EA070546F824508CE7F0BD41
:1030E000704700BF0038014000000240003C014032
:1030F0000AB181617047090481617047436901EA3F
:10310000030221EA030141EA0241816170472DE98E
:10311000F04383B0D0F8008001EBC10300EB8303E0
:103120009A6A5B6A9A4254D807460C469B1A01EB8E
:10313000C10200EB8202D2699A4200D31A4602F120
:1031400003094FEA990915E006F103094FEA9909C5
:10315000BB7904EBC40507EB8505296A0093B3B27C
:10316000E2B2404602F043FB2B6A33442B62AB6A67
:103170003344AB6208EB441303F510639B699BB2C5
:103180004B4512D304EBC40307EB83039A6A5B6AD3
:103190009A420AD24BB19B1A04EBC40207EB82029B
:1031A000D6699E42D0D31E46CEE704EBC40307EB9C
:1031B00083077A6ABB6A9A420FD804F00F0401228F
:1031C000A240D8F8343823EA0203C8F83438002083
:1031D00000E0012003B0BDE8F0830020FAE730B53D
:1031E00083B000287AD00446056890F89534C3B1BE
:1031F000032384F89534B5F1A04F17D0206802F06E
:10320000A9F8237C8DF80030231D0ECB206801F037
:10321000DFFF70B1022384F895340125284603B0FE
:1032200030BD80F89434FEF789FCE1E70023A371F8
:10323000E4E70021206802F0F0FC024608B90346EA
:1032400017E0022384F895340125E7E703EBC30177
:1032500004EB8101012048750B75CB8500200876B1
:10326000C861086203EBC30104EB810148620133CA
:10327000DBB220799842E9D816E002EBC20304EBF6
:103280008303002183F8551283F8542283F85812DF
:10329000C3F85C12C3F8601202EBC20304EB8303B1
:1032A000C3F864120132D2B29042E6D8237C8DF882
:1032B0000030231D0ECB206802F0A2F8054620B195
:1032C000022384F895340125A8E7002363740123C1
:1032D00084F89534206802F05FFC9FE701259DE7A4
:1032E000036890F89424012A1AD010B504460122EC
:1032F00080F89424DA6812F0400F02D0427B012A51
:1033000009D0206802F020F8206802F037FC002085
:1033100084F8940410BD9A6B42F480329A63F0E70B
:103320000220704770B504460D460068066C00EB3D
:10333000411303F530639A68A179012911D0384906
:103340008E4256D03DB905EBC50304EB8303D3F899
:103350006432002B5ED0E9B22046FEF739FC002033
:1033600070BD12F0080F09D02E498E42F7D912F421
:10337000004FF4D04FF400429A60F0E712F0200FB3
:1033800002D020229A60EAE712F0280FE7D12549FF
:103390008E4206D912F4004F03D04FF400429A60D7
:1033A000DDE705EBC50204EB8202D2F874121B695B
:1033B000C3F31203CB1AC2F868327DB905EBC5021C
:1033C00004EB8202D2F864226AB105EBC50204EB79
:1033D0008202D2F860121944C2F86012E9B22046A3
:1033E000FEF7F6FBBBE704F29C42012102F054FC1D
:1033F000F4E712F4004F03D04FF400429A60AEE7B6
:1034000012F0200F01D020229A60E9B22046FEF788
:10341000DFFBA4E704F29C42002102F03DFC9AE7A6
:103420000A31544F0A30544F38B5044603681D6CB6
:1034300003EB4113D3F8081B0E4A954207D903F555
:10344000306311F4004F02D04FF400429A602046DE
:10345000FEF7B6FB074B9D4202D9A379012B01D0A1
:10346000002038BD04F29C420121206802F014FCC7
:10347000F6E700BF0A30544F90F89434012B0CD07B
:1034800010B50446012380F894344174006802F0BA
:1034900065FB002084F8940410BD0220704738B505
:1034A00005468C4611F0800F2BD101F00F0E0EEB6C
:1034B000CE04A40004F514740444211D0EEBCE0EBA
:1034C00000EB8E0E00208EF855020CF00F0C81F8E8
:1034D00000C0C2F30A028A600B714A780AB1A1F8EF
:1034E0001AC0022B1CD095F89434012B1BD0012359
:1034F00085F89434286802F05EF8002085F894047A
:1035000038BD01F00F0000EBC001890010312944E3
:10351000043100EBC00005EB800001244475D4E7C2
:1035200000234B71DFE70220EAE710B504460A46A4
:1035300011F0800F20D101F00F0000EBC0039B00C1
:1035400003F514732344191D00EBC00004EB800045
:10355000002380F8553202F00F020A7094F8943478
:10356000012B18D0012384F89434206802F070F8FD
:10357000002084F8940410BD01F00F0000EBC0039C
:103580009B0010332344191D00EBC00004EB8000A6
:1035900001234375DFE70220EDE710B5144601F083
:1035A0000F0C0CEBCC01890001F5147101440431BE
:1035B0000CEBCC0E00EB8E0ECEF86022CEF864320F
:1035C0000023CEF868328EF855328EF854C28279D4
:1035D000012A04D0006802F021F9002010BDCEF8C5
:1035E0007042F7E701F00F0101EBC10100EB810030
:1035F000D0F86802704710B5144601F00F0C0CEBC0
:10360000CC0189001031014404310CEBCC0E00EBED
:103610008E0ECEF82020CEF824300023CEF82830AD
:1036200001238EF815308EF814C082799A4204D0A6
:10363000006802F0F3F8002010BDCEF83040F7E744
:1036400038B501F00F050279AA4238D304460B467B
:1036500011F0800F1FD101EBC101890001F5147138
:103660000144043103EBC30300EB8303002283F81E
:10367000552201238B700D7094F89434012B20D0C7
:10368000012384F89434206802F00DFA85B10020FB
:1036900084F8940438BD05EBC5018900103101445C
:1036A000043105EBC50300EB830301225A75E0E703
:1036B00004F29C42A179206802F0EEFAE7E70120CB
:1036C000E8E70220E6E701F00F0302799A4230D3DF
:1036D00010B5044611F0800F1ED103EBC301890021
:1036E00001F514710144043103EBC30200EB8202C3
:1036F000002082F8550200228A700B7094F89434EE
:10370000012B18D0012384F89434206802F0F8F9D2
:10371000002084F8940410BD03EBC301890010312C
:103720000144043103EBC30200EB82020120507517
:10373000E1E7012070470220EDE708B511F0800FA6
:103740000CD101F00F0101EBC101890001F51471E9
:1037500001440431006801F0EBFF08BD01F00F01E6
:1037600001EBC1018900103101440431F2E72DE978
:10377000F04F83B004460568284602F04AFA10B1BB
:1037800003B0BDE8F08F0646206802F013FA002867
:10379000F6D005F50067BB68C3F30D23C4F8D43435
:1037A000206802F007FA10F0020F04D02268536973
:1037B00003F002035361206802F0FCF910F0100FCF
:1037C00015D02268936923F010039361D5F8208007
:1037D00008F00F0908F4F013B3F5802F4CD0B3F5BF
:1037E000402F6FD02268936943F0100393612068E3
:1037F00002F0E0F910F4002F76D1206802F0DAF937
:1038000010F4802F40F0E080206802F0D3F9002807
:10381000C0F26181206802F0CDF910F4006F09D088
:10382000BB6813F0010F40F06E812268536903F406
:1038300000635361206802F0BDF910F4805F40F02E
:103840006681206802F0B6F910F4005F40F0B381A1
:10385000206802F0AFF910F0080F40F0C481206832
:1038600002F0A8F910F0800F00F0D781AB6923F0C7
:103870008003AB610126C0E147F6F07318EA030F3D
:10388000B0D04FEA181A4FEAC903019309EBC90BEC
:1038900004EB8B0BC8F30A12DBF86012284602F027
:1038A000DFF8DBF86032CAF30A0A5344CBF860321F
:1038B000DBF86832019A4A4404EB82025344C2F8AE
:1038C00068328FE7082204F29C41284602F0C8F8CB
:1038D00009EBC90304EB8303D3F86822C8F30A1881
:1038E0004244C3F868227DE7206802F067F9804609
:1038F000B14635E005EB49130122C3F8082B4946D0
:103900002046FFF70FFD3CE005EB49130822C3F802
:10391000082B49462046FFF787FD35E009EBC90330
:1039200004EB830393F85732012B41D005EB491385
:103930000222C3F8082B1AF0200F04D005EB49131C
:103940002022C3F8082B1AF4005F05D005EB4913B9
:103950004FF40052C3F8082B09F101094FEA580847
:10396000B8F1000F3FF449AF18F0010FF4D05FFA3F
:1039700089FB5946206802F031F9824610F0010FA8
:10398000B8D11AF0080FBFD11AF0100F04D005EB10
:1039900049131022C3F8082B1AF0020FCBD06B6921
:1039A00013F0800FBAD07B6843F480637B60B5E787
:1039B00009EBC90304EB8303002283F8572259461D
:1039C0002046FEF757F9B1E7206802F0FFF880467D
:1039D000B14625E059462046FEF706F91AF0080FD1
:1039E00004D005EB49130822C3F808291AF0100F78
:1039F00004D005EB49131022C3F808291AF0400F30
:103A000004D005EB49134022C3F808291AF0020F2D
:103A100040D11AF0800F59D109F101094FEA580835
:103A2000B8F1000F3FF4F0AE18F0010FF4D05FFAD8
:103A300089FB5946206802F0DAF8824610F0010F3F
:103A4000CCD009F00F02012101FA02F27B6B23EACC
:103A500002037B6305EB4913C3F80819A3798B4272
:103A6000B8D109EBC90304EB83031A6AD9690A4484
:103A70001A62B9F1000FADD109EBC90304EB83035E
:103A80005B6A002BA6D104F29C420121206802F05F
:103A900003F99FE74946284601F062FC09EBC90398
:103AA00004EB8303DB7D012B05D005EB49130222D8
:103AB000C3F80829ADE709EBC90304EB830300222F
:103AC000DA7559462046FEF7DBF8EEE74946204610
:103AD000FFF71DFBA0E77B6823F001037B6094F8F0
:103AE000CC34012B08D02046FEF7BEF8226853697B
:103AF00003F0004353618DE6002184F8CC14204686
:103B000000F03FF9F2E72046FEF792F88DE67B6879
:103B100023F001037B601021206801F021FC1AE0F2
:103B200005EB46134FF67F31C3F80819D3F8002987
:103B300022F40012C3F80029C3F8081BD3F8002BA5
:103B400022F40012C3F8002BD3F8002B42F00062DD
:103B5000C3F8002B01362379B342E1D8FB6943F067
:103B60000113FB61E37BDBB1D7F8843043F00B0337
:103B7000C7F884307B6C43F00B037B64D5F80038C6
:103B800023F4FE63C5F8003804F29C42A179206852
:103B900002F082F82268536903F48053536150E6BF
:103BA0007B6943F4005343F02B037B613B6943F093
:103BB0000B033B61E2E7206802F060F8206801F047
:103BC000E9FCE071266800F0DDFB0146E279304651
:103BD00001F048FB2046FEF718F82268536903F409
:103BE0000053536134E62046FEF709F82268536912
:103BF00003F00803536132E601362379B3420CD94E
:103C000006EBC60304EB830393F85732012BF3D181
:103C1000F1B22046FFF791FDEEE7206801F0CAFF00
:103C200010F4801F25D1206801F0C4FF10F4001F9C
:103C300059D0012326E001362379B3421BD905EB85
:103C40004613D3F8002906EBC60304EB83031B7E5F
:103C5000012BF0D1002AEEDA06EBC60304EB830356
:103C60000122DA7566F07F01C9B22046FFF765FDD3
:103C7000E1E70126E0E72268536903F4801353610A
:103C8000D1E7013322799A4228D905EB4312D2F8C1
:103C9000001B03EBC30204EB820292F85822012AB4
:103CA000EFD10029EDDA01F48031D4F8D42402F008
:103CB00001029142E5D103EBC30204EB8202012130
:103CC00082F85712AA6942F08002AA616A6912F06A
:103CD000800FD6D17B6843F400737B602268536900
:103CE00003F400135361206801F064FF10F0804F6B
:103CF00010D1206801F05EFF10F0040F3FF440ADDA
:103D000023685D6815F0040F0DD1226853682B43BA
:103D1000536035E52046FDF7B9FF2268536903F08B
:103D200080435361E5E72046FDF7B6FFEDE710B4A9
:103D30000468606A31B940EA0240A06200205DF880
:103D4000044B70478C46A36A00EB1340002308E045
:103D500003F1400104EB8101496800EB114001339C
:103D6000DBB20CF1FF318B42F2D340EA02400CF19E
:103D70003F0104EB81046060E0E7036859620020C2
:103D800070477047002800F0E08170B582B00446AB
:103D9000036813F0010F3BD09F4B9B6803F00C03AB
:103DA000042B2CD09C4B9B6803F00C03082B21D0D8
:103DB0006368B3F5803F4FD0B3F5A02F52D0964B38
:103DC0001A6822F480321A601A6822F480221A607B
:103DD0006368002B50D0FEF73FFE05468E4B1B68F4
:103DE00013F4003F14D1FEF737FE401B6428F5D9C9
:103DF0000320B1E1884B5B6813F4800FD8D0864B69
:103E00001B6813F4003F03D06368002B00F09F8110
:103E1000236813F0020F54D07F4B9B6813F00C0FF4
:103E20003ED07D4B9B6803F00C03082B33D0E36836
:103E3000002B68D0794B01221A60FEF70DFE054673
:103E4000754B1B6813F0020F54D1FEF705FE401BA3
:103E50000228F5D903207FE16F4A136843F48033C9
:103E60001360B5E76C4B1A6842F480221A601A6836
:103E700042F480321A60ABE7FEF7EEFD0546664B72
:103E80001B6813F4003FC3D0FEF7E6FD401B642817
:103E9000F5D9032060E1604B5B6813F4800FC6D155
:103EA0005D4B1B6813F0020F03D0E368012B40F059
:103EB0005081594A136823F0F803216943EAC1038A
:103EC0001360236813F0080F42D063696BB3534B40
:103ED0000122C3F8802EFEF7BFFD05464E4B5B6FF7
:103EE00013F0020F34D1FEF7B7FD401B0228F5D9BD
:103EF000032031E1484A136823F0F803216943EABB
:103F0000C1031360DDE7454B00221A60FEF7A4FDF4
:103F10000546414B1B6813F0020FD2D0FEF79CFD03
:103F2000401B0228F5D9032016E13C4B0022C3F8C0
:103F3000802EFEF791FD0546374B5B6F13F0020FA5
:103F400006D0FEF789FD401B0228F5D9032003E1C6
:103F5000236813F0040F77D02F4B1B6C13F0805F96
:103F600033D1002301932C4B1A6C42F080521A6417
:103F70001B6C03F080530193019B0125284B1B68A8
:103F800013F4807F23D0A368012B34D0052B38D0C5
:103F9000214B1A6F22F001021A671A6F22F00402F5
:103FA0001A67A368002B3DD0FEF756FD06461A4B54
:103FB0001B6F13F0020F46D1FEF74EFD801B41F23E
:103FC00088339842F3D90320C6E00025D6E7144A87
:103FD000136843F480731360FEF73EFD0646104BF2
:103FE0001B6813F4807FCED1FEF736FD801B0228BC
:103FF000F5D90320B0E0084A136F43F001031367BB
:10400000CFE7054B1A6F42F004021A671A6F42F0AD
:1040100001021A67C5E700BF0038024000004742AE
:1040200000700040FEF718FD0646524B1B6F13F060
:10403000020F08D0FEF710FD801B41F28833984232
:10404000F3D9032088E0EDB9A369002B00F0838049
:10405000484A926802F00C02082A51D0022B17D06D
:10406000454B00221A66FEF7F7FC0446414B1B68DD
:1040700013F0007F42D0FEF7EFFC001B0228F5D9B9
:10408000032069E03B4A136C23F080531364DBE7A1
:10409000394B00221A66FEF7DFFC0546354B1B68DC
:1040A00013F0007F06D0FEF7D7FC401B0228F5D99D
:1040B000032051E0E369226A1343626A43EA8213F0
:1040C000A26A5208013A43EA0243E26A43EA0263FF
:1040D000284A5360284B01221A66FEF7BDFC0446AD
:1040E000244B1B6813F0007F06D1FEF7B5FC001BC4
:1040F0000228F5D903202FE000202DE000202BE03E
:10410000012B2BD01B4B5B6803F48001E2699142C9
:1041100026D103F03F02216A8A4223D1616A47F621
:10412000C0721A40B2EB811F1ED103F44031A26A63
:104130005208013AB1EB024F18D103F07063E26A02
:10414000B3EB026F14D1002006E00120704701207C
:1041500002E0012000E0002002B070BD0120FBE77A
:104160000120F9E70120F7E70120F5E70120F3E757
:104170000120F1E7003802400000474208B5264B15
:104180009B6803F00C03042B41D0082B41D1224B38
:104190005A6802F03F025B6813F4800F12D01E4B86
:1041A0005968C1F388111D480023A1FB0001FCF7E9
:1041B00003FD194B5B68C3F3014301335B00B0FBA4
:1041C000F3F008BD144B5868C0F388104FEA401C48
:1041D000BCEB000C6EEB0E0E4FEA8E1343EA9C63B1
:1041E0004FEA8C11B1EB0C0163EB0E03DB0043EAE9
:1041F0005173C90011EB000C43F100039902002335
:104200004FEA8C2041EA9C51FCF7D6FCD1E70348E9
:10421000D7E70348D5E700BF0038024040787D016A
:104220000024F400002800F09B8070B50D46044681
:104230004F4B1B6803F007038B4208D2CBB24C4AAA
:104240001370136803F007038B4240F08B802368E0
:1042500013F0020F17D013F0040F04D0454A9368EF
:1042600043F4E0539360236813F0080F04D0414AED
:10427000936843F4604393603E4A936823F0F003ED
:10428000A1680B439360236813F0010F32D0636879
:10429000012B21D09A1E012A25D9364A126812F024
:1042A000020F61D033498A6822F0030213438B6006
:1042B000FEF7D2FB06462F4B9B6803F00C036268A7
:1042C000B3EB820F16D0FEF7C7FB801B41F2883399
:1042D0009842F0D9032042E0264A126812F4003FC7
:1042E000E0D101203BE0234A126812F0007FD9D1CF
:1042F000012034E01E4B1B6803F00703AB4207D9D3
:10430000EAB21B4B1A701B6803F00703AB422DD1B6
:10431000236813F0040F06D0164A936823F4E05381
:10432000E1680B439360236813F0080F07D0114A2C
:10433000936823F46043216943EAC1039360FFF764
:104340001DFF0C4B9B68C3F303130B4AD35CD8408F
:104350000A4B18600A4B1868FEF732FB002070BD4C
:10436000012070470120FAE70120F8E70120F6E775
:10437000003C0240003802409097000800000020F6
:10438000FC000020014B1868704700BF00000020AF
:1043900008B5FFF7F7FF044B9B68C3F38223034A7A
:1043A000D35CD84008BD00BF0038024088970008A1
:1043B00008B5FFF7E7FF044B9B68C3F34233034A9A
:1043C000D35CD84008BD00BF003802408897000881
:1043D0002DE9F04782B00546884617461E46FEF78F
:1043E0003BFB0A9B1B1A03EB0609FEF735FB8246D3
:1043F000284B1B68C3F3CB3309FB03F301932B68F2
:104400009C6838EA04040CBF01230023BB423DD062
:10441000B6F1FF3FF3D0FEF71FFBA0EB0A004845C3
:1044200007D2019A02B14A46019B013B0193914692
:10443000E5E72A68536823F0E00353606B68B3F53F
:10444000827F0BD0AB6AB3F5005F14D0012385F8EF
:104450005130002385F85030032018E0AB68B3F5E5
:10446000004F02D0B3F5806FECD12A68136823F0B7
:1044700040031360E6E72A68136823F400531360CF
:104480002A68136843F400531360DFE7002002B08A
:10449000BDE8F0870000002070B584B004460D46EA
:1044A000164600920B4601220221FFF791FFD0B978
:1044B000174B1B68174AA2FB03235B0D4FF47A725C
:1044C00002FB03F303936368B3F5827F11D0039B70
:1044D0003BB1039B013B039323689B6813F0800F60
:1044E000F5D104B070BD636D43F020036365032014
:1044F000F7E700962B46002280212046FFF768FF51
:104500000028EED0636D43F0200363650320E8E7E5
:1045100000000020819F5E1610B582B004460B4655
:104520004168B1F5827F14D06168B1F5827F2AD1EC
:10453000A168B1F5806F19D0009200228021204639
:10454000FFF746FF30B3636D43F02003636503203C
:1045500020E08168B1F5004F02D0B1F5806FE3D162
:104560002068016821F040010160DDE7009200222F
:1045700001212046FFF72CFF60B1636D43F020035B
:104580006365032006E00092002201212046FFF728
:104590001FFF08B902B010BD636D43F020036365CF
:1045A0000320F7E700285AD010B50446436A33B910
:1045B0004368B3F5827F05D00023C36102E0002386
:1045C000036143610023A36294F85130002B40D073
:1045D000022384F851302268136823F040031360EB
:1045E000636803F48273A26802F404421343E2682E
:1045F00002F400621343226902F00202134362696B
:1046000002F001021343A26902F400721343E2694B
:1046100002F038021343226A02F080021343A26AB6
:1046200002F40052216813430B60638B03F0040310
:10463000626A02F01002216813434B602268D3695A
:1046400023F40063D36100206065012384F85130B6
:1046500010BD84F850302046FDF764FEB8E7012015
:10466000704790B110B50446022380F851300268BB
:10467000136823F040031360FDF78CFE0020606593
:1046800084F8510084F8500010BD012070472DE9D6
:10469000F04383B00446894690461D46FEF7DCF998
:1046A00094F85160F6B2012E40F0CC800746B9F183
:1046B000000F00F0C880B8F1000F00F0C48094F83B
:1046C0005030012B00F0C380012384F850300323C5
:1046D00084F8513000236365C4F83090A4F8348026
:1046E000A4F83680A363A387E38763642364A36885
:1046F000B3F5004F1ED023681A6812F0400F03D1A3
:104700001A6842F040021A60E368B3F5006F1CD0EB
:10471000636813B1B8F1010F5FD1226B236812787F
:104720001A73236B01332363E38E9BB2013B9BB26D
:10473000E38652E02268136823F040031360226886
:10474000136843F480431360D5E7636813B1B8F18D
:10475000010F15D1226B23681288DA60236B0233B4
:104760002363E38E9BB2013B9BB2E38608E0FEF736
:1047700073F9C01BA84202D3B5F1FF3F15D1A5B113
:10478000E38E9BB2002B42D023689A6812F0020F8E
:10479000EDD0226B1288DA60236B02332363E38E41
:1047A0009BB2013B9BB2E386EAE7012384F85130D8
:1047B000002384F85030032645E0226B12781A73E8
:1047C000236B01332363B4F836C01FFA8CFC0CF161
:1047D000FF3C1FFA8CFCA4F836C0E38E9BB2B3B149
:1047E00023689A6812F0020FE7D1FEF735F9C01B73
:1047F000A84202D3B5F1FF3F01D1002DEDD1012335
:1048000084F85130002384F8503003261BE03A46E8
:1048100029462046FFF740FE08B120236365A368C0
:1048200033B901932368DA6801929B680193019B75
:10483000012384F85130002384F85030636D13B99C
:10484000002600E00226304603B0BDE8F0830226D1
:10485000F9E72DE9F04383B00446884691461F46A8
:104860000A9DFEF7F9F8064694F85130DBB262680B
:10487000012B0AD0B2F5827F40F00581A268002AA0
:1048800040F00581042B40F00481B8F1000F00F0E6
:104890000281B9F1000F00F00081002F00F0FF80CD
:1048A00094F85030012B00F0FC80012384F8503044
:1048B00094F85130DBB2042B02D0052384F8513038
:1048C00000236365C4F83890E787A787C4F8308071
:1048D000E786A7862364636423681A6812F0400F92
:1048E00003D11A6842F040021A60E368B3F5006F22
:1048F00011D063680BB1012F0BD1226B23681278A2
:104900001A73236B01332363E38E9BB2013B9BB28B
:10491000E386012771E063680BB1012F0BD1226B95
:1049200023681288DA60236B02332363E38E9BB221
:10493000013B9BB2E38601271BE023689A6812F0D3
:10494000010F0ED0E28F92B25AB1DA68A36B1A80CF
:10495000A36B0233A363E38F9BB2013B9BB2E3875C
:104960000127FEF779F8801BA84202D3B5F1FF3F7B
:104970001ED1E38E9BB21BB9E38F9BB2002B62D09A
:1049800023689A6812F0020FD7D0E28E92B2002A02
:10499000D3D0002FD1D0226B1288DA60236B023380
:1049A0002363E38E9BB2013B9BB2E3860027C4E7FF
:1049B000012384F85130002384F85030032063E051
:1049C00023689A6812F0010F0ED0E28F92B25AB1AA
:1049D000DA68A36B1A70A36B0133A363E38F9BB2F6
:1049E000013B9BB2E3870127FEF736F8831BAB42FE
:1049F00002D3B5F1FF3F1ED1EDB1E38E9BB213B9E7
:104A0000E38F9BB2FBB123689A6812F0020FD7D0F4
:104A1000E28E92B2002AD3D0002FD1D0226B12782E
:104A20001A73236B01332363E38E9BB2013B9BB26A
:104A3000E3860027C4E7012384F85130002384F87B
:104A40005030032020E0324629462046FFF724FD5F
:104A500090B9A36833B901932368DA6801929B681F
:104A60000193019B012384F85130002384F85030D6
:104A7000636D4BB1012007E020236365002384F8B8
:104A80005030012000E0022003B0BDE8F083022096
:104A9000FAE70220F8E70120F6E70120F4E7012019
:104AA000F2E70220F0E72DE9F04383B090F851607F
:104AB000F6B2012E40F0B4800446894690461D4669
:104AC0004368B3F5827F01D1836893B3FDF7C4FFD8
:104AD0000746B9F1000F00F0A480B8F1000F00F014
:104AE000A08094F85030012B00F09F80012384F8BF
:104AF0005030042384F8513000236365C4F83890A3
:104B0000A4F83C80A4F83E802363A386E386236454
:104B10006364A368B3F5004F15D023681A6812F0D8
:104B2000400F03D11A6842F040021A60E368F3B103
:104B300043E0042380F85130009513460A46FFF7FE
:104B400088FE06466DE02268136823F04003136078
:104B50002268136823F480431360DEE7FDF77CFFCF
:104B6000C01BA84202D3B5F1FF3F15D1A5B1E38F19
:104B70009BB2002B42D023689A6812F0010FEDD04F
:104B8000A26B1B7B1370A36B0133A363E38F9BB2F8
:104B9000013B9BB2E387EAE7012384F8513000230D
:104BA00084F8503003263CE0FDF756FFC01BA842B6
:104BB00002D3B5F1FF3F19D1C5B1E38F9BB2EBB181
:104BC00023689A6812F0010FEED0DA68A36B1A809E
:104BD000A36B0233A363B4F83EC01FFA8CFC0CF144
:104BE000FF3C1FFA8CFCA4F83EC0E6E7012384F8E2
:104BF0005130002384F85030032612E03A4629460B
:104C00002046FFF789FC08B120236365012384F85F
:104C10005130002384F85030636D13B9002600E052
:104C20000226304603B0BDE8F0830226F9E70268A9
:104C300002F10C0353E8003F23F0C0030C3242E8BA
:104C400000310029F3D1202380F8413070470268F9
:104C500002F10C0353E8003F23F490730C3242E856
:104C600000310029F3D1026802F1140353E8003F38
:104C700023F00103143242E800310029F3D1036B21
:104C8000012B05D0202380F84230002303637047B6
:104C9000026802F10C0353E8003F23F010030C32CA
:104CA00042E800310029F3D1ECE7000010B50446DA
:104CB0000268136923F44053C1680B43136183688E
:104CC00002691A4343691A43C3691A430168CB68EE
:104CD00023F4164323F00C031343CB60026853699B
:104CE00023F4407381690B4353610368314A934253
:104CF00006D002F58062934202D0FFF749FB01E043
:104D0000FFF756FBE369B3F5004F29D000210318E4
:104D100049411B1841F10001C90041EA5371DB0010
:104D2000181863684FEA83024FEA937341F1000158
:104D3000FBF742FF204AA2FB00314909642303FB31
:104D400011031B013233A2FB03235B0903F0F002C2
:104D500002EB011203F00F03216813448B6010BDB6
:104D60000023021843EB0301121841F10001C900AE
:104D700041EA5271D200101841F1000162689218A4
:104D80005B41FBF719FF0C4AA2FB00314909642380
:104D900003FB1103DB003233A2FB03235B095A0040
:104DA00002F4F87202EB011203F0070321681344C6
:104DB0008B60D4E7001001401F85EB512DE9F043D3
:104DC00083B005460E4617469946DDF828802B68C5
:104DD0001C6836EA04040CBF01240024BC4228D11C
:104DE000B8F1FF3FF3D0FDF737FEA0EB09004045D7
:104DF00023D8B8F1000F22D02B68DA6812F0040F24
:104E0000E5D0802EE3D0402EE1D01A6812F0080FD2
:104E1000DDD0002401941A6801925B680193019B24
:104E20002846FFF714FF08236B6485F840400120F3
:104E300000E0002003B0BDE8F0830320FAE7032080
:104E4000F8E760B310B5044690F8413013B324235B
:104E500084F841302268D36823F40053D36020469D
:104E6000FFF724FF2268136923F49043136122683B
:104E7000536923F02A0353612268D36843F4005333
:104E8000D36000206064202384F8413084F84230ED
:104E9000606310BD80F84030FDF792FCD7E7012039
:104EA0007047B0B110B50446242380F84130026841
:104EB000D36823F40053D360FDF720FD0020606425
:104EC00084F8410084F842002063606384F8400065
:104ED00010BD012070472DE9F04182B01E4690F8C8
:104EE0004130DBB2202B56D104460D4690460029B6
:104EF00055D00AB901204FE000234364212380F8F4
:104F00004130FDF7A9FD0746A4F82480A4F82680C7
:104F1000A368B3F5805F02D04FF0000814E0236966
:104F20002BB34FF000080FE0202384F8413003201A
:104F300032E038F8023B2268C3F308035360E28C86
:104F400092B2013A92B2E284E38C9BB293B10096A2
:104F50003B46002280212046FFF730FF0028E3D1A6
:104F6000002DE6D015F8012B23685A60E7E7A84624
:104F70000025E9E700963B46002240212046FFF746
:104F80001DFF18B9202384F8413005E0202384F860
:104F90004130032000E0022002B0BDE8F081012092
:104FA000FAE770477047704710B5846B23685A69F9
:104FB00094F84130DBB2212B10D023685A6902F0FB
:104FC000400294F84230DBB2222B11D0636C43F0E4
:104FD000100363642046FFF7E6FF10BD02F0800275
:104FE000002AEAD00023E3842046FFF720FEE4E70E
:104FF000002AEBD00023E3852046FFF728FEE5E7F3
:10500000704708B5806B01234363036B012B02D00B
:10501000FFF7C8FF08BD818D4908FFF7F1FFF9E7E9
:1050200008B50346806B1B681B6813F4807F2BD187
:105030000023C385026802F10C0353E8003F23F408
:1050400080730C3242E800310029F3D1026802F18A
:10505000140353E8003F23F00103143242E8003107
:105060000029F3D1026802F1140353E8003F23F052
:105070004003143242E800310029F3D1202380F8A4
:105080004230036B012B07D000234363036B012BDA
:105090000FD0FFF786FF08BD026802F10C0353E84A
:1050A000003F23F010030C3242E800310029F3D115
:1050B000EAE7818DFFF7A4FFEDE7000030B583B08C
:1050C000044613468162828500254564222280F8C9
:1050D0004220C26B1F48D063E26B1F481064E26B32
:1050E0001E48D064E26B156520680A46011DE06B1E
:1050F000FDF75CFE019523681A6801925B680193D5
:10510000019B23695BB1226802F10C0353E8003F65
:1051100043F480730C3242E800310029F3D1226855
:1051200002F1140353E8003F43F00103143242E854
:1051300000310029F3D1226802F1140353E8003F43
:1051400043F04003143242E800310029F3D100203B
:1051500003B030BD2150000803500008A94F0008DB
:1051600008B590F84230DBB2202B08D149B10AB91A
:10517000012008BD00230363FFF7A0FFF9E7022029
:10518000F7E70120F5E782B000230193019B01338B
:105190000193019BB3F1706F15D80369002BF5DA09
:1051A00000230193036943F001030361019B013371
:1051B0000193019BB3F1706F08D8036913F0010FDD
:1051C000F4D1002000E0032002B070470320FBE789
:1051D00084B010B5044603A880E80E009DF8113095
:1051E000012B21D1A36B23F48033A363E36823F461
:1051F000840323F04003E360E36823F44013E36097
:105200009DF81830012B0AD02046FFF7BCFF9DF80F
:105210000E30012B1CD0BDE8104004B07047E3688D
:1052200043F48013E360EFE7E36843F04003E36097
:105230002046FFF7A8FF9DF8153023B9A36B43F470
:105240008033A363E3E7A36B23F48033A363DEE738
:10525000A36843F00603A360A36843F02003A360A0
:10526000D9E70000022A0AD00922C36823F4705348
:10527000C360C36843EA8223C36000207047234BA6
:105280000B44234A93422FD9224B0B44224A934288
:105290002CD9A1F57403A3F51053204A934227D9C2
:1052A000A1F18373A3F5E7431D4A934222D31D4B1B
:1052B0000B441D4A93421FD91C4B0B441C4A93427A
:1052C0001CD31C4B0B441C4A934219D3A1F1B77356
:1052D000A3F55853194A934214D3194B0B44194A56
:1052E000934211D20722C0E70F22BEE70E22BCE78D
:1052F0000D22BAE70C22B8E70B22B6E70A22B4E780
:105300000922B2E70822B0E70622AEE7405327FFA2
:10531000FF340C00401E1BFF3F420F007F4F120066
:1053200020D6130060B6E5FE5FE3160000D3CEFE84
:1053300040771B00C05BB3FEC09121002075380090
:10534000E05459FEE09C4100836843F00103836010
:1053500000207047836823F00103836000207047BA
:1053600082B000230193019B01330193019BB3F1B0
:10537000706F15D80369002BF5DA002301938901BA
:1053800041F020010161019B01330193019BB3F1C5
:10539000706F08D8036913F0200FF4D1002000E0EB
:1053A000032002B070470320FBE782B00023019383
:1053B000019B01330193019BB3F1706F13D8036913
:1053C000002BF5DA0023019310230361019B0133C5
:1053D0000193019BB3F1706F08D8036913F0100FAC
:1053E000F4D1002000E0032002B070470320FBE767
:1053F000D0F800381943C0F80018002070470000AA
:1054000084B0F8B5044607A880E80E00002306E043
:1054100003F1400204EB82020021516001330E2BA4
:10542000F6D99DF8266006BBD4F8043843F0020391
:10543000C4F80438A36B43F40013A363A36B23F4F1
:105440000023A363A36B23F48023A3630023C4F886
:10545000003E9DF82130012B15D19DF81F306BB90E
:1054600000212046FFF7C4FF11E0A36B23F40013D3
:10547000A363A36B43F40023A363E7E70121204662
:10548000FFF7B6FF03E003212046FFF7B1FF10212D
:105490002046FFF765FF054600B101252046FFF7CE
:1054A00084FF00B1012504F5006C0023CCF8103016
:1054B000CCF81430CCF81C300AE0CBB94FF00060C7
:1054C000C2F8000900220A614FF67F328A60013378
:1054D0009DF81C10994210D904EB431202F510619B
:1054E000D2F800090028E8DB0020C2F80009E9E74B
:1054F0004FF09040C2F80009E4E700230AE0BBB196
:105500004FF09047C2F8007B002202614FF67F32D5
:1055100082600133994210D904EB431202F53060E6
:10552000D2F8007B002FEADB0027C2F8007BEBE714
:105530004FF00067C2F8007BE6E7DCF8103023F498
:105540008073CCF810300023A3616FF08043636157
:105550009DF81E301BB9A36943F01003A361A26933
:105560000B4B1343A3619DF822301BB1A36943F099
:105570000803A361012E04D02846BDE8F84004B01A
:105580007047A36943F0804343F00403A361F3E74A
:1055900000383C80D0F8083803F00603022B04D012
:1055A000062B04D02BB90020704702207047022040
:1055B00070470F20704710B591F800C04B78012B51
:1055C00023D000F5006ED0F81C380CF00F04012237
:1055D000A24043EA0243C0F81C3800EB4C10D0F85C
:1055E000003B13F4004F0ED1D0F8003B8A68C2F3A1
:1055F0000A02097942EA8142134343F0805343F49B
:105600000043C0F8003B002010BDD0F81C280CF06F
:105610000F0E03FA0EF39BB21343C0F81C3800EBD5
:105620004C10D0F8003913F4004FECD1D0F8003909
:105630008A68C2F30A02097942EA814242EA8C523C
:10564000134343F0805343F40043C0F80039DAE7D2
:1056500030B40B784A78012A26D000EB4313D3F8F4
:10566000002B002A52DBD0F83C480A7802F00F02E7
:105670004FF0010C0CFA02F224EA0242C0F83C2876
:10568000D0F81C28097801F00F010CFA01FC22EA7D
:105690000C42C0F81C28D3F8001B234A0A40C3F868
:1056A000002B002030BC704700EB4313D3F80029D7
:1056B000002A1EDBD0F83C580A7802F00F020124C1
:1056C00004FA02F292B225EA0202C0F83C28D0F8AD
:1056D0001C28097801F00F018C40A4B222EA0402D0
:1056E000C0F81C28D3F80019104A0A40C3F8002952
:1056F000D7E7D3F8002942F00062C3F80029D3F8B5
:10570000002942F08042C3F80029D3E7D3F8002BE8
:1057100042F00062C3F8002BD3F8002B42F0804225
:10572000C3F8002B9FE700BF0078F3EF007833EC5D
:1057300010B483B0024600230193487801280BD0AF
:105740000B7802EB4313D3F8000B00282DDB00206D
:1057500003B05DF8044B70470B7802EB4313D3F8AA
:105760000049002C01DB0020F2E7D3F8004944F0A7
:105770000064C3F800490B7802EB4313D3F80049E7
:1057800044F08044C3F80049019B01330193019C1C
:1057900042F210739C42DBD80B7802EB4313D3F830
:1057A0000039002BF0DB0020D2E7D3F8000B40F0EB
:1057B0000060C3F8000B0B7802EB4313D3F8000B27
:1057C00040F08040C3F8000B019B01330193019826
:1057D00042F21073984208D80B7802EB4313D3F8C7
:1057E000003B002BF0DB0020B2E70120B0E710B552
:1057F0009DF8084084B903334FEA930E4FF0000C34
:1058000008E000EB023303F5805351F8044B1C60B1
:105810000CF1010CF445F4D3002010BDF0B583B0B9
:105820000C784B78012B2DD000EB441C0CF5306329
:105830001D696FF312051D611D696FF3DC451D6164
:10584000002C40F0CE800C690CB18C680C618C6827
:105850000C621D69C4F312042C431C611C6944F4DE
:1058600000241C61012A00F0DF800B79012B00F07D
:10587000E180DCF8003B43F00443CCF8003B00201F
:1058800003B0F0BD0B6973BB00EB4413D3F81059A0
:105890006FF3DC45C3F81059D3F8105945F40025CF
:1058A000C3F81059D3F810596FF31205C3F8105903
:1058B000012A54D000EB4414D4F8003943F00443D7
:1058C000C4F800390B79012B72D00B69002BD6D0AC
:1058D000D0F83438097801F00F0101228A401343CF
:1058E000C0F83438CBE700EB441303F510631D69AF
:1058F0006FF312051D611D696FF3DC451D6184B9ED
:105900000E698D68AE4200D90D611D6945F4002510
:105910001D611D690E69C6F3120C45EA0C051D6177
:10592000C6E70D698E683544013DB5FBF6F51E6985
:105930001FFA85FC494F07EAC54535431D610D79BE
:10594000012DE6D11D6925F0C0451D611D694FEA95
:105950004C7C0CF0C04C45EA0C051D61D9E7CB69C5
:105960001BB100EB4412C2F814390B79012B08D09B
:1059700000EB4414D4F8003943F00443C4F8003970
:105980007DE7D0F8083813F4807F08D100EB44128B
:10599000D2F8003943F00053C2F80039E8E700EBD1
:1059A0004412D2F8003943F08053C2F80039DFE7DF
:1059B000D0F8083813F4807F0CD1D4F8003943F0C4
:1059C0000053C4F8003900920B8A0A78C968FFF7BF
:1059D0000EFF54E7D4F8003943F08053C4F800397F
:1059E000F1E70C6954B91C698D68C5F312052C43A5
:1059F0001C611C6944F400241C6133E78D682C444D
:105A0000013CB4FBF5F4A4B204FB05F50D621D697D
:105A1000124E06EAC4442C431C611C690D6AC5F38E
:105A200012052C431C611DE7CA68002A3FF41DAF14
:105A30005A611AE7D0F8083813F4807F06D1DCF8F1
:105A4000003B43F00053CCF8003B12E7DCF8003B8E
:105A500043F08053CCF8003B0BE700BF0000F81F79
:105A600010B5844608464FEA920E02F00302002366
:105A700005E00CF58051096840F8041B01337345BB
:105A8000F7D37AB10CF5805CDCF800400021CBB292
:105A9000DB0024FA03F300F8013B0131013A92B232
:105AA000002AF4D110BD0B784A78012A14D000EBFB
:105AB0004310D0F8002B002A06DB2BB1D0F8003BB6
:105AC00023F08043C0F8003BD0F8003B43F40013C0
:105AD000C0F8003B0020704700EB4310D0F80029CD
:105AE000002A06DB2BB1D0F8003923F08043C0F840
:105AF0000039D0F8003943F40013C0F80039E9E761
:105B00000B784A78012A0ED000EB4310D0F8003B06
:105B100023F40013C0F8003B0B79023BDBB2012BEE
:105B200015D90020704700EB4310D0F8003923F45A
:105B30000013C0F800390B79023BDBB2012BF0D81F
:105B4000D0F8003943F08053C0F80039E9E7D0F8C5
:105B5000003B43F08053C0F8003BE2E7D0F8003848
:105B600023F4FE63C0F80038D0F80038090101F4CE
:105B7000FE610B43C0F8003800207047D0F8003EAB
:105B800023F00303C0F8003ED0F8043823F00203EA
:105B9000C0F8043800207047D0F8003E23F003031B
:105BA000C0F8003ED0F8043843F00203C0F80438CF
:105BB000002070474269806910407047D0F818385B
:105BC00000F50060C0691840000C7047D0F8183824
:105BD00000F50060C069184080B2704700EB4111C9
:105BE000D1F8082B00F50060406910407047D0F8EC
:105BF0001028D0F8343801F00F0C23FA0CF3DB0135
:105C0000DBB2134300EB411000F5106080681840D0
:105C10007047406900F00100704738B50546C36819
:105C200023F0C043C360012913D019BBC36843F0FC
:105C30008043C36000240A20FCF714FF0A3428467E
:105C4000FFF7E7FF08B1C72CF5D9C82C14D0002006
:105C500038BDC36843F00053C36000240A20FCF73A
:105C600001FF0A342846FFF7D4FF0128EDD0C72CE6
:105C7000F4D9EAE70120EBE70120E9E7D0F80039A1
:105C80006FF30A03C0F80039D0F8043843F4807386
:105C9000C0F804380020704710B4046C154B9C42C7
:105CA00003D9D0F8003B002B16DB0024C0F8104BC2
:105CB000D0F8104B44F40024C0F8104BD0F8104B2F
:105CC00044F01804C0F8104BD0F8104B44F0C04416
:105CD000C0F8104B012903D000205DF8044B704739
:105CE000C0F8142BD0F8003B43F08023C0F8003BF1
:105CF000F2E700BF0A30544F98B108B503460020C0
:105D0000C3F8B802C3F8C402C3F8D00209B1C3F89B
:105D1000B412012183F89C121A701846FBF7C2FFD7
:105D200008BD0320704710B582B00023ADF80630DF
:105D3000B9B10446C0F8B812D0F8D422CB6A43B146
:105D4000AE3250F82230DB6A0DF106009847C4F8F5
:105D5000D002D4F8D8320133C4F8D832002002B0CF
:105D600010BD0320FBE708B5FBF7FBFF08BD08B536
:105D7000D0F8B83213B11B68984708BD0020FCE783
:105D800008B5D0F8B8325B68984700B908BD032061
:105D9000FCE738B5044600F2AA25284600F0CDF904
:105DA0000123C4F89432B4F8B032C4F8983294F8AD
:105DB000AA1201F01F03012B07D0022B0AD073B9DE
:105DC0002946204600F08EFB38BD2946204600F0CB
:105DD000C4FBF9E72946204600F001FCF4E701F096
:105DE00080012046FBF7D8FFEEE7F8B50446012313
:105DF00080F89C320023C0F894324360C0F8A4328B
:105E000080F8A032D0F8B832E3B15B68E3B100218A
:105E100098470746D0B94023002211462046FBF799
:105E2000A8FF012684F863614025A4F860512B4641
:105E3000002280212046FBF79CFF84F82360258404
:105E40003846F8BD0027E6E70027E4E70327E2E746
:105E500001740020704790F89C32DBB2042B04D010
:105E600090F89C32DBB280F89D32042380F89C329B
:105E70000020704790F89C32DBB2042B01D0002048
:105E8000704790F89D32DBB280F89C32F7E708B596
:105E900090F89C32DBB2032B01D0002008BDD0F873
:105EA000B832002BF9D0DB69002BF6D09847F4E725
:105EB00008B5D0F8D432AE3350F823205AB190F858
:105EC0009C32DBB2032B01D0002008BD136A23B142
:105ED00098470020F9E70320F7E70020F5E708B529
:105EE000D0F8D432AE3350F823205AB190F89C3217
:105EF000DBB2032B01D0002008BD536A23B19847C1
:105F00000020F9E70320F7E70020F5E700207047BD
:105F100008B5012380F89C32D0F8B83223B15B6811
:105F20000179984710B908BD0020FCE70320FAE783
:105F3000002070470020704738B504460D46002900
:105F400045D1D0F89432032B01D0084638BDD0F8A3
:105F50005831B0F86021934209D890F8AA3203F082
:105F60001F03012B12D0022B1FD0084613E09B1AEF
:105F7000C0F85831D0F864111144C0F864119A4245
:105F800038BF1A4600F08EFC2846DFE790F8AE12C4
:105F9000FFF7CEFF20B994F89C32DBB2032B09D077
:105FA000204600F087FC2846D0E790F8AE12FFF7B5
:105FB000C1FFEFE700F1AE0354F823301A69002A5D
:105FC000EED0C4F8D4021B6920469847E8E701F0F8
:105FD0007F01FFF7AFFF90B994F89C32DBB2032B3F
:105FE000B4D100F1AE0354F823309A69002AADD041
:105FF000C4F8D4029B69294620469847A6E70020AA
:10600000A4E738B504460D4600294CD1D0F89432A7
:10601000022B07D094F8A00218B1002384F8A03214
:10602000284638BD8269038C9A420ED89A421AD00B
:1060300094F89C32DBB2032B29D080212046FBF759
:10604000ABFE204600F041FCE4E7D21A8261416ACF
:106050001944416200F00DFC00231A4619462046FF
:10606000FBF7C0FED6E742699342E1D8D0F89832F8
:106070009A42DDD20022114600F0FBFB0021C4F859
:1060800098120B460A462046FBF7ACFEC2E7D4F84E
:10609000B832DA68002AD0D00022C4F8D422DB68F3
:1060A00020469847C9E741F08001FFF743FF90B9C8
:1060B00094F89C32DBB2032BB3D100F1AE0354F859
:1060C00023305A69002AACD0C4F8D4025B6929464F
:1060D00020469847A5E70020A3E70B8802781344E1
:1060E0000B80037818447047428803789A4218D985
:1060F00030B583B004460D46ADF806306388BDF870
:1061000006209A420AD20DF10601FFF7E6FF437816
:10611000052BF3D18378AB42F0D100E0002003B02F
:1061200030BD002070470346002002E00130C0B2BD
:1061300001331A78002AF9D170470B7803704B7835
:1061400043708B78CA7843EA022343800B794A79FB
:1061500043EA022383808B79CA7943EA0223C3800E
:10616000704710B504468021FBF716FE002120463B
:10617000FBF712FE10BD30B583B004460D46002378
:10618000ADF806304A88130A013B062B00F2AB80BB
:10619000DFE803F0041F33A9A98D9A00D0F8B432C8
:1061A0001B680DF10601007C9847EA88002A00F080
:1061B000A380BDF80630002B00F099809A4228BFDA
:1061C0001A46ADF806200146204600F044FB03B015
:1061D00030BD037C43B9D0F8B8329B6A0DF106009C
:1061E000984702234370E0E7D0F8B832DB6A0DF13C
:1061F0000600984702234370D7E7D2B2052A52D847
:10620000DFE802F003101D2A3744D0F8B4325B688F
:1062100023B10DF10601007C9847C6E72946FFF738
:10622000A0FFD4E7D0F8B4329B6823B10DF106018A
:10623000007C9847B9E72946FFF793FFC7E7D0F8F6
:10624000B432DB6823B10DF10601007C9847ACE75E
:106250002946FFF786FFBAE7D0F8B4321B6923B1AD
:106260000DF10601007C98479FE72946FFF779FF6B
:10627000ADE7D0F8B4325B6923B10DF10601007CC3
:10628000984792E72946FFF76CFFA0E7D0F8B432B1
:106290009B6923B10DF10601007C984785E72946EB
:1062A000FFF75FFF93E72946FFF75BFF8FE7037C6C
:1062B00033B9D0F8B8325B6B0DF10600984774E73C
:1062C0002946FFF74EFF82E7037C43B9D0F8B83286
:1062D0001B6B0DF1060098470723437065E72946BD
:1062E000FFF73FFF73E72946FFF73BFF6FE72946BC
:1062F0002046FFF736FF6AE7204600F0DBFA66E744
:1063000038B504468B88FBB9CB88EBB94B887F2B1B
:106310001AD803F07F0590F89C32DBB2032B0CD027
:1063200080F89E522946FBF747FD204600F0C2FA4E
:1063300035B1022384F89C3209E0FFF712FF06E032
:10634000012384F89C3202E02046FFF70AFF38BDA3
:1063500070B504460E468D782F4B1D70012D10D858
:1063600090F89C32DBB2022B0FD0032B26D0FFF724
:10637000F8FE294B19782046FFF702FD0325284631
:1063800070BDFFF7EEFE0325F9E7A5B1456029468C
:10639000FFF7EDFC054638B131462046FFF7E1FE38
:1063A000022384F89C32EAE7204600F083FA0323B4
:1063B00084F89C32E3E700F07DFAE0E7CDB1416874
:1063C0008D4225D0C9B2FFF7DBFC134B1978616011
:1063D0002046FFF7CCFC0546B0B131462046FFF71A
:1063E000C0FE21792046FFF7CBFC022384F89C32C3
:1063F000C5E7022380F89C3245602946FFF7C0FCC0
:10640000204600F057FABAE7204600F053FAB6E704
:1064100000F050FA0025B2E75C42002008B5CB88B6
:10642000012B0BD190F89C32DBB2022B09D9032B44
:1064300011D10122011D00F00EFA01E0FFF791FEDB
:1064400008BD5BB23BB10146002341F8083F012281
:1064500000F001FAF4E7FFF784FEF1E708B590F8E1
:106460009C32013B022B12D8CB88022B0CD101238A
:10647000C360D0F8A4320BB10323C360022200F141
:106480000C0100F0E8F908BDFFF76BFEFBE7FFF732
:1064900068FEF8E708B54B88012B04D0022B07D023
:1064A000FFF75FFE08BDC0F8A43200F003FAF9E779
:1064B0008B881B0A80F8A03200F0FCF9F2E708B5DF
:1064C00090F89C32013B022B09D84B88012B00D05D
:1064D00008BD0023C0F8A43200F0ECF9F8E7FFF79C
:1064E00040FEF5E738B50C7804F06004202C06D0A7
:1064F000402C04D06CB1FFF734FE002407E0D0F844
:10650000D432AE3350F823309B6898470446204677
:1065100038BD4D78092D1DD8DFE805F012191C167D
:106520001C08051C0F0BFFF726FEF0E7FFF7E8FE3F
:10653000EDE7FFF70DFF0446E9E7FFF76FFFE6E73A
:10654000FFF78CFF2C46E2E7FFF7A4FFDFE7FFF73A
:10655000B6FFDCE7FFF705FED9E770B505460C4648
:106560000B7803F06003202B07D0402B05D023B11C
:10657000FFF7F7FD0026304670BD95F89C32013BD1
:10658000022B26D82179012905D921462846FFF773
:10659000E8FD0026EFE72846FFF7CAFC68B900F1DE
:1065A000AE0255F82220916889B1C5F8D4029368EB
:1065B000214628469847064600E00326E388002B3C
:1065C000D9D1002ED7D1284600F074F9D3E703269D
:1065D000F4E721462846FFF7C4FD0026CBE72DE966
:1065E000F04106460D468B88DFB20C7804F060045B
:1065F000202C08D0402C06D0DCB1FFF7B2FD0024DF
:106600002046BDE8F08139463046FFF793FC04464A
:10661000002840F0F980C6F8D40200F1AE0356F825
:1066200023309B68002BEBD0294630469847044620
:10663000E6E791F80180B8F1010F31D0B8F1030F0E
:1066400005D0B8F1000F67D0FFF78BFDD8E790F8C1
:106650009C32DBB2022B04D0032B12D0FFF781FD5A
:10666000CEE70FB1802F04D129463046FFF779FDE0
:10667000C6E73946FBF790FB80213046FBF78CFBE1
:10668000BEE74B8823B91FB1802F01D0CB881BB147
:10669000304600F00FF9B3E73946FBF77DFBF7E72B
:1066A00090F89C32DBB2022B04D0032B12D0FFF700
:1066B00058FDA5E70FB1802F04D129463046FFF7DA
:1066C00050FD9DE73946FBF767FB80213046FBF71D
:1066D00063FB95E74B88002B92D117F07F0F17D102
:1066E000304600F0E7F839463046FFF723FC002833
:1066F00086D1C6F8D40200F1AE0256F82220926884
:10670000002A00F08380294630469047044677E708
:106710003946FBF749FBE3E790F89C22D2B2022A04
:1067200005D0032A28D0FFF71CFD444668E70FB1C7
:10673000802F14D113F0800F15D107F07F0707EBDE
:106740008707B90001F5A87131440431002301F82D
:106750000E3F0222304600F07EF8444650E7FFF735
:1067600000FD44464CE707F07F0707EB8707B900B9
:10677000103131440431E9E75BB2002B20DB07F034
:106780000F0202EB820200EB820292F8634124B313
:10679000002B25DB07F07F0303EB83039C0004F54C
:1067A000A874344404340FB1802F22D10023A37382
:1067B000022204F10E01304600F04DF844461FE776
:1067C00007F00F0202EB820200EB820292F82340F4
:1067D000002CDDD1FFF7C5FC12E7FFF7C2FC0FE785
:1067E00007F07F0303EB83039C001034344404342C
:1067F000D9E739463046FBF789FA10B10123A37374
:10680000D6E70023A373D3E70024F9E60446F7E6AE
:1068100000B370B50D4616460446FFF784FC013000
:106820004300B3F5007F06D89BB233802B7003235F
:106830006B7002230AE04FF40073F6E7EA54013468
:106840005A1CD2B20021A9540233DBB22278002AAA
:10685000F4D170BD704708B513460222C0F89422E7
:106860004361416283610A460021FBF7B3FA0020CD
:1068700008BD08B513460A460021FBF7ABFA002015
:1068800008BD08B513460322C0F89422C0F854315D
:10689000C0F86411C0F858310A460021FBF7A2FA8B
:1068A000002008BD08B513460A460021FBF79AFAF6
:1068B000002008BD08B50422C0F8942200231A461F
:1068C0001946FBF787FA002008BD08B50522C0F875
:1068D000942200231A461946FBF784FA002008BDCB
:1068E0002DE9FF4757EC106B002F0C4619463B462D
:1068F000BBBF07F100431F4600232D230B700D9BE8
:10690000DDF830A0914623F02008BCBF3246164681
:10691000B8F1460F05D0B8F1450F00D1013402217E
:1069200000E0032103AB019302AB009347EC106B33
:106930005346224600F0ACFEB8F1470F054619D188
:1069400019F0010F0ED000EB04090022002330469D
:106950003946FAF7C1F808B1CDF80C903022039B04
:106960004B451ED3039B0E9A5B1B2846136004B055
:10697000BDE8F087B8F1460F00EB0409E5D10378D4
:10698000302B0AD10022002330463946FAF7A4F80A
:1069900018B9C4F10104CAF80040DAF8003099448B
:1069A000D3E7591C03911A70D9E7F7B50029BABF8C
:1069B00049422D232B2309290270437029DD0DF153
:1069C00007031D460A271A46B1FBF7F607FB161404
:1069D000303402F8014C0C46632C03F1FF3331468E
:1069E000F1DC3031941E03F8011C411C2346AB42FC
:1069F0000AD30DF109039B1AAC4288BF002302336E
:106A00000344181A03B0F0BD13F8016B01F8016FCD
:106A1000EDE7302330318370C170031DF1E70000D2
:106A20002DE9F04F8DB00C46DDF8588016461F4614
:106A3000054600F02BFD036804931846F9F720FC87
:106A400000230A93D8F800300590073323F007039A
:106A500003F1080294F818A0D4F800B0C8F8002098
:106A6000D3E9008929F000430793CDF81880C4E9E1
:106A70001289DDE906019C4B4FF0FF32FAF75EF810
:106A800070BBDDE90601984B4FF0FF32FAF738F89A
:106A900030BB0022002340464946FAF727F810B1E0
:106AA0002D2384F84330914A914BBAF1470F8CBFA4
:106AB00090469846032323612BF0040323604FF094
:106AC0000009009733460BAA2146284600F0D2F968
:106AD000013040F08D804FF0FF300DB0BDE8F08FF9
:106AE00042464B4640464946FAF728F840B14B46E5
:106AF000002BBCBF2D2384F843307E4A7E4BD4E765
:106B000063680AF0DF0206925A1C3BD106236360D9
:106B10004BF480620023226003930AABCDE901A30A
:106B200009AB0093616849EC108B0DF123032846F3
:106B3000FFF7D6FE069B0999472B804629D1C81C32
:106B400002DB6368994241DDAAF1020A5FFA8AFA20
:106B50000139524604F150000991FFF726FF0A9AC5
:106B60001318012A8146236102DC2268D20701D56D
:106B7000013323619DF82330002BA2D02D2384F80C
:106B800043309EE7069A472AC2D1002BC0D1012389
:106B9000BDE7BAF1650FDBD9BAF1660F18D100294C
:106BA00063680BDD216113B92268D00702D5013378
:106BB0000B442361A1654FF00009DBE713B922689C
:106BC000D20701D50233F4E70123F2E74FF0670A59
:106BD0000A9B994205DB23682161D807EAD54B1C43
:106BE000E7E70029D4BFC1F1020201221344E0E724
:106BF00023685A0507D42369424631462846B847D8
:106C000001302BD167E7BAF1650F40F2DD80D4E99E
:106C1000120100220023F9F75FFF002833D0374A22
:106C2000012331462846B84701303FF454AFDDE92F
:106C30000938434502DB2368D8070FD5DDE9042373
:106C400031462846B84701303FF445AF4FF00009C0
:106C500008F1FF3804F11A0AC84509DC23689B07CC
:106C600000F10381E0680B9B9842B8BF184634E7F7
:106C70000123524631462846B84701303FF42BAF36
:106C800009F10109E8E7099B002B39DC1B4A0123C4
:106C900031462846B84701303FF41DAFDDE90939D8
:106CA00059EA030302D12368D907D7D5DDE90423C4
:106CB00031462846B84701303FF40DAF4FF0000A87
:106CC00004F11A0B099B5B42534501DC4B4693E7E9
:106CD00001235A4631462846B84701303FF4FBAEFF
:106CE0000AF1010AEEE700BFFFFFEF7F10980008EE
:106CF0000C98000818980008149800081C980008C0
:106D0000A36DDDF828A05345A8BF5346002B994634
:106D100036DC4FF0000B29EAE97904F11A02A36D81
:106D20000693A3EB09035B4531DC099B9A453ADCEA
:106D30002368DA0737D4099BAAEB0309069BAAEB61
:106D400003039945A8BF9946B9F1000F33DC4FF012
:106D5000000829EAE97904F11A0B099BAAEB03035D
:106D6000A3EB090343457FF779AF01235A46314628
:106D70002846B84701303FF4AEAE08F10108ECE711
:106D8000424631462846B8470130C2D1A3E6012326
:106D9000314628460692B84701303FF49CAE069A29
:106DA0000BF1010BBBE7DDE9042331462846B84768
:106DB0000130C0D18FE6069A4B4642443146284600
:106DC000B8470130C3D186E6DDF828A0BAF1010F3B
:106DD00001DCDB0736D50123424631462846B84759
:106DE00001303FF478AEDDE9042331462846B84748
:106DF00001303FF470AED4E91201002200230AF101
:106E0000FF3AF9F769FEC0B9534608F1010231466D
:106E10002846B84701300CD15DE601235A46314679
:106E20002846B84701303FF456AE08F10108D04576
:106E3000F3DB4B4604F15002DFE64FF0000804F1AB
:106E40001A0BF4E701234246E1E701234A463146A3
:106E50002846B84701303FF43EAE08F10108E36828
:106E60000B995B1A4345F0DCFCE64FF0000804F197
:106E70001909F4E72DE9F047164698468A680B6928
:106E8000DDF820909342B8BF1346336091F8432059
:106E900007460C460AB1013333602368990642BFA6
:106EA000336802333360256815F0060506D104F116
:106EB000190AE36832689B1AAB4226DC94F8433027
:106EC0002268003B18BF012392062BD404F1430231
:106ED00041463846C84701301ED02368226903F076
:106EE0000603042B02BFE5683368ED1AA3680CBFE4
:106EF00025EAE57500259342C4BF9B1AED180026CC
:106F00001A34B5421AD1002008E001235246414606
:106F10003846C847013003D14FF0FF30BDE8F08755
:106F20000135C6E7E1185A1C302081F8430022449D
:106F300094F8451082F843100233C7E70123224634
:106F400041463846C8470130E6D00136D9E700004F
:106F50002DE9FF470F7E0C9E782F914680460C4608
:106F60009A4601F1430207D8622F0AD8002F00F099
:106F7000D180582F00F0B88004F1420684F84270A6
:106F80003AE0A7F16303152BF6D801A151F823F0DD
:106F9000E96F0008FD6F0008796F0008796F00083D
:106FA000796F0008796F0008FD6F0008796F00089D
:106FB000796F0008796F0008796F0008FB7000088E
:106FC00027700008B5700008796F0008796F000815
:106FD0001D710008796F000827700008796F00089C
:106FE000796F0008BD70000833681A1D1B68326095
:106FF00004F1420684F8423001239CE033682068A3
:10700000191D3160060601D51D6803E04506FBD554
:10701000B3F90050002D03DA2D236D4284F843307C
:1070200058480A2311E021683368080653F8045BC6
:1070300002D4490648BFADB26F2F5248336014BF27
:107040000A230823002184F843106668A660002EF6
:1070500005DB21682E4321F0040121604BD0164648
:10706000B5FBF3F103FB1157C75D06F8017D2F4611
:10707000BB420D46F4D9082B0BD12368DF0708D596
:10708000236961689942DEBF302306F8013C06F1AE
:10709000FF36921B2261CDF800A04B4603AA214681
:1070A0004046FFF7E7FE01304AD14FF0FF3004B011
:1070B000BDE8F087236843F0200323603248782737
:1070C00084F84570236831681F0651F8045B02D4C8
:1070D0005F0648BFADB23160D90744BF43F020031B
:1070E00023601DB11023ADE72648E9E7236823F0AC
:1070F00020032360F6E71646BDE73368256861691B
:10710000181D30602E061B6801D5196002E0680664
:10711000FBD51980002323611646BCE733681A1D8E
:1071200032601E68626800213046F9F759F808B1EC
:10713000801B606063682361002384F84330AAE702
:107140002369324649464046D0470130ADD02368D6
:107150009B0713D4E068039B9842B8BF1846A6E784
:107160000123324649464046D04701309DD0013583
:10717000E36803995B1AAB42F2DCEBE7002504F10C
:107180001906F5E71E9800082F980008002310B58F
:107190000446C0E90033C0E904338360818143665B
:1071A000C2818361194608225C3000F067F90D4BFB
:1071B00063620D4BA3620D4BE3620D4B23630D4BDA
:1071C00024629C4206D003F16802944202D0D0337C
:1071D0009C4205D104F15800BDE8104000F0CAB946
:1071E00010BD00BF7D7300089F730008D7730008AF
:1071F000FB73000860420020024A0349034800F084
:1072000069B800BF00010020DD8E000810010020D9
:1072100041680C4B994210B5044601D001F05EFE66
:10722000A168094B994202D0204601F057FEE1685F
:10723000064B994204D02046BDE8104001F04EBEF6
:1072400010BD00BF60420020C84200203043002033
:1072500010B50B4B0B4C0C4A1A602046002204213F
:10726000FFF794FF04F1680001220921FFF78EFF68
:1072700004F1D0000222BDE810401221FFF786BFC2
:107280009843002060420020F9710008014800F096
:1072900072B900BFA1430020014800F06DB900BFE2
:1072A000A143002010B50446FFF7F0FF236A1BB18D
:1072B000BDE81040FFF7F0BF044B2362044B1B688E
:1072C000002BF5D1FFF7C4FFF2E700BF11720008F1
:1072D000984300202DE9F8430746884614460026C7
:1072E000D4E90195B9F1010905D52468002CF7D13D
:1072F0003046BDE8F883AB89012B07D9B5F90E30CC
:10730000013303D029463846C04706436835E9E7CC
:107310000CB430B5184B0C1E1D689DB008DA8B23D9
:107320002B604FF0FF301DB0BDE8304002B0704719
:107330004FF40273ADF814304FF000031B9314BFE9
:1073400004F1FF332346049307934FF6FF73029033
:107350000690ADF81630209A21AB02A92846019379
:1073600001F03CFC431CBCBF8B232B60002CDAD00B
:10737000029B00221A70D6E70C01002010B50C46C3
:10738000B1F90E1000F0A8F80028ABBF636DA38917
:107390001B1823F48053ACBF6365A38110BD2DE996
:1073A000F0411F468B89DB0505460C46164605D580
:1073B000B1F90E100223002200F07CF8A389B4F981
:1073C0000E1023F48053A38132463B462846BDE885
:1073D000F04100F093B810B50C46B1F90E1000F072
:1073E00069F8431CA38915BF606523F4805343F4F7
:1073F0008053A38118BFA38110BDB1F90E1000F016
:1074000049B830B51446002C9BB005461A4605DA3B
:107410008B2303604FF0FF301BB030BD4FF402737D
:10742000ADF80C304FF00003199314BF04F1FF3393
:107430002346029305934FF6FF7300910491ADF834
:107440000E3069461E9B01F0C9FB431CBCBF8B2359
:107450002B60002CE0D0009B00221A70DCE70000BB
:1074600007B5009313460A46014603480068FFF734
:10747000C8FF03B05DF804FB0C0100200244034682
:10748000934200D1704703F8011BF9E700487047A9
:107490004C02002038B5064D0023044608462B60F8
:1074A000F9F79EFE431C02D12B6803B1236038BD5F
:1074B0009C43002038B5074D04460846114600227B
:1074C0002A601A46F9F796FE431C02D12B6803B1D5
:1074D000236038BD9C43002038B5074D044608465C
:1074E000114600222A601A46F9F75CFE431C02D1BD
:1074F0002B6803B1236038BD9C43002038B5074D8D
:1075000004460846114600222A601A46F9F75AFE38
:10751000431C02D12B6803B1236038BD9C4300207B
:10752000014B1868704700BF0C01002070B50D4D6D
:107530000D4C641BA4100026A64209D10B4D0C4C27
:1075400002F06AF8641BA4100026A64205D170BDA3
:1075500055F8043B98470136EEE755F8043B984749
:107560000136F2E78C9B00088C9B00088C9B00087E
:10757000909B00087047704770472DE9F74F0369EB
:107580000C69A34207467EDB013C01F11408A3000D
:1075900000F11405009305EB8403019358F824309F
:1075A00055F8242001339A4208EB8409B2FBF3F624
:1075B0002ED34FF0000AC446AE46D3465CF8043BD7
:1075C00098B206FB00A0020C1B0C06FB0323DEF89E
:1075D000002080B292B2121A5A44DEF800004FEA3C
:1075E000134A9BB2C3EB224303EB104392B242EA2D
:1075F0000342E1454EF8042B4FEA234BDED2009BB9
:10760000EB582BB9019B043B9D421A462FD33C619A
:10761000384601F07FF9002825DB2946002058F87C
:10762000042BD1F800C01FFA82FE1FFA8CF3A3EBE3
:107630000E030344120CC2EB234202EB1C429BB22A
:1076400043EA0243C14541F8043B4FEA2240E6D2F7
:1076500055F8242005EB840322B9043B9D421A46C9
:107660000BD33C610136304603B0BDE8F08F1268A1
:10767000043B002ACBD1013CC6E71268043B002A38
:10768000EFD1013CEAE70020EEE700000000000037
:107690002DE9F04FC76997B08DED040B55EC104BF9
:1076A000209E079181460C9211937FB9102000F023
:1076B00009FE0246C9F81C0020B9A94BEF21A948D0
:1076C00001F06CFCC0E901770760C760D9F81C3095
:1076D000196859B15A684A60012393408B60484643
:1076E00000F0E6FED9F81C3000221A602B1EB9BF4C
:1076F00023F00043059300233360059F9A4BBCBFE2
:1077000001223260BB4312D1119A42F20F7313600F
:10771000C7F31303234300F05A85219BDFF85CA2D3
:10772000002B00F05C850AF1030300F056BD9DEDCF
:10773000047B002251EC170B00238DED0A7BF9F737
:10774000CBF9804658B1119A01231360219B13B1E4
:10775000219A864B1360DFF828A200F040BD9DED12
:107760000A0B14AA15A9484601F084F9C7F30A5672
:107770000290002E78D00B9BCDF84880C3F3130302
:10778000DDE90A0143F07F5343F44013A6F2FF36CC
:1077900019460022764BF8F77FFD6BA3D3E900234F
:1077A000F8F732FF6AA3D3E90023F8F777FD044620
:1077B00030460D46F8F7BEFE67A3D3E90023F8F77D
:1077C00023FF02460B4620462946F8F767FD04468C
:1077D0000D46F9F7C9F9002207460023204629463D
:1077E000F9F784F940B13846F8F7A4FE22462B4653
:1077F000F9F772F900B9013F162F52D85D4B03EB30
:10780000C703D3E90023DDE90A01F9F76FF900287E
:1078100049D0013F00231093149B9B1B5A1E45BF68
:10782000C3F10103009300230023069254BF009389
:107830000693002F39DB069B0D973B4406930023EC
:107840000893079B092B63D8052BC4BF043B079300
:10785000079BA3F10203CCBF00240124032B63D8B0
:10786000DFE803F05254372BDDE914631E4406F2BF
:107870003243202BC1BFC3F140039F4006F21243A5
:1078800024FA03F3D6BFC3F1200347EA030004FA46
:1078900003F0F8F73FFE0122A1F1F873013E1292C6
:1078A00076E70123B7E71090B6E7009BDB1B009358
:1078B0007B42089300230D93C3E7012309930C9B9C
:1078C00007EB030B0BF10103012B0393B8BF01235B
:1078D00006E0012309930C9B002B28DD9B460393B4
:1078E000D9F81C000021042202F114059D4226D97A
:1078F0004160484600F09CFD8246002842D11E4B64
:10790000024640F2AF11DAE60023E3E70023D5E7B1
:1079100001240023079309944FF0FF3B0022CDF888
:107920000CB012230C92DBE701230993F4E74FF02C
:10793000010BCDF80CB05B46CDF830B0D0E701318B
:107940005200D1E7AFF3008061436F63A787D23F56
:10795000B3C8608B288AC63FFB799F501344D33F3E
:107960004D980008649800080000F07F1D980008FA
:107970000000F83FB8990008BC9800084998000832
:107980001C980008D9F81C301860039B0E2B00F2DD
:10799000A180002C00F09E80002F33DD9C4B07F06F
:1079A0000F0203EBC20393ED007BF8058DED0E7B18
:1079B0004FEA271416D5974BDDE90A01D3E90823CE
:1079C000F8F74CFFCDE9040104F00F040326914DB4
:1079D00054B9DDE90E23DDE90401F8F73FFFCDE9F5
:1079E000040128E00226F2E7E10708D5DDE90E01EF
:1079F000D5E90023F8F708FECDE90E010136641041
:107A00000835E5E700F0AF807C42814B814D04F002
:107A10000F0203EBC203D3E90023DDE90A01F8F703
:107A2000F3FDCDE90401241100230226002C40F0CF
:107A30008F80002BD3D1109BDDE90445002B00F093
:107A40009480754B002220462946F9F74FF800280C
:107A500000F08B80039B002B00F08780BBF1000FB0
:107A600034DD20466D4B00222946F8F7CDFDCDE9E7
:107A7000040107F1FF3801365C463046F8F75AFD3D
:107A8000DDE90423F8F7C0FD654B0022F8F706FC9A
:107A90000546A1F15076002C6AD1DDE90401614B65
:107AA0000022F8F7F9FB02460B46CDE904232A46EB
:107AB0003346F9F739F8002840F09882DDE90401EF
:107AC0002A4606F10043F9F711F838BBDDE90A341C
:107AD000CDE90434159B002BC0F257810E2F00F323
:107AE00054814B4B03EBC70393ED007B0C9B002BA6
:107AF0008DED007B80F2E580039B002B00F3E1809D
:107B00000CD1484B002251EC170BF8F77DFDDDE955
:107B10000423F8F7FFFF002800F0668200242546C2
:107B20000C9B56466FEA030800272146484600F0A2
:107B3000BFFC002D00F0BD802FB1AF4203D039460D
:107B4000484600F0B5FC2946484600F0B1FCB0E0DC
:107B5000E20705D5D5E90023F8F756FD01360123E4
:107B60006410083562E7022665E7039CB84684E79F
:107B7000274B099903EBC40353E90223544400291A
:107B800054D029490020F8F769FE33462A46F8F711
:107B900083FBCDE90E015646DDE90401F8F7E4FF69
:107BA0000546F8F7C7FC02460B46DDE90401F8F785
:107BB00073FB303502460B46CDE9042306F8015B22
:107BC000DDE90E23F8F792FF002872D1DDE90423E6
:107BD00011490020F8F760FBDDE90E23F8F786FF76
:107BE000002840F0B480A6423FF470AFDDE90E01FA
:107BF0000A4B0022F8F708FD084BCDE90E010022E0
:107C0000DDE90401F8F700FDCDE90401C4E700BF98
:107C1000B8990008909900080000F03F0000244047
:107C200000001C40000014400000E03F31462846A0
:107C3000F8F7EAFCCDE90E0113945646DDE904019C
:107C4000F8F792FF0546F8F775FC02460B46DDE9AA
:107C50000401F8F721FB303506F8015B02460B46BC
:107C6000A642CDE904234FF0000224D1AF4BDDE959
:107C70000E01F8F713FB02460B46DDE90401F8F7A5
:107C800053FF002863D1DDE90E23A8490020F8F74F
:107C900003FB02460B46DDE90401F8F727FF002845
:107CA0003FF414AF139E731E139316F8013C302B50
:107CB000F8D047463BE09E4BF8F7A6FCCDE904011F
:107CC000BCE7DDE904455646DDE9002320462946A8
:107CD000F8F7C4FDF8F748FF8046F8F72BFCDDE91C
:107CE0000023F8F791FC02460B462046294608F18E
:107CF0003004F8F7D1FA06F8014B039DA6EB0A040D
:107D0000A54202460B4633D1F8F7C8FADDE9002355
:107D100004460D46F8F708FFC0B9DDE90023204608
:107D20002946F8F7D9FE10B118F0010F0ED10299CB
:107D3000484600F0BDFB00233370119B01371F60E4
:107D4000219B002B00F04B821E6048E2B846334670
:107D50001E4613F8012D392A06D19A45F8D1302252
:107D600008F101088AF800201A7801321A70A0E799
:107D70006F4B0022F8F748FC0022002304460D4612
:107D8000F8F7AAFE00289FD0D1E7099A002A00F050
:107D9000EA80079A012A00F3CD80129A002A00F0A7
:107DA000C18003F23343089C009E009A1A4400925B
:107DB000069A01211A444846069200F02DFC054619
:107DC00066B1069B002B09DDB342009AA8BF33467B
:107DD000D21A0092069AF61AD31A0693089B0BB38E
:107DE000099B002B00F0C680002C00F0C0802946C3
:107DF0002246484600F0C8FC029A0146054648461D
:107E000000F020FC02998046484600F051FB089B98
:107E10001B1B089300F0B180089A4146484600F0C9
:107E2000B3FC02900121484600F0F6FB0D9B04468E
:107E3000002B00F0D8811A460146484600F0A4FC09
:107E4000079B012B044600F39F80049B002B40F00E
:107E50009780059BC3F31303002B40F09380059B91
:107E600023F000431B0D1B0533B1009B013300932E
:107E7000069B01330693012308930D9B002B00F012
:107E8000B881236904EB8303186900F079FBC0F122
:107E90002000069B184410F01F0000F08280C0F103
:107EA0002003042B73DD009BC0F11C0003440093EE
:107EB000069B034406440693009B002B05DD0299B4
:107EC0001A46484600F0BAFC0290069B002B05DDDE
:107ED00021461A46484600F0B1FC0446109B002B90
:107EE00061D00298214600F015FD00285BDA0023DE
:107EF00002990A22484600F0FDFA099B029007F118
:107F0000FF38002B00F07781294600230A224846DB
:107F100000F0F0FABBF1000F05466FDC079B022B67
:107F200049DC6BE0149BC3F136033CE70000E03F03
:107F300000002440039B5C1E089BA34209DB1C1B22
:107F4000039B002BBFF630AF009B039A9E1A0023C1
:107F50002BE7089B0D9A0894E31A1A44009E039B92
:107F60000D92002421E7089C009E099D28E7DDF87A
:107F7000088051E7089A029950E7CDF8088051E748
:107F8000002379E7049B77E70023089379E793D0F0
:107F9000009A1C331A440092069A1A441E44069210
:107FA0008AE70346F4E7039B002BB84620DC9B4698
:107FB000079B022B1EDDBBF1000F7FF4B1AD214604
:107FC0005B460522484600F095FA014604460298B1
:107FD00000F0A0FC00287FF7A3AD5646312306F839
:107FE000013B08F101089FE5039CB8462546F4E7EC
:107FF000DDF80CB0099B002B00F00181002E05DD9F
:1080000029463246484600F019FC0546089B002BDD
:108010005CD06968484600F00BFA064628B9824BE6
:10802000024640F2EF21FFF74ABB2A690232920072
:1080300005F10C010C3000F0A3FF01223146484647
:1080400000F0FCFB0AF1010300930AEB0B03089319
:10805000049B03F001032F4606930546009B0298FC
:10806000214603F1FF3BFFF788FA034630330390C4
:1080700039460298099300F04DFC2A4604902146A7
:10808000484600F063FCC268099B064602BB0146F5
:10809000029800F03FFC099B0246314648460C928C
:1080A000099300F005FA079B0C9A009E42EA03012F
:1080B000069B1943099B0DD1392B27D0049A002A1E
:1080C00001DD039B31338BF800302EE52846B9E7FC
:1080D0000122E2E70499002904DB0798014306988E
:1080E000014320D1002AEEDD029900930122484687
:1080F00000F0A4FB2146029000F00CFC0028009B3D
:1081000002DCE0D1DA07DED5392BDAD139238BF85E
:10811000003033461E46013B16F8012C392A4ED05A
:1081200001321A7001E5002A03DD392BEED001334C
:10813000C9E7009A089902F8013C8A4228D00299BE
:1081400000230A22484600F0D5F9AF4202904FF0D2
:1081500000034FF00A023946484607D100F0CAF939
:1081600007460546009B0133009377E700F0C2F90C
:108170002946074600230A22484600F0BBF9054677
:10818000F0E7BBF1000FCCBF5E4601265644002746
:10819000029900930122484600F050FB21460290CC
:1081A00000F0B8FB0028B4DC02D1009BDB07B0D4A0
:1081B00033461E4613F8012D302AFAD0B5E49A450D
:1081C000A8D1312308F101088AF80030ADE4219BE1
:1081D000DFF858A01BB10AF10803219A136050463A
:1081E00017B0BDE8F08F079B012B7FF72EAE0D9BDC
:1081F000089301204DE6BBF1000F7FF7D9AE56463C
:1082000002982146FFF7B9F900F1300306F8013B67
:10821000A6EB0A029345B4DD029900230A224846E0
:1082200000F068F90290EBE7BC980008409800085D
:1082300038B50546002941D051F8043C0C1F002BED
:10824000B8BFE41800F0E8F81D4A136833B963605A
:1082500014602846BDE8384000F0E4B8A34208D9CD
:10826000206821188B4201BF19685B6809182160DA
:10827000EDE71A465B680BB1A342FAD911685018B2
:10828000A0420BD120680144501883421160E0D114
:1082900018685B68536008441060DAE702D90C2361
:1082A0002B60D6E7206821188B4204BF19685B68F1
:1082B000636004BF091821605460CAE738BD00BF7D
:1082C000A8430020024B0146186800F025B800BF03
:1082D0000C01002070B50F4E0C463168054611B9EF
:1082E00000F03EFE30602146284600F039FE431C77
:1082F00003D14FF0FF34204670BDC41C24F00304AA
:10830000A042F8D0211A284600F02AFE0130F2D10E
:10831000EFE700BFA44300202DE9F843CD1C25F072
:10832000030508350C2D38BF0C25002D064601DB52
:10833000A94204D90C2333600020BDE8F883DFF89C
:10834000D48000F069F8D8F800301C4644BB2946B8
:108350003046FFF7BFFF431C044658D1D8F8004011
:108360002746002F43D1002C4BD023683946304696
:1083700004EB030900F0F4FD814542D121686D1A38
:1083800029463046FFF7A6FF01303AD023682B4438
:108390002360D8F800305A6862BBC8F800700FE05C
:1083A0002268521B20D40B2A17D96119A3422560D9
:1083B00018BF5960636808BFC8F8001062514B606D
:1083C000304600F02FF804F10B00231D20F00700C9
:1083D000C21A1CBF1B1AA350AFE76268A3420CBFAE
:1083E000C8F800205A60EBE723466468AEE73C46D5
:1083F0007F68B6E71A465B68A342FBD1002353604F
:10840000DEE70C233360304600F00CF894E705609B
:10841000D6E700BFA84300200148FFF7ACB800BF73
:10842000A04300200148FFF7A7B800BFA0430020E9
:1084300070B5C66904460D4676B91020FFF742FFB5
:108440000246E06120B9184B18486B2100F0A6FDE8
:10845000C0E901660660C660E669F36883B1E36956
:10846000DB6853F82500B8B9012101FA05F6721D41
:108470009200204600F0B0FD60B1C0E901560EE068
:1084800021220421204600F0A7FDE369F060DB68AB
:10849000002BE4D1002070BD026843F825200023A2
:1084A000C0E90333F7E700BF4D980008CD980008F6
:1084B00070B5C66905460C4676B91020FFF702FF75
:1084C0000246E86120B9094B09488F2100F066FD9A
:1084D000C0E901660660C6603CB1EB696268DB68B2
:1084E00053F82210216043F8224070BD4D980008D7
:1084F000CD9800082DE9F0410D6907460C461E464F
:1085000001F1140C0020DCF8003099B202FB01618B
:108510001E0C0B0C02FB063389B2013001EB034148
:1085200085424CF8041B4FEA1346ECDC0EB3A368FB
:10853000AB4219DC616838460131FFF779FF8046AC
:1085400028B902460C4B0D48BA2100F027FD2269DC
:10855000023204F10C0192000C3000F011FD2146B2
:108560003846FFF7A5FF444604EB850301355E61FD
:1085700025612046BDE8F081BC980008CD98000830
:10858000B0F5803F034636BF030400201020B3F14E
:10859000807F3CBF1B020830B3F1805F3CBF1B01F2
:1085A0000430B3F1804F3CBF9B000230002B05DB51
:1085B00013F0804F00F1010008BF202070470368CE
:1085C000024613F007000BD0D90721D4980749BF02
:1085D0005B089B08012013605CBF1360022070479A
:1085E00099B209B91B0C1020D9B209B908301B0A7D
:1085F000190704BF1B090430990704BF9B08023008
:10860000D90703D45B0800F1010003D01360704761
:10861000002070472020704710B50C460121FFF75D
:1086200007FF024628B9054B054840F2451100F006
:10863000B5FC01234461036110BD00BFBC98000874
:10864000CD9800082DE9F04F17460A693B699A4218
:10865000A8BF3B468946A4BF0F4699463D69D9F855
:1086600010A0BB68796805EB0A06B34285B0B8BFB5
:108670000131FFF7DDFE30B90246414B41484FF46E
:10868000B17100F08BFC00F1140404EB860E23465C
:108690000022734520D307F1140809F1140108EBF7
:1086A000850501EB8A030293EB1B153B23F00303C3
:1086B00004331537BD4238BF04230193029B039155
:1086C0008B420CD8002E03DD5EF8043D002B55D004
:1086D000066105B0BDE8F08F43F8042BD9E7B1F887
:1086E00000A0BAF1000F1FD0C446A14600275CF8D5
:1086F000042BD9F800301FFA82FB9BB20AFB0B3324
:108700003B44D9F80070120C3F0C0AFB027202EBDA
:1087100013429BB243EA0243654549F8043B4FEAE2
:108720001247E4D8019BE750039BB3F80290043151
:10873000B9F1000F20D023684746A4464FF0000A45
:10874000B7F800B0BCF8022009FB0B2252449BB2E0
:1087500043EA02434CF8043B57F8043B4FEA134A00
:10876000BCF8003009FB0A3303EB1243BD424FEA69
:10877000134AE5D8019AA35004349FE7013EA1E7CC
:10878000BC980008CD9800082DE9F843154612F072
:10879000030207460E4607D0254C013A002354F841
:1087A0002220FFF7A7FE0646AD103DD0FC697CB93C
:1087B0001020FFF787FD0246F86128B91D4B1E48BF
:1087C00040F2B31100F0EAFBC0E901440460C46068
:1087D000D7F81C80D8F808404CB940F271213846CF
:1087E000FFF71AFF0023C8F80800044603604FF0A3
:1087F0000009EB070AD5314622463846FFF722FF2B
:10880000314680463846FFF753FE46466D100BD082
:10881000206838B9224621463846FFF713FF20600A
:10882000C0F800900446E4E73046BDE8F88300BF96
:10883000809900084D980008CD9800082DE9F04770
:108840000C464968236903EB6218A3680746914602
:108850004FEA621A08F10106B3420BDB3846FFF714
:10886000E7FD054648B90246284B29484FF4EF7109
:1088700000F094FB01315B00EEE7002300F11401EE
:1088800000F110021846534533DB20692AEAEA7AE0
:1088900004F1140319F01F0901EB8A0103EB800CAA
:1088A0002BD0C9F1200E8A460022186800FA09F080
:1088B00010434AF8040B53F8042B9C4522FA0EF29D
:1088C000F3D8ACEB0403153B23F00303043304F1AA
:1088D0001500604588BF0423CA500AB108F102069A
:1088E000013E38462E612146FFF7E2FD2846BDE8ED
:1088F000F08742F8040F0133C5E7043953F8042B1D
:1089000041F8042F9C45F9D8EAE700BFBC9800085D
:10891000CD9800080A6903460069801A30B50ED167
:108920001433143103EB820401EB820154F8045D2B
:1089300051F8042D954203D005D24FF0FF3030BDE1
:10894000A342F3D3FBE70120F9E700002DE9F74F3D
:1089500089460646114648461446FFF7DBFF051ECA
:1089600012D129463046FFF763FD024628B93F4B36
:1089700040F237213E4800F011FB0123C0E90435E5
:10898000104603B0BDE8F08FBCBF4B46A146304651
:10899000D9F80410BABF1C4601250025FFF748FD91
:1089A000024618B9314B40F24521E3E7D9F810707F
:1089B0002669C56009F1100309F1140504F1140ECC
:1089C00000F1140B05EB87080EEB86060193D946E0
:1089D0004FF0000C019B5EF8040B53F804AF0193B9
:1089E0001FFA8AF3194683B2CB1A000C6344C0EB1A
:1089F0001A4000EB23409BB243EA0043764549F816
:108A0000043B4FEA204CE5D8331B153B23F003030E
:108A100015340433A64238BF04231D445B441E466C
:108A20002C4644450ED308F10301491B21F00301F4
:108A3000033DA84538BF00210B4453F8041D91B1F4
:108A400017619DE754F8041BE646080C1CFA81FCEC
:108A5000714400EB2C4089B241EA004146F8041B06
:108A60004FEA204CDDE7013FE7E700BFBC98000874
:108A7000CD9800082DE9F7430F46012159EC108BE2
:108A80001646FFF7D5FC044630B90246234B24486E
:108A900040F20F3100F082FAC9F30A55C9F313030B
:108AA0000DB143F480130193B8F1000323D068465D
:108AB0000093FFF784FDDDE90012D0B1C0F120037F
:108AC00002FA03F30B43C24063610192019BA3616D
:108AD000002B0CBF012202222261A5B1A5F2334571
:108AE00005443D60C0F135003060204603B0BDE86C
:108AF000F0836161EAE701A8FFF761FD019B636113
:108B000020300122E8E704EB8203A0F23240386013
:108B10001869FFF735FDC0EB4210E5E7BC98000887
:108B2000CD9800082DE9F0478E681F46BE420B68BD
:108B300082460C4690462DD8B1F90C2012F4906F65
:108B400026D06569096905EB4505A3EB010905EB2D
:108B5000D5757B1C4B446D109D4238BF1D46530597
:108B600027D52946FFF7D8FB064660B321694A4658
:108B700000F006FAA38923F4906343F08003A381F5
:108B8000266165614E44A5EB09052660A5603E4659
:108B9000BE4200D93E4620683246414600F0C6F942
:108BA000A3689B1BA3602368334423600020BDE8B7
:108BB000F0872A4600F036FA06460028E0D12169FF
:108BC0005046FFF735FB0C23CAF80030A38943F069
:108BD0004003A3814FF0FF30E9E700002DE9F04F9B
:108BE00098468B891B069DB007460D46144610D546
:108BF0000B6973B94021FFF78FFB2860286130B9FA
:108C00000C233B604FF0FF301DB0BDE8F08F4023D8
:108C10006B610023099320238DF82930CDF80C8057
:108C20003023DFF89C818DF82A304FF0010923466C
:108C30009A4613F8012B0AB1252AF9D1BAEB040B95
:108C40000BD05B46224629463846FFF76BFF0130C2
:108C500000F0A780099A5A4409929AF80030002B34
:108C600000F09F8000234FF0FF32CDE905230AF189
:108C7000010A049307938DF853301A935446052242
:108C800014F8011B4E48F7F7ABFA049AD8B9D0068E
:108C900044BF20238DF85330110744BF2B238DF898
:108CA00053309AF800302A2B15D0079A54460020EA
:108CB0004FF00A0C214611F8013B303B092B4BD9F0
:108CC000B0B1079214E0A0EB080309FA03F31343D1
:108CD0000493A246D2E7039B191D1B680391002B46
:108CE000BBBF5B4242F0020207930793B8BF0492F6
:108CF00023782E2B0AD163782A2B32D1039B1A1D9D
:108D00001B68039243EAE37302340593DFF8C0A0C3
:108D1000217803225046F7F763FA38B1049BA0EBA1
:108D20000A004022824013430134049314F8011BCB
:108D300024488DF828100622F7F752FA002836D07A
:108D4000214B1BBB039B073323F00703083303931B
:108D5000099B334409936AE70CFB02320C4601205D
:108D6000A8E700230134059319464FF00A0C20466A
:108D700010F8012B303A092A03D9002BC6D00591EF
:108D8000C4E70CFB012104460123F0E703AB009389
:108D90002A460E4B04A93846FDF742FE421C064601
:108DA000D6D1AB895B063FF52DAF09982CE703AB15
:108DB00000932A46054B04A93846FEF7C9F8EDE7AB
:108DC0002699000830990008216A0008258B0008C0
:108DD0002C990008B1F90C202DE9F0411607054641
:108DE0000C4654D44B68002B02DC0B6C002B48DD86
:108DF000E66A002E45D0002312F480522F68216AC3
:108E00002B6030D0626DA389590705D56368D21AEB
:108E1000636B0BB1236CD21A0023E66A216A2846E1
:108E2000B047431CA38906D129681D292BD82A4A9B
:108E3000CA40D60727D500226260D9042269226081
:108E400004D5421C01D12B6803B96065616B2F60AA
:108E5000B9B104F14403994202D02846FFF7E8F97A
:108E6000002363630DE001232846B0470246501CEF
:108E7000C9D12B68002BC6D01D2B01D0162B1ED1BB
:108E80002F60002022E043F040031BB21BE00F697B
:108E9000002FF6D093070E6808BF4B690F6018BF0C
:108EA0000023A6EB07088B60B8F1000FE9DD216A0B
:108EB000A66A43463A462846B047002808DCB4F97B
:108EC0000C3043F04003A3814FF0FF30BDE8F08148
:108ED0000744A8EB0008E7E70100402038B50B691C
:108EE00005460C4613B90025284638BD18B1036A5B
:108EF0000BB9FEF7D7F9B4F90C30002BF3D0626E42
:108F0000D00704D4990502D4A06DFEF734FB28469F
:108F10002146FFF75FFF636EDA070546E4D4A389B5
:108F20009B05E1D4A06DFEF727FBDDE7884210B575
:108F300001EB020402D98442234607D8431EA14212
:108F400008D011F8012B03F8012FF8E7024401467D
:108F50008A4200D110BD13F8014D02F8014DF7E728
:108F600038B5064D0023044608462B60F8F744F94F
:108F7000431C02D12B6803B1236038BD9C43002001
:108F80000A44914200F1FF3300D1704710B511F847
:108F9000014B03F8014F9142F9D110BD1FB51446A2
:108FA0001A46094B1B680546D8684CB1074B00911F
:108FB000CDE9013406492B4600F070F800F080F846
:108FC000044B1C46F3E700BF0C0100204199000848
:108FD0004E9900087C99000870B5A1FB025434B981
:108FE0002946FFF799F9064628B9304670BD0C228C
:108FF00002600026F9E72A462146FEF73FFAF4E729
:1090000082B001B901A942B14BB113780B6012785B
:10901000101E18BF012002B070471046FBE76FF02A
:109020000100F8E72DE9F041074614460D4621B945
:10903000BDE8F0411146FFF76FB92AB9FFF7F8F81C
:1090400025462846BDE8F08100F041F884420646F6
:1090500002D8B4EB500FF4D821463846FFF75CF93C
:10906000804608B94546ECE7B4422246294628BF67
:109070003246FFF785FF29463846FFF7D9F8F1E772
:109080000346084641B1FF2A04D98A221A604FF0EC
:10909000FF3070470A700120704700000EB403B51E
:1090A000014603AB054853F8042B0068019300F018
:1090B0003FF802B05DF804EB03B070470C010020EC
:1090C00008B5062000F008FA0120F8F765F851F815
:1090D000043C181F002BBCBF0B58C0187047936886
:1090E000013B002B10B4936008DA9469A34201DBC2
:1090F0000A2903D15DF8044B00F032B91368581CFB
:109100001060197008465DF8044B7047F8B50646C4
:109110000F461446D518AC4201D1002007E014F8E0
:10912000011B3A463046FFF7DAFF431CF3D1F8BD86
:109130002DE9F04F0D469DB014469846064618B1ED
:10914000036A0BB9FEF7AEF86B6ED90705D4AB898D
:109150009A0502D4A86DFEF70EFAAB891B0701D55C
:109160002B699BB92946304600F038F970B16B6E17
:10917000DC0704D54FF0FF301DB0BDE8F08FAB89A0
:109180009805F7D4A86DFEF7F7F9F3E700230993E4
:1091900020238DF82930CDF80C803023DFF8AC8106
:1091A0008DF82A304FF0010923469A4613F8012B17
:1091B0000AB1252AF9D1BAEB040B0BD05B46224643
:1091C00029463046FFF7A2FF013000F0A780099A38
:1091D0005A4409929AF80030002B00F09F80002337
:1091E0004FF0FF32CDE905230AF1010A04930793FA
:1091F0008DF853301A935446052214F8011B534836
:10920000F6F7EEFF049AD8B9D10644BF20238DF8B3
:109210005330130744BF2B238DF853309AF8003096
:109220002A2B15D0079A544600204FF00A0C2146ED
:1092300011F8013B303B092B4BD9B0B1079214E038
:10924000A0EB080309FA03F313430493A246D2E701
:10925000039B191D1B680391002BBBBF5B4242F0AF
:10926000020207930793B8BF049223782E2B0AD1EA
:1092700063782A2B32D1039B1A1D1B68039243EAA1
:10928000E37302340593DFF8D4A02178032250461B
:10929000F6F7A6FF38B1049BA0EB0A0040228240FB
:1092A00013430134049314F8011B29488DF8281046
:1092B0000622F6F795FF00283FD0264B1BBB039BE9
:1092C000073323F0070308330393099B3B440993B7
:1092D0006AE70CFB02320C460120A8E700230134A8
:1092E000059319464FF00A0C204610F8012B303A2E
:1092F000092A03D9002BC6D00591C4E70CFB012134
:1093000004460123F0E703AB00932A46124B04A95D
:109310003046FDF785FB0746781CD6D16B6ED90722
:1093200005D4AB899A0502D4A86DFEF725F9AB895F
:109330005B063FF51FAF09981EE703AB00932A4673
:10934000054B04A93046FDF703FEE4E72699000823
:1093500030990008216A00080D9100082C99000836
:10936000F8B50E461446054618B1036A0BB9FDF769
:1093700099FFA369A360A3891A0701D5236943B99B
:109380002146284600F02AF818B14FF0FF3738463A
:10939000F8BD23682269981A6369F6B2834237469A
:1093A00005DC21462846FFF799FD0028EDD1A3688A
:1093B000013BA36023685A1C22601E706269431C33
:1093C0009A4204D0A389DB07E1D50A2EDFD12146DA
:1093D0002846FFF783FD0028D9D0D6E738B5294BBA
:1093E000054618680C4618B1036A0BB9FDF75AFF19
:1093F000B4F90C30190722D4DA0607D409222A60FE
:1094000043F04003A3814FF0FF3033E0580712D5FB
:10941000616B41B104F14403994202D02846FEF742
:1094200007FF00236363A38923F02403A3810023A0
:10943000636023692360A38943F00803A381236940
:109440004BB9A38903F42073B3F5007F03D0214601
:10945000284600F083F8B4F90C3013F001020AD06A
:109460000022A26062695242A261226942B913F0ED
:109470008000C5D138BD990758BF6269A260F4E782
:109480000020F7E70C0100201F2938B505460C46DF
:1094900004D9162303604FF0FF3038BDC26B12B100
:1094A00052F821304BB9284600F030F822460146E8
:1094B0002846BDE8384000F017B8012B0AD0591CE7
:1094C00003D1162303600120E7E7002142F82410AE
:1094D000204698470020E0E7024B01461868FFF756
:1094E000D3BF00BF0C01002038B5074D0023044650
:1094F000084611462B60F7F747FE431C02D12B6844
:1095000003B1236038BD00BF9C430020F7F73ABE8B
:1095100070B50C46B1F90E10002996B015461E46DE
:109520000DDAA38913F0800F4FF0000114BF402320
:109530004FF48063002031602B6016B070BD6A4626
:1095400000F048F80028ECDB019901F47041A1F526
:109550000053594259414FF48063EBE78B89F7B5CB
:109560009D0706460C4607D504F147032360236197
:109570000123636103B0F0BD01AB6A46FFF7C8FF8A
:10958000009F054639463046FEF7C6FE48B9B4F995
:109590000C309A05EED423F0030343F00203A381B9
:1095A000E2E7A389206043F08003A381019BC4E923
:1095B00004075BB1B4F90E10304600F01DF828B175
:1095C000A38923F0030343F00103A381A3891D436F
:1095D000A581CFE738B5074D00230446084611465C
:1095E0002B60F7F700FE431C02D12B6803B1236008
:1095F00038BD00BF9C43002038B5064D002304460B
:1096000008462B60F7F7F4FD431C02D12B6803B129
:10961000236038BD9C430020F8B500BFF8BC08BCEF
:109620009E467047F8B500BFF8BC08BC9E46704720
:10963000427574746F6E2031207072657373656447
:109640000D0A000000000000427574746F6E203235
:1096500020707265737365640D0A0000427574743E
:109660006F6E203320707265737365640D0A00009D
:1096700025582025582025582025580D0A0000007F
:109680005553422025640D0A0000000053544D3309
:1096900032205669727475616C20436F6D506F7221
:1096A0007400000053544D6963726F656C65637498
:1096B000726F6E696373000043444320436F6E66AC
:1096C0006967000043444320496E746572666163B4
:1096D0006500000025303458092573005B4F4B5D51
:1096E00020737069466C617368496E697428290D2E
:1096F0000A00000020202020205732355131323816
:109700004A5620466F756E640D0A00005B4E475D39
:1097100020737069466C617368496E697428290DFD
:109720000A000000202020202057323551313238E5
:109730004A56204E6F7420466F756E64202558205F
:1097400025582025580D0A00737069466C617368AE
:10975000202020202020202020202020093A2046E0
:1097600061696C0D0A000000555341525431204488
:109770004542554720200000555341525432204560
:1097800058542020000000000000000001020304E3
:1097900000000000000000000102030406070809A1
:1097A0000000024010000000030100010008024018
:1097B0000020000100000000000000000000000088
:1097C0000000000000000000000000000000000099
:1097D000000000006897000800100140AC41002024
:1097E00004410020000000000000000078970008FD
:1097F0000044004064410020A4400020000000001C
:10980000000000000006101600061016494E460023
:10981000696E66004E414E006E616E003000303160
:1098200032333435363738394142434445460030C7
:1098300031323334353637383961626364656600F6
:10984000496E66696E697479004E614E00524545F5
:109850004E54206D616C6C6F632073756363656536
:10986000646564002F6275696C642F676E752D7472
:109870006F6F6C732D666F722D73746D33325F3141
:10988000332E332E72656C312E3230323430393211
:10989000362D313731352F7372632F6E65776C69D2
:1098A000622F6E65776C69622F6C6962632F7374C7
:1098B000646C69622F64746F612E630042616C6C2A
:1098C0006F6320737563636565646564002F6275FB
:1098D000696C642F676E752D746F6F6C732D666F76
:1098E000722D73746D33325F31332E332E72656C8B
:1098F000312E32303234303932362D313731352F46
:109900007372632F6E65776C69622F6E65776C6911
:10991000622F6C6962632F7374646C69622F6D705F
:109920007265632E6300232D302B2000686C4C0081
:10993000656667454647004300504F534958002E1F
:10994000002C2066756E6374696F6E3A2000617337
:1099500073657274696F6E202225732220666169B7
:109960006C65643A2066696C6520222573222C2080
:109970006C696E65202564257325730A000000005C
:1099800005000000190000007D000000000000003C
:109990000080E03779C34143176E05B5B5B89346EB
:1099A000F5F93FE9034F384D321D30F94877825AB7
:1099B0003CBF737FDD4F1575000000000000F03FD5
:1099C000000000000000244000000000000059409A
:1099D0000000000000408F40000000000088C340ED
:1099E00000000000006AF8400000000080842E4162
:1099F00000000000D01263410000000084D79741AE
:109A00000000000065CDCD41000000205FA00242B3
:109A1000000000E876483742000000A2941A6D4228
:109A2000000040E59C30A2420000901EC4BCD6421B
:109A300000003426F56B0C430080E03779C34143C6
:109A400000A0D8855734764300C84E676DC1AB433C
:109A5000003D9160E458E143408CB5781DAF15445A
:109A600050EFE2D6E41A4B4492D54D06CFF0804435
:109A7000F64AE1C7022DB544B49DD9794378EA444A
:109A800000202020202020202020282828282820CE
:109A900020202020202020202020202020202020C6
:109AA000208810101010101010101010101010102E
:109AB000100404040404040404040410101010101E
:109AC00010104141414141410101010101010101E8
:109AD000010101010101010101010101101010103A
:109AE00010104242424242420202020202020202BA
:109AF000020202020202020202020202101010100E
:109B00002000000000000000000000000000000035
:109B10000000000000000000000000000000000045
:109B20000000000000000000000000000000000035
:109B30000000000000000000000000000000000025
:109B40000000000000000000000000000000000015
:109B50000000000000000000000000000000000005
:109B600000000000000000000000000000000000F5
:109B700000000000000000000000000000000000E5
:049B800000000000E1
:089B84005C66FF7F0100000098
:049B8C00C501000807
:049B9000A101000827
:109B94000024F40009024300020100C03209040059
:109BA4000001020201000524001001052401000146
:109BB400042402020524060001070582030800109C
:109BC40009040100020A0000000705010240000028
:109BD4000705810240000000E31600087F16000814
:109BE40065150008000000008D130008E914000842
:109BF400B1140008B11A00080000000000000000C1
:109C04006914000821140008D9130008CD130008B2
:109C14000A060002000000400100000000C201002A
:109C24000000080079190008891800089518000830
:109C3400311900082D1900081A0300000000000063
:109C44000000000000000000000000000000000010
:109C54000000000004030904120100020202004093
:109C6400830440570002010203010000F51D0008AF
:109C7400011E0008C51E0008A11E00088D1E000854
:109C8400E11E0008051F000801010100100000008A
:109C940000000000030000006042002010010020CA
:109CA4000000000060420020C84200203043002031
:109CB40000000000000000000000000000000000A0
:109CC4000000000000000000000000000000000090
:109CD4000000000000000000000000000000000080
:109CE400000000000000000000000000430000002D
:109CF4000000000000000000000000000000000060
:109D0400000000000000000000000000430000000C
:109D1400000000000000000000000000000000003F
:109D240000000000000000000000000043000000EC
:109D3400000000000000000000000000000000001F
:109D440000000000000000000000000043000000CC
:109D540000000000000000000000000000000000FF
:109D640000000000000000000000000043000000AC
:109D740000000000000000000000000000000000DF
:109D8400000000000000000000000000430000008C
:109D940000000000000000000000000000000000BF
:109DA400000000000000000000000000430000006C
:109DB400000000000000000000000000000000009F
:109DC4000000000000000000000000008190000876
:109DD4000190000800000000809A00083F990008E4
:109DE4007C9900087C9900087C9900087C990008FB
:109DF4007C9900087C9900087C9900087C990008EB
:109E04007C990008FFFFFFFFFFFFFFFFFFFFFFFF3D
:109E1400FFFF0000010041534349490000000000D6
:109E2400000000000000000000000000000000002E
:109E340000000000000041534349490000000000B5
:109E4400000000000000000000000000000000000E
:089E5400000000000000000006
:040000050800126974
:00000001FF
