:020000040800F2
:1000000000000824B10A0008D5080008D708000835
:10001000D9080008DB080008DD080008000000001F
:10002000000000000000000000000000DF080008E1
:10003000E108000800000000E3080008E5080008E7
:10004000050B0008050B0008050B0008050B000850
:10005000050B0008050B0008050B0008050B000840
:10006000050B0008050B0008050B0008050B000830
:10007000050B0008050B0008050B0008050B000820
:10008000050B0008050B0008050B0008050B000810
:10009000050B0008050B0008050B0008050B000800
:1000A000050B0008050B0008050B0008050B0008F0
:1000B000050B0008050B0008050B0008050B0008E0
:1000C000050B0008050B0008050B0008050B0008D0
:1000D000050B0008050B0008050B0008050B0008C0
:1000E000050B0008050B000800000000050B0008C8
:1000F000050B0008050B0008050B0008050B0008A0
:10010000050B0008050B0008050B0008050B00088F
:10011000050B0008050B0008050B0008050B00087F
:10012000050B0008050B0008050B0008050B00086F
:10013000050B0008050B0008050B0008050B00085F
:1001400000000000000000000000000000000000AF
:10015000050B0008050B0008050B0008050B00083F
:10016000050B0008050B0008050B0008050B00082F
:10017000050B0008050B0008050B00080000000037
:10018000050B0008050B0008050B0008050B00080F
:10019000050B0008050B0008050B0008050B0008FF
:1001A000050B0008050B0008050B0008050B0008EF
:1001B000050B0008050B0008050B0008050B0008DF
:1001C000050B0008050B0008050B0008050B0008CF
:1001D000050B0008AD130008050B0008050B00080F
:1001E000050B0008050B0008050B0008050B0008AF
:1001F000050B0008050B0008050B0008050B00089F
:10020000050B0008050B0008050B0008050B00088E
:10021000050B0008050B0008050B0008050B00087E
:10022000050B0008050B0008050B00080000000086
:10023000050B0008050B000800000000050B000876
:10024000050B0008050B0008050B0008050B00084E
:10025000050B0008050B0008050B0008050B00083E
:10026000050B0008050B0008050B0008050B00082E
:10027000050B0008050B0008050B00080000000036
:10028000050B0008050B0008050B00080000000026
:0802900000000000050B00084E
:1002A00010B5054C237833B9044B13B10448AFF3B0
:1002B00000800123237010BDE0070024000000002F
:1002C0006CC7000808B5034B1BB103490348AFF3E3
:1002D000008008BD00000000E40700246CC700088F
:1002E00001F0FF01102A2BDB10F0070F08D010F8E7
:1002F000013B013A8B422DD010F0070F42B3F6D1EB
:10030000F0B441EA012141EA014122F007047FF003
:1003100000070023F0E80256083C85EA010586EA5A
:10032000010685FA47F5A3FA87F586FA47F6A5FA96
:1003300087F68EB9EED1F0BC01F0FF0102F00702A2
:1003400032B110F8013B013A83EA010313B1F8D14D
:100350000020704701387047002D06BF354603382E
:10036000073815F0010F07D1013015F4807F02BF67
:10037000013015F4C03F0130F0BC0138704700BFB8
:10038000034613F8012B002AFBD1181A01387047D5
:1003900053B94AB9002908BF00281CBF4FF0FF31EC
:1003A0004FF0FF3000F088B9ADF1080C6DE904CED4
:1003B00000F006F8DDF804E0DDE9022304B0704740
:1003C0002DE9F047089D8E4604468846002B4AD109
:1003D0008A42174662D9B2FA82F64EB1C6F12003BC
:1003E00001FA06F820FA03F3B74043EA0808B440DC
:1003F0004FEA174E1FFA87FCB8FBFEF1230C0EFBE9
:10040000118843EA084301FB0CF29A4209D9FB1810
:1004100001F1FF3080F0EA809A4240F2E780023931
:100420003B449A1AA3B2B2FBFEF00EFB102243EA41
:10043000024300FB0CFC9C4509D9FB1800F1FF327C
:1004400080F0D6809C4540F2D3803B44023840EA9D
:100450000140A3EB0C0300211DB1F3400022C5E9CC
:100460000032BDE8F0878B4205D90DB1C5E9000126
:1004700000210846F5E7B3FA83F1002946D1734518
:1004800002D3824200F20581841A6EEB030201203E
:100490009046002DE5D0C5E90048E2E7002A00F0CB
:1004A0009080B2FA82F6002E40F0A4808A1A030CE3
:1004B0004FEA174E80B2BCB20121B2FBFEFC0EFB2C
:1004C0001C2243EA024304FB0CF29A4207D9FB18B0
:1004D0000CF1FF3802D29A4200F2E080C4469B1A27
:1004E000B3FBFEF20EFB123340EA034302FB04F4BB
:1004F0009C4207D9FB1802F1FF3002D29C4200F265
:10050000CA8002461B1B42EA0C40A5E7C1F1200647
:100510008B4022FA06F71F430EFA01F420FA06F385
:100520002EFA06FE4FEA1749234300FA01F81FFA94
:1005300087FCBEFBF9F01C0C09FB10EE44EA0E44EC
:1005400000FB0CFEA64502FA01F209D93C1900F1A4
:10055000FF3A80F09C80A64540F2998002383C44E6
:10056000A4EB0E041FFA83FEB4FBF9F309FB13445A
:100570004EEA044403FB0CFCA44508D93C1903F1E2
:10058000FF3E80F08280A4457FD9023B3C4443EA91
:100590000040A4EB0C04A0FB02EC64457346E1466A
:1005A00062D35FD05DB1B8EB030264EB090404FAD7
:1005B00006F622FA01F31E43CC40C5E9006400218F
:1005C0004FE7B1FBF2FC010C41EA0E4180B240EA78
:1005D00001423B4638463C46B846BE462026B1FB63
:1005E000F7F1A2EB080241EA0C4166E7014618E781
:1005F00010462CE7C6F120022EFA02F3B740B140B4
:1006000020FA02F24FEA174E0A43B3FBFEF8BCB2DF
:100610000EFB1833110C41EA034108FB04F9B0400A
:1006200089454FEA104380B23ED9791808F1FF3C62
:1006300001D289451FD8A1EB0901B1FBFEF909FBE5
:1006400004F80EFB191192B242EA0142424529D246
:10065000BA1809F1FF31C4D24245C2D2A9F1020150
:100660003A44BEE7F0459DD2BEEB02036CEB070CAB
:100670000138E14696E7A7EB09094944A8F1020CC5
:10068000B1FBFEF909FB04F8DBE773467FE7504650
:1006900066E70846FDE63B44023A33E7ACF1020C5C
:1006A0003B441CE749469CE7A1EB0901C446B1FB6A
:1006B000FEF909FB04F8C4E7704700BF08B5002045
:1006C00000F008FB08BD000010B518E0032000F0A2
:1006D0005DFC0146174800F049FB14E0164B18601A
:1006E000164B1C6801341C6000F05CFE024621467B
:1006F000134800F03BFB10E0002000F099FA00F0F6
:1007000077FA0028E2D100F01FF80E4B18600A4B70
:100710001B68C31AB3F57A7FE0D200F005FE00280B
:10072000EAD000F03FFE0128E6D1002000F070FA88
:10073000E5E700BF88C7000800080024040800247B
:100740008CC70008FC07002408B501F0C3FC08BDF5
:1007500072B6FEE700B59DB04C22002109A807F053
:10076000B9FD2022002101A807F0B4FD022003F00A
:1007700093FB00230093274B9A6942F440429A610D
:100780009B6903F440430093234BDA6A42F0010271
:10079000DA62DB6A03F001030093009B1D4B9B6947
:1007A00013F4005FFAD0212309934FF480330A93A6
:1007B00001230F9302231293139305221492C02254
:1007C000159216930C22179218930823199300235D
:1007D0001A931B9309A803F091FBB8B93F23019327
:1007E00003230293002303930823049340230593D8
:1007F00006934FF480620792089304210DEB0100E9
:1008000003F0D0FF20B91DB05DF804FBFFF7A0FF97
:10081000FFF79EFF004802580004005800B587B05B
:1008200001F01EFCFFF796FF204BD3F8E02042F0CA
:100830000102C3F8E020D3F8E02002F001020192A7
:10084000019AD3F8E02042F00202C3F8E020D3F886
:10085000E02002F002020292029AD3F8E02042F075
:100860000402C3F8E020D3F8E02002F0040203926F
:10087000039AD3F8E02042F00802C3F8E020D3F84E
:10088000E02002F008020492049AD3F8E02042F03B
:100890001002C3F8E020D3F8E03003F01003059312
:1008A000059B012007B05DF804FB00BF004402581F
:1008B00082B0074BD3F8F42042F00202C3F8F420D0
:1008C000D3F8F43003F002030193019B02B07047A8
:1008D00000440258FEE7FEE7FEE7FEE7FEE770474A
:1008E0007047704708B501F0E9FB08BD012070476B
:1008F00008B507F03DFD162303604FF0FF3008BD3B
:1009000008B54FF0FF31FFF7F3FFFEE770B50C4677
:100910001646002506E0AFF30080214601F8010BE2
:1009200001350C46B542F6DB304670BD70B50C465D
:100930001646002504E014F8010BAFF300800135E2
:10094000B542F8DB304670BD4FF0FF3070474FF4D2
:1009500000534B6000207047012070470020704713
:1009600010B503460C4A0D490D48006840B10C48CB
:1009700000680344521A934206D8094A136010BD16
:100980000748084C0460F2E707F0F2FC0C23036010
:100990004FF0FF30F3E700BF000008240004000020
:1009A0000808002448500024314AD2F8883043F423
:1009B0007003C2F888302F4B1B6803F00F03062B1F
:1009C00006D82C4A136823F00F0343F00703136083
:1009D000294B1A6842F001021A6000221A61196854
:1009E000264A0A401A60234B1B6813F0080F06D0F2
:1009F000204A136823F00F0343F0070313601E4BD4
:100A000000229A61DA611A621D4999621D49D96210
:100A10001D4919635A639963DA6319645A64196842
:100A200021F4802119601A66184B1B686FF30F03BD
:100A3000B3F1005F03D2164B0122C3F808210E4B1D
:100A4000D3F8D43013F4805F10D10B4BD3F8D420FB
:100A500042F48052C3F8D4200E4A43F2D20111600E
:100A6000D3F8D42022F48052C3F8D420704700BFBA
:100A700000ED00E000200052004402587FEDF6EA4D
:100A8000000202020000FF01800201010010005C70
:100A90000080005100400052704708B5FFF7BEFECD
:100AA00001F098FAFFF70AFEFFF70EFE002008BDDE
:100AB000DFF838D0FFF7F0FFFFF776FF0C480D495D
:100AC0000D4A002302E0D458C4500433C4188C42A9
:100AD000F9D30A4A0A4C002301E013600432A2420F
:100AE000FBD307F04BFCFFF7D8FF7047000008244A
:100AF00000000024E007002490CC0008E007002458
:100B000044500024FEE703460020186058609A60B5
:100B10000120D86019617047F0B500270CE00CEB9C
:100B2000030511F803E006F805E00133C5689D42AE
:100B3000F5D8294404600137974213D205686B1C2D
:100B40008468B3FBF4F604FB16344368A3420BD06D
:100B50000669002EEED00029ECD0C36803FB05FC2B
:100B60000023E3E70120F0BD0020FCE770B50C4650
:100B70001646002516E001EB0E0C1CF803C004F825
:100B800003C00133C2689A42F5D81444436802682E
:100B9000934216D001338268B3FBF2F102FB1133AA
:100BA00043600135B5420AD201690029EED0002C1C
:100BB000ECD04368C26802FB03FE0023E2E7012099
:100BC00070BD0020FCE7036842689B1A8268B3FB93
:100BD000F2F002FB1030704708B500F017FF014B30
:100BE000187008BD0C08002408B500F045FF08BDCA
:100BF00008B500F027FF08BD08B500F02BFF08BDC1
:100C000008B500F057FF08BD08B500F085FF08BD26
:100C100000B1704708B50346044800EBC301012248
:100C2000898850F8330002F0BFFA08BD64C8000894
:100C300000B1704708B50346044800EBC301002229
:100C4000898850F8330002F0AFFA08BD64C8000884
:100C500010B586B000240194029403940494059482
:100C600001230293002C02DD012006B010BD074BCA
:100C700003EBC4029288019201A953F8340002F0F8
:100C8000DBF8E0B2FFF7D4FF0134EBE764C80008FB
:100C90000B4A0023138053804FF480619180D380EE
:100CA00008499160084A138053804FF40061918095
:100CB000D380064B93600120054B1870704700BF2E
:100CC00024150024181100241815002418090024E4
:100CD00016090024003818BF0120014B1870704716
:100CE0000900002408B5054B1870054B1960054B29
:100CF00001221A7000F0A4F808BD00BF14090024F6
:100D0000100900241509002430B583B00446944628
:100D1000C3881344083382889A4205D20023C380D3
:100D20000CF108039A4219D3E088009123880E4AF7
:100D30000CF10801A568284407F016FA238801334E
:100D40002380E38882B21344E38063881844A18837
:100D5000884205DC1A446280012002E0002000E0A5
:100D6000012003B030BD00BF98C700080FB410B514
:100D700082B0164B1B7823B902B0BDE8104004B016
:100D8000704705AB0193049A4FF48071104807F047
:100D900093FA04460F4B1B7813B10F4B1B7843B9E2
:100DA0000E4B1B7863B9224609490D48FFF7ACFF8B
:100DB000E2E7024606490B4B187800F015F9EFE719
:100DC000224603490848FFF79FFFECE71609002475
:100DD000100800241509002408000024090000243C
:100DE00018150024140900242415002410B400232D
:100DF0000CE00E4C03EB4302100122180021215499
:100E00004FF4E13050609162D1620133032BF0DD89
:100E1000064B074A9A60074A9A63074A9A66012076
:100E2000064B18705DF8044B704700BF5430002427
:100E300030250024301D00243015002414310024F6
:100E4000032800F29B8070B582B0044600EB40039B
:100E50001B014B4AD05C38B104EB4402484B03EB16
:100E600002135B688B420ED0022C10D9032C0CD1DC
:100E7000434A04EB440302EB0313596004EB4404BC
:100E800024010120105502B070BD0020FBE73C4A50
:100E900004EB440502EB0515696004EB4403394E8D
:100EA00006EBC306B3682B62F0686862706818606E
:100EB0002B6A5960296A00238B60296ACB60296AF2
:100EC0000B61296A0C204861296A8B61296ACB6110
:100ED000296A0B62296A4B62296A8B6204EB44001F
:100EE0000001083010444FF40062A9680430FFF795
:100EF0000AFE254BD3F8D82042F00202C3F8D820CE
:100F0000D3F8D83003F002030193019B286A04F060
:100F10008FFE337D43B100231A461946286A05F037
:100F200065FC50B10020AEE704EB4402144B03EB28
:100F30000213186A05F0A9FBF3E7114A04EB440316
:100F4000190102EB0313012050544FF40062996819
:100F5000186A05F025FC78B90120094A04EB44031E
:100F600002EB031359691D6AD5F880502D686D682E
:100F7000491BD960196186E70020EEE70020704721
:100F8000543000246CC800080044025810B582B0E8
:100F9000044600238DF80730022806D9032810D113
:100FA000FFF72AFE8DF807000BE000EB4000000180
:100FB00008300C4B184401220DF107010430FFF7F3
:100FC000D5FD084B04EB440203EB0212926A04EBDA
:100FD000440403EB041301329A629DF8070002B047
:100FE00010BD00BF5430002438B5044608461546ED
:100FF000022C13D9032C0FD11146FFF701FE0F4B22
:1010000004EB440203EB0212D26A04EB440403EB48
:1010100004130244DA6238BD0020F0E704EB440216
:10102000064B03EB021C6423AAB2DCF8200005F097
:101030005FFA08B10020E2E72846E0E754300024D8
:1010400030B5BDB0044600213791389139913A91BD
:101050003B91C02206A807F03DF922687E4B9A42D8
:101060000AD022687D4B9A4254D022687C4B9A4227
:1010700000F0A0803DB030BD01220023CDE9062361
:1010800006A803F027FE00283ED1764BD3F8F020C7
:1010900042F01002C3F8F020D3F8F02002F0100262
:1010A0000092009AD3F8E02042F00202C3F8E02058
:1010B000D3F8E03003F002030193019B4FF4C063C7
:1010C000379302233893002539953A9507233B93AC
:1010D00037A9654801F0B0FE6448654B03602923D9
:1010E00043608560C5604FF480630361456185613D
:1010F0004FF48073C361056201F096FA38B95B4B17
:10110000C4F880309C63ACE7FFF722FBBDE7FFF734
:101110001FFBF4E702220023CDE9062300232493DA
:1011200006A803F0D7FD00283ED14E4BD3F8E820A7
:1011300042F40032C3F8E820D3F8E82002F4003289
:101140000292029AD3F8E02042F00802C3F8E020AD
:10115000D3F8E03003F008030393039B7023379325
:10116000022338930025399503233A9307233B93B1
:1011700037A9404801F060FE3F48404B03602B23F5
:1011800043608560C5604FF480630361456185619C
:101190004FF48073C361056201F046FA38B9364BEB
:1011A000C4F880309C6360E7FFF7D2FABDE7FFF731
:1011B000CFFAF4E702220023CDE90623002324938B
:1011C00006A803F087FD00283FD1264BD3F8E8207E
:1011D00042F48022C3F8E820D3F8E82002F4802209
:1011E0000492049AD3F8E02042F00802C3F8E02009
:1011F000D3F8E03003F008030593059B4FF44073E8
:101200003793022338930025399503233A93072314
:101210003B9337A9174801F00FFE1948194B03609B
:101220002D2343608560C5604FF480630361456191
:1012300085614FF48073C361056201F0F5F938B937
:101240000F4BC4F880309C6314E7FFF781FABCE7CA
:10125000FFF77EFAF4E700BF0010014000440040B1
:10126000004800400044025800000258202E00248C
:1012700028040240000C0258A82D0024400402401B
:10128000302D00245804024010B5044602681F4B5C
:101290009A4208D022681E4B9A4215D022681D4BF4
:1012A0009A4221D010BD1C4AD2F8F03023F010032E
:1012B000C2F8F0304FF4C061184801F0CDFED4F808
:1012C000800001F083FBE5E7134AD2F8E83023F40D
:1012D0000033C2F8E8307021114801F0BDFED4F8A7
:1012E000800001F073FBD9E70B4AD2F8E83023F411
:1012F0008023C2F8E8304FF44071094801F0ACFE99
:10130000D4F8800001F062FBCCE700BF0010014080
:1013100000440040004800400044025800000258C9
:10132000000C02580120704708B5FFF75DFC08BDAE
:1013300008B5012803D00020134B187008BD002207
:101340001249134806F050F808B10020F6E7114999
:101350000F4806F060F808B10020EFE70E490C488E
:1013600000F04EFA08B10020E8E7094806F073F8EB
:1013700008B10020E2E7FFF72FFC0848FFF7F6FC72
:101380000120074B1870D7E7F5330024E80000244C
:10139000183100245000002494000024E0C7000805
:1013A000F433002408B5FFF72FFC08BD08B5024848
:1013B00002F031FA08BD00BF4C48002410B5D0F847
:1013C000D43203F1B00250F822408CB100EB82001D
:1013D00043687BB194F80002FF280DD09B6894F815
:1013E000012221469847FF2384F80032002010BDD7
:1013F0000320FCE70020FAE70020F8E70A23038037
:101400000048704788000024F8B506460F4F822137
:10141000384606F0DCF905460121384606F0D7F9D2
:1014200004468121384606F0D2F90DB11022AA7186
:101430001CB1402222710022627118B14022027157
:1014400000224271432333800048F8BD0C00002481
:10145000F8B506460F4F8221384606F0B8F9054622
:101460000121384606F0B3F904468121384606F0DA
:10147000AEF90DB11022AA711CB1402222710022D6
:10148000627118B1402202710022427143233380FD
:101490000048F8BD0C000024F8B506460F4F822125
:1014A000384606F094F905460121384606F08FF9D2
:1014B00004468121384606F08AF90DB11022AA713E
:1014C0001CB1002222710222627118B10022027145
:1014D00002224271432333800048F8BD0C000024EF
:1014E00038B5D0F8D432B03350F8235095B1044613
:1014F00000F012FDC5F80C02D4F8D432B03304EB7E
:1015000083046368DB6805F50371D5F80402984726
:10151000002038BD0320FCE738B5D0F8C852D0F819
:10152000D432B03350F8234084B301F00F0303EBFF
:10153000830200EB820292694AB103EBC30C05EB14
:101540008C05ED69B2FBF5FC05FB1C2292B1002372
:10155000C4F81432D0F8D432B03300EB83004368BF
:101560001B69ABB10A4604F50471D4F80802984728
:10157000002038BD03EB830300EB830300249C6150
:101580002346224600F016FD2046F2E70320F0E74E
:101590000020EEE7F0B583B0D0F8D43203F1B0020A
:1015A00050F8227000228DF80720ADF80420002F9B
:1015B0007BD004460D46097811F0600634D0202E09
:1015C0006CD1EA882AB311F0800F07D16B7887F8C5
:1015D0000032EA883F2A13D8D2B212E0B03300EBCF
:1015E00083035B689B68394668789847EA88072ACE
:1015F00028BF07223946204606F0B1FC002651E0FC
:10160000402287F801223946204606F0BDFC00261C
:1016100048E0B03300EB83035B689B6800222946F7
:101620006878984700263DE06F780B2F31D8DFE8C7
:1016300007F006393030303030303030162690F830
:101640009C32DBB2032B04D0294606F0FDF80326BA
:1016500028E0022201A906F082FC3E4622E090F832
:101660009C32DBB2032B04D0294606F0EDF80326AA
:1016700018E001220DF1070106F071FC12E090F86C
:101680009C32DBB2032B0DD0294606F0DDF8032691
:1016900008E0294606F0D8F8032603E0294606F0BC
:1016A000D3F80326304603B0F0BD0326FAE738B579
:1016B0000446812100F058FC0025258701212046A1
:1016C00000F052FCA4F878518221204600F04CFC36
:1016D000A4F84C50A4F84E50D4F8D43203F1B00220
:1016E00054F822209AB1B03304EB83035B685B6843
:1016F0009847D4F8D432B03354F8230000F016FCE5
:10170000D4F8D432B03344F82350C4F8BC5200208B
:1017100038BD70B504464FF4077000F003FC002894
:1017200049D005464FF40772002106F0D3FDD4F8E6
:10173000D432B03344F82350C4F8BC52237C002B7D
:1017400041D14FF4007302228121204600F001FCB8
:10175000012626874FF4007302223146204600F00E
:10176000F8FBA4F878611023A4F84E300823032274
:101770008221204600F0EDFB0123A4F84C30002626
:10178000C5F80462D4F8D432B03304EB83035B6849
:101790001B689847C5F81462C5F81862D5F804228A
:1017A00062B3257C1DBB4FF400730121204600F07D
:1017B00009FC284670BDD4F8D432B033002244F876
:1017C00023200225F5E7402302228121204600F054
:1017D000C0FB01262687402302223146204600F026
:1017E000B8FBA4F878611023A4F84E30BEE740237C
:1017F0000121204600F0E6FB0025DAE70225D8E7C4
:1018000039B1D0F8D432B03300EB8300416000200E
:10181000704703207047D0F8D432B03350F82330EB
:101820002BB1C3F80812C3F8102200207047032020
:101830007047D0F8D432B03350F823301BB1C3F81E
:101840000412002070470320704708B5D0F8D43246
:10185000B03350F823208AB1D2F814320BB10120F2
:1018600008BD0123C2F81432D2F81032C362D2F894
:101870000822812100F09EFB0020F1E70320EFE722
:1018800010B5D0F8D432B03350F8232092B1047C94
:1018900044B94FF40073D2F80422012100F092FB06
:1018A000204610BD4023D2F80422012100F08AFB1B
:1018B0000024F5E70324F3E70020014B187070477C
:1018C000F833002421282AD0222839D0202835D1E5
:1018D0000B781E4A1360487843EA00231360887827
:1018E00043EA00431360C87843EA00631360087951
:1018F00010714879507189799171B3F5966F06D05E
:10190000B3F5E13F07D0124B00221A7016E0114ADE
:1019100001211170F4E70E4B01221A700EE00B4BFF
:101920001A780A705A784A709A788A70DA78CA7087
:101930001A790A715A794A719B798B710020704724
:101940004B8803F00103044A1370F7E7A800002452
:10195000F633002424440024F83300240020704788
:1019600038B505460C460A6801461748FFF7D4F813
:10197000164B1B78012B0CD013488468FFF723F912
:10198000241A013C3F2C16D8114B01221A7000205A
:1019900038BD0E4B00221A7023680C2BECD90023A3
:1019A00000E001330C2BE7DC0A4A1268D15CEA5CE8
:1019B0009142F6D0E0E7084C29462046FFF739FF70
:1019C0002046FFF75DFFE2E7103C0024244400249A
:1019D000F7330024B00000241831002410B5074C60
:1019E000002207492046FFF716FF06492046FFF769
:1019F00020FF0020044B187010BD00BF18310024D8
:101A0000243C002424400024F833002408B5084B6B
:101A100000221A704FF4806206490748FFF773F8F6
:101A20004FF4806205490648FFF76DF8012008BDB4
:101A3000F8330024FC370024103C0024FC3300243D
:101A4000FC3B002408B50248FFF7BDF808BD00BF05
:101A5000103C002400B583B000238DF8073001222C
:101A60000DF107010348FFF781F89DF8070003B067
:101A70005DF804FB103C00240C4BD3F8BC3293B14E
:101A800001220B4B187800B11046084B93F89C329A
:101A9000DBB2032B00D00020044B5B6803B90020AD
:101AA000034B187070470022EBE700BF1831002489
:101AB000F83300242DE9F04107460D46FFF7DCFF1F
:101AC00018B900263046BDE8F081FEF73DFE80469D
:101AD00000260AE0ACB9FFF7CFFF0028F2D0FEF7EE
:101AE00033FEA0EB0803632BECD8AE42EAD20948E0
:101AF0008468FFF768F8241A013CA542EAD82C460E
:101B0000E8E7224639460348FFF706F8274426440B
:101B1000E1E700BFFC3B0024014B1878704700BF91
:101B2000F633002470B51C4B1B788BB91B48FFF7AC
:101B30004AF8044610F03F0F02D138B1441E05D0D8
:101B4000174BD3F8BC32D3F81432ABB1002070BDC0
:101B500014488468FFF737F8241A013C3F2CE5D974
:101B60000F4C11492046FFF764FE2046FFF788FE20
:101B7000094B00221A70D9E70C4E2246314607481D
:101B8000FEF7F4FF064D224631462846FFF743FE96
:101B90002846FFF75AFED9E7F7330024FC3B002420
:101BA00018310024103C002424400024243C00244C
:101BB00012230B8000487047D400002404230B80BC
:101BC00000487047D0000024002393421ED200B585
:101BD00010E00CF1370C01F813C000014FEA430C80
:101BE0000CF1010C4FF0000E01F80CE00133DBB2F8
:101BF000934209D24FEA107CB0F1204FE9D20CF1A8
:101C0000300C01F813C0E8E75DF804FB70470000F2
:101C100038B50B4BD3F80008D3F80448D3F808388C
:101C2000C01800D138BD074D08222946FFF7CCFF68
:101C3000042205F110012046FFF7C6FFF2E700BFBE
:101C400000E0F11FB600002408B51A230B80FFF74F
:101C5000DFFF014808BD00BFB400002408B50A46F4
:101C600028B90549054806F057F9034808BD024957
:101C7000024806F051F9F8E7284400240CC800088F
:101C800010B50A46034C2146034806F045F92046A4
:101C900010BD00BF2844002424C8000808B50A4627
:101CA00028B90549054806F037F9034808BD024937
:101CB000024806F031F9F8E72844002438C8000843
:101CC00008B50A4628B90549054806F025F903482C
:101CD00008BD0249024806F01FF9F8E7284400242D
:101CE00044C8000830B5B9B004460021339134919E
:101CF000359136913791C02202A806F0EBFA22689E
:101D0000224B9A4201D039B030BD4FF480220023DB
:101D1000CDE902234FF44013249302A802F0DAFF26
:101D200088BB02F0E3F81A4CD4F8E03043F001032A
:101D3000C4F8E030D4F8E03003F001030093009BD6
:101D40004FF4C053339302233493002535953695D1
:101D50000A23379333A90F4801F06EF8D4F8D8302E
:101D600043F00063C4F8D830D4F8D83003F00063EF
:101D70000193019B2A462946652000F01DFA652043
:101D800000F02AFABFE7FEF7E3FCCAE700000840CC
:101D9000004402580000025808B500F29C41D0F8F7
:101DA000E00405F06EFB08BD08B501EBC10300EBD4
:101DB0008303D3F86022D0F8E00405F034FC08BDBA
:101DC00008B501EBC10300EB83031A6AD0F8E00405
:101DD00005F08BFC08BD08B5D0F8E00405F0CEFB9B
:101DE00008BD10B50446C17911B1022909D10121FC
:101DF000D4F8E00405F0A3FBD4F8E00405F06DFB93
:101E000010BDFEF7A5FC0121F2E7000010B5044665
:101E1000D0F8E00405F096FB2268D2F8003E43F0CB
:101E20000103C2F8003EE37A23B1044A136943F088
:101E300006031361024B00221A7010BD00ED00E092
:101E40004848002408B5D0F8E00405F08AFB08BD36
:101E500008B5D0F8E00405F0B9FB08BD08B5D0F826
:101E6000E00405F09CFB08BD08B5D0F8E00405F0DF
:101E7000C4FB08BD08B5D0F8E00405F0C0FB08BD00
:101E800002780AB10020704710B503461548C0F823
:101E9000E034C3F8C802144B036009230371022223
:101EA000C27100238371427201228272C372037372
:101EB00043738373C37301F0E5F980B9094C802142
:101EC000204601F0CEFF40220021204601F0A3FF72
:101ED00080220121204601F09EFF002010BDFEF768
:101EE00037FCEBE74C48002400000840D0F8C8322B
:101EF00011F0800F08D101F07F0101EBC10103EB6C
:101F0000810393F85602704701F07F0101EBC10194
:101F100003EB8103987D704708B5D0F8C80201F043
:101F2000B5FB08BD004870472846002470470328C9
:101F300005D8DFE800F00504020501207047032002
:101F4000704708B5D0F8C80201F01DFAFFF7EFFF9F
:101F500008BD08B594461A466346D0F8C80201F099
:101F6000F2FAFFF7E4FF08BD08B5D0F8C80201F0A7
:101F700030FBFFF7DCFF08BD08B5D0F8C80201F060
:101F8000B3FBFFF7D4FF08BD08B5D0F8C80201F0D5
:101F9000EEFBFFF7CCFF08BD08B5D0F8C80201F092
:101FA000BFFAFFF7C4FF024B01221A7008BD00BF41
:101FB0004848002408B5D0F8C80201F070FBFFF7CC
:101FC000B6FF08BD08B5D0F8C80201F03AFBFFF72C
:101FD000AEFF08BD38B5FEF73BFE0546FEF758FEDE
:101FE0004FF4E1310320FEF77DFEFFF79BF901205E
:101FF000FFF79EF9FEF7FAFE002405E04FF4E13109
:10200000E0B2FEF71DFF0134032CF7DD284638BD92
:10201000104B1B780BB90120704710B504464FF4E4
:102020007A70B0FBF3F30C4A1068B0FBF3F000F0E9
:10203000D7F868B90F2C01D901200AE00022214607
:102040004FF0FF3000F0B8F8044B1C60002000E0B7
:10205000012010BD08010024040000240C0100240C
:1020600010B5032000F096F802F0A0FA0F498B6932
:10207000C3F303230E4AD35C03F01F03D8408B69DC
:1020800003F00F03D35C03F01F0320FA03F3094AA4
:102090001360094B18600F20FFF7BAFF10B101243D
:1020A000204610BD0446FEF703FCF9E70044025841
:1020B00054C800080000002404000024034B1B78CF
:1020C000034A11680B441360704700BF08010024E5
:1020D000304D0024014B1868704700BF304D00247C
:1020E00038B50446FFF7F6FF0546B4F1FF3F02D0CE
:1020F000044B1B781C44FFF7EDFF401BA042FAD3B2
:1021000038BD00BF08010024014B1868000C70475F
:102110000010005C002807DB00F01F0240090123CB
:102120009340024A42F82030704700BF00E100E0CF
:10213000002804DB0901C9B2044B1954704700F0B0
:102140000F000901C9B2024B1954704700E400E0C6
:1021500014ED00E000B500F00700C0F1070CBCF181
:10216000040F28BF4FF0040C031D062B0FD9C31E0C
:102170004FF0FF3E0EFA0CF021EA000199400EFAF2
:1021800003FE22EA0E0241EA02005DF804FB00238E
:10219000EEE700000649CB6823F4E0631B041B0C48
:1021A000000200F4E0600343024A1A43CA60704729
:1021B00000ED00E00000FA0510B50446054BD868B4
:1021C000C0F30220FFF7C6FF01462046FFF7B0FF2D
:1021D00010BD00BF00ED00E008B5FFF79BFF08BD94
:1021E0000138B0F1807F0BD24FF0E0235861054AEF
:1021F000F02182F823100020986107221A617047AD
:102200000120704700ED00E0F0B4876D0468664E71
:10221000664DAC4218BFB44242D01835AC423FD0F4
:102220001835AC423CD01835AC4239D01835AC42E8
:1022300036D01835AC4233D01835AC4230D005F525
:102240005675AC422CD01835AC4229D01835AC426A
:1022500026D01835AC4223D01835AC4220D01835E2
:10226000AC421DD01835AC421AD01835AC4217D04C
:102270004F4DAC4214D01435AC4211D01435AC42A1
:102280000ED01435AC420BD01435AC4208D0143506
:10229000AC4205D01435AC4202D01435AC4207D163
:1022A000446E856E6560C46E14B1046F456F6560E1
:1022B00004683D4E3D4DAC4218BFB44252D0183573
:1022C000AC424FD01835AC424CD01835AC4249D056
:1022D0001835AC4246D01835AC4243D01835AC4224
:1022E00040D005F55675AC423CD01835AC4239D0DB
:1022F0001835AC4236D01835AC4233D01835AC4224
:1023000030D01835AC422DD01835AC422AD0183513
:10231000AC4227D0264E274DAC4218BFB44211D054
:10232000254DAC420ED01435AC420BD01435AC4226
:1023300008D01435AC4205D01435AC4202D0143567
:10234000AC4224D1C46D04F01F050124AC407C6074
:10235000046863608368402B20D003689960036839
:10236000DA6014E0C46D04F01F0C3F2404FA0CF48E
:10237000BC6005682C6824F480242C6004686360C9
:102380008368402B05D0036899600368DA60F0BC6D
:10239000704703689A600368D960F8E703689A6039
:1023A0000368D960F3E700BF100002402800024034
:1023B000085402581C5402583054025803682749E4
:1023C000274A934218BF8B422FD0183293422CD009
:1023D0001832934229D01832934226D018329342B1
:1023E00023D01832934220D0183293421DD002F5E8
:1023F0005672934219D01832934216D01832934233
:1024000013D01832934210D0183293420DD01832A4
:1024100093420AD01832934207D01832934204D024
:1024200023F0FF038365806D704710B4D9B2103973
:102430000C4AA2FB0142C2F302120B4CA25CC26521
:102440005F2907D96FF3090304338365806D5DF855
:10245000044B70476FF309038365F7E710000240F0
:1024600028000240ABAAAAAACCC8000883699BB97D
:10247000836A012B0AD0022B02D00BB100207047D7
:10248000C36A13F0807F2AD100207047C36AB3F17A
:10249000C07F26D000207047B3F5005F0AD0836A62
:1024A000022B26D9032B26D1C36A13F0807F24D1B7
:1024B00000207047836A032B03D8DFE803F014047D
:1024C000140A00207047C36A13F0807F0DD10020EA
:1024D0007047C36AB3F1C07F09D000207047012064
:1024E000704701207047012070470120704701208C
:1024F000704701207047002070470120704700009E
:1025000003682149214A934218BF8B4227D01432D5
:10251000934224D01432934221D0143293421ED0DD
:10252000143293421BD01432934218D01432934287
:1025300015D0DAB2103A1649A1FB02121209154958
:102540001944A8291ED9144B13449B000366134B4E
:10255000436602F01F020123934083667047DBB29B
:10256000083B0F4AA2FB03230E4A02EB1312920010
:1025700002660D4A4266C3F30413012202FA03F312
:10258000836670470832DEE7085402581C5402582C
:10259000ABAAAAAAF0FBFDBF00820010800802408F
:1025A000CDCCCCCC009600168058025801794A1E3A
:1025B000072A2BD830B40368154D164CA34218BF18
:1025C000AB4218D01434A34215D01434A34212D015
:1025D0001434A3420FD01434A3420CD01434A342B9
:1025E00009D01434A34206D00B4B0B449B00C366A6
:1025F0000A4B036705E00A4B0B449B00C366094B7B
:10260000036701239340436730BC7047704700BFA6
:10261000085402581C5402583F82001040090240DE
:102620003F9600164059025870B50446FFF752FD18
:10263000002C00F0B981054623685349534A934260
:1026400018BF8B420CBF0121002150D01832934299
:102650004DD0183293424AD01832934247D01832A4
:10266000934244D01832934241D0183293423ED024
:1026700002F5567293423AD01832934237D018324C
:10268000934234D01832934231D0183293422ED034
:10269000183293422BD01832934228D018329342EA
:1026A00025D03B493B4A934218BF8B4200F034810E
:1026B000394A934200F030811432934200F02C8169
:1026C0001432934200F028811432934200F02481A6
:1026D0001432934200F020811432934200F01C81A6
:1026E00040236365032384F8353001204AE0022249
:1026F00084F83520002284F8342079BB274A93429D
:102700002CD01832934229D01832934226D0183256
:10271000934223D01832934220D0183293421DD0D6
:1027200002F55672934219D01832934216D01832DD
:10273000934213D01832934210D0183293420DD0E6
:10274000183293420AD01832934207D0183293427B
:1027500004D01A6822F001021A6003E01A6822F01D
:1027600001021A6023681A6812F0010F18D0FFF7EF
:10277000B1FC431B052BF5D920236365032384F8A3
:102780003530012070BD00BF10000240280002401B
:10279000085402581C540258305402584000024059
:1027A0001A6882491140A268E06802432069024326
:1027B00060690243A0690243E0690243206A024360
:1027C0000A43616A042900F09880794909686FF327
:1027D0000F01B1F1005F10D361682E2940F29280A1
:1027E00052290AD83F2908D33F39724820FA01F10B
:1027F00011F0010F01D042F480121A602668756949
:1028000025F00705636A1D43042B08D1A36A1D4305
:10281000E36A23B12046FFF729FE002876D17561CF
:102820002046FFF7CBFDE36D03F01F023F239340EB
:10283000836023686049614A934218BF8B4242D04B
:10284000183293423FD0183293423CD01832934210
:1028500039D01832934236D01832934233D01832DE
:10286000934230D002F5567293422CD018329342E4
:1028700029D01832934226D01832934223D01832EE
:10288000934220D0183293421DD0183293421AD06E
:102890001832934217D04A4A934214D014329342CA
:1028A00011D0143293420ED0143293420BD0143212
:1028B000934208D01432934205D01432934202D08E
:1028C0001432934213D12046FFF71AFEA368802BDF
:1028D0005DD0236E22791A60636EA26E5A606368BF
:1028E000013B072B56D90023E3662367636700206B
:1028F0006065012384F8353044E7E16A206B0143C9
:102900000A4362E72929FFF478AF74E7402363653F
:10291000012084F8350035E7022284F835200022B2
:1029200084F8342019686FF31011A268402A2CD063
:10293000802A27D00022E06842EAD002206942EAD9
:10294000D002606942EAD002A06942EAD002E0699E
:1029500042EAD002206A42EA10120A431A60226850
:10296000184B1344184AA2FB03231B099B00E36581
:102970002046FFF723FDE26D02F01F0101228A408D
:10298000426056E74FF48042D5E71022D3E7002398
:1029900063609EE72046FFF709FEE36E00221A609F
:1029A000236F626F5A60A2E70120EBE63F8010FEC2
:1029B0000010005C0F030F001000024028000240CE
:1029C00008540258F8ABFDA7CDCCCCCC002800F0C1
:1029D000DB8010B5044603686C496D4A934218BF0A
:1029E0008B422FD0183293422CD01832934229D0E8
:1029F0001832934226D01832934223D01832934291
:102A000020D0183293421DD002F55672934219D04D
:102A10001832934216D01832934213D01832934290
:102A200010D0183293420DD0183293420AD0183287
:102A3000934207D01832934204D01A6822F0010260
:102A40001A6003E01A6822F001021A6023684F49F5
:102A50004F4A934218BF8B4244D01832934241D020
:102A6000183293423ED0183293423BD018329342F0
:102A700038D01832934235D01832934232D002F512
:102A8000567293422ED0183293422BD01832934272
:102A900028D01832934225D01832934222D01832CF
:102AA00093421FD0183293421CD01832934219D04F
:102AB0003849394A934218BF8B4247D0374A93422C
:102AC00044D01432934241D0143293423ED0143257
:102AD00093423BD01432934238D01432934235D0D3
:102AE000012032E000221A6023685A6023689A604D
:102AF0002368DA6023681A61236821225A6120461C
:102B0000FFF75CFCE36D03F01F023F2393408360FB
:102B10002046FFF7F5FC236E23B100221A60636E96
:102B2000A26E5A606368013B072B23D90020E06640
:102B300020676067E06320646064A064E0642065EF
:102B4000606584F8350084F8340010BD00221A60F6
:102B500023685A6023689A602368DA6023681A61E0
:102B60002046FFF72BFCE36D03F01F020123934087
:102B70004360CDE72046FFF719FDE36E00221A609F
:102B8000236F626F5A60D1E7012070471000024046
:102B900028000240085402581C540258305402586D
:102BA000002800F03E8170B5044690F834000128FA
:102BB00000F03981012084F8340094F83500C0B267
:102BC000012807D04FF400636365002384F8343094
:102BD000012070BD022084F8350000206065206867
:102BE000924E934DA84218BFB0422FD01835A8423C
:102BF0002CD01835A84229D01835A84226D018352F
:102C0000A84223D01835A84220D01835A8421DD09C
:102C100005F55675A84219D01835A84216D01835B2
:102C2000A84213D01835A84210D01835A8420DD0AC
:102C30001835A8420AD01835A84207D01835A8423E
:102C400004D0056825F00105056003E0056825F05E
:102C5000010505602046FFF7D7FA23687349744AD7
:102C6000934218BF8B4238D01832934235D0183275
:102C7000934232D0183293422FD0183293422CD044
:102C80001832934229D01832934226D002F5567258
:102C9000934222D0183293421FD0183293421CD054
:102CA0001832934219D01832934216D018329342F8
:102CB00013D01832934210D0183293420DD01A68B4
:102CC00022F00E0242F00A021A60236C93B12268CD
:102CD000136843F0040313600CE01A6822F01E022C
:102CE00042F016021A60236C23B12268136843F085
:102CF0000803136023684D494D4A934218BF8B4225
:102D000042D0183293423FD0183293423CD018320E
:102D1000934239D01832934236D01832934233D08E
:102D20001832934230D002F5567293422CD01832AA
:102D3000934229D01832934226D01832934223D09E
:102D40001832934220D0183293421DD01832934249
:102D50001AD01832934217D0364A934214D0143204
:102D6000934211D0143293420ED0143293420BD0BE
:102D70001432934208D01432934205D01432934255
:102D800002D0143293420ED1236E1A6812F4803F9F
:102D900003D01A6842F480721A60E36E1BB11A689D
:102DA00042F480721A6023682049214A934218BF76
:102DB0008B4230D0183293422DD0183293422AD011
:102DC0001832934227D01832934224D018329342BB
:102DD00021D0183293421ED002F5567293421AD077
:102DE0001832934217D01832934214D018329342BB
:102DF00011D0183293420ED0183293420BD01832B1
:102E0000934208D01832934205D01A6842F001026A
:102E10001A600020DDE61A6842F001021A60002004
:102E2000D7E6012070470220D3E600BF1000024021
:102E30002800024008540258F0B583B000236BE02C
:102E400085685E000324B44025EA0405CC68B440DC
:102E50002C438460456825EA0C054C68C4F30014D3
:102E60009C402C43446069E0DD08083550F825405B
:102E700003F0070C4FEA8C0C4FF00F0E0EFA0CFE0D
:102E800024EA0E0E0C6904FA0CF444EA0E0440F82D
:102E900025406BE0092400E0002404FA0EF42C43E2
:102EA0000CF1020C694D45F82C404FF0B0442568F8
:102EB000D44325EA02064F6817F4801F01D042EA86
:102EC00005064FF0B0452E606D6804EA05064F68B0
:102ED00017F4001F01D042EA05064FF0B0456E60BE
:102EE000D5F8845004EA05064F6817F4003F01D076
:102EF00042EA05064FF0B045C5F88460D5F8805029
:102F00002C404E6816F4803F01D042EA05044FF091
:102F1000B042C2F8804001330A6832FA03F400F08C
:102F200092804FF0010C0CFA03FC1CEA0202F2D072
:102F30004C6804F00304013C012C81D94C6804F076
:102F40000304032C0CD0C4685D004FF0030C0CFA92
:102F500005FC24EA0C0C8C68AC4044EA0C04C46008
:102F60004C6804F00304022C3FF47EAF04684FEA7F
:102F7000430E4FF0030C0CFA0EFC24EA0C0C4C68C8
:102F800004F0030404FA0EF444EA0C0404604C68F0
:102F900014F4403FBFD02E4CD4F8F45045F0020555
:102FA000C4F8F450D4F8F44004F002040194019CF5
:102FB0004FEA930C0CF10205244C54F8255003F011
:102FC000030E4FEA8E0E0F2404FA0EF425EA0405D0
:102FD000204CA0423FF460AF04F58064A04222D0B0
:102FE00004F58064A04220D004F58064A0421ED085
:102FF00004F58064A0421CD004F58064A0421AD07D
:1030000004F58064A04218D004F58064A04216D074
:1030100004F58064A04214D004F58064A0423FF41B
:1030200039AF0A2439E7012437E7022435E70324BE
:1030300033E7042431E705242FE706242DE707248E
:103040002BE7082429E703B0F0BD00BF00040058B7
:103050000044025800000258002331FA03F200F045
:103060009D80F0B52EE0092500E0002505FA0CF55D
:10307000A54272D004685D004FF0030C0CFA05FC09
:1030800044EA0C0404604FEAD30E0EF1080E50F827
:103090002E4003F00706B6000F25B54024EA0504CC
:1030A00040F82E40C46824EA0C04C460446824EA52
:1030B00002024260826822EA0C028260013331FA25
:1030C00003F26AD001229A4012EA010EF6D09E085D
:1030D000B51C334C54F8254003F0030C4FEA8C0C1C
:1030E0000F2505FA0CF73C402E4DA842BDD005F542
:1030F0008065A84221D005F58065A8421FD005F55E
:103100008065A8421DD005F58065A8421BD005F555
:103110008065A84219D005F58065A84217D005F54D
:103120008065A84215D005F58065A84213D005F545
:103130008065A84297D00A2598E7012596E70225E1
:1031400094E7032592E7042590E705258EE70625F9
:103150008CE707258AE7082588E74FF0B044D4F8C4
:10316000805025EA0E05C4F88050D4F8845025EA32
:103170000E05C4F88450656825EA0E05656025686B
:1031800025EA0E052560DFF818C0B41C5CF8245051
:1031900025EA07054CF824506CE7F0BD704700BFE6
:1031A00000040058000002580AB181617047090408
:1031B000816170472DE9F04383B0D0F8008001EBC6
:1031C000C10300EB83039A6A5B6A9A4254D80746AC
:1031D0000C469B1A01EBC10200EB8202D2699A42B3
:1031E00000D31A4602F103094FEA990915E006F1E6
:1031F00003094FEA9909BB7904EBC40507EB850580
:10320000296A0093B3B2E2B2404603F068FE2B6A2B
:1032100033442B62AB6A3344AB6208EB441303F5CF
:1032200010639B699BB24B4512D304EBC40307EBBD
:1032300083039A6A5B6A9A420AD24BB19B1A04EBE7
:10324000C40207EB8202D6699E42D0D31E46CEE767
:1032500004EBC40307EB83077A6ABB6A9A420FD870
:1032600004F00F040122A240D8F8343823EA020304
:10327000C8F83438002000E0012003B0BDE8F08336
:103280000020FAE730B583B000287AD0044690F8E1
:103290009534ABB1032384F89534206803F0D6FB52
:1032A000237C8DF80030231D0ECB206803F004FB37
:1032B00058B1022384F895340125284603B030BD67
:1032C00080F89434FEF70EFDE4E70021206804F056
:1032D0001CF8024608B9034617E0022384F8953427
:1032E0000125EAE703EBC30104EB810101204875E6
:1032F0000B75CB8500200876C861086203EBC3011B
:1033000004EB810148620133DBB220799842E9D8AD
:1033100016E002EBC20304EB8303002183F855128D
:1033200083F8542283F85812C3F85C12C3F8601271
:1033300002EBC20304EB8303C3F864120132D2B27E
:103340009042E6D8237C8DF80030231D0ECB2068F8
:1033500003F0D2FB054658B900236374012384F8B7
:103360009534237B012B08D0206803F08DFFA4E760
:10337000022384F8953401259FE7204600F076FD6E
:10338000F2E7012599E7036890F89424012A1AD0FE
:1033900010B50446012280F89424DA6812F0400F38
:1033A00002D0427B012A09D0206803F049FB206843
:1033B00003F05CFF002084F8940410BD9A6B42F483
:1033C00080329A63F0E702207047000070B504462F
:1033D0000D460068066C00EB411303F530639A68F4
:1033E000A179012911D038498E4256D03DB905EB5B
:1033F000C50304EB8303D3F86432002B5ED0E9B23B
:103400002046FEF7D1FC002070BD12F0080F09D055
:103410002E498E42F7D912F4004FF4D04FF40042F7
:103420009A60F0E712F0200F02D020229A60EAE7BB
:1034300012F0280FE7D125498E4206D912F4004F29
:1034400003D04FF400429A60DDE705EBC50204EBC0
:103450008202D2F874121B69C3F31203CB1AC2F8AA
:1034600068327DB905EBC50204EB8202D2F8642212
:103470006AB105EBC50204EB8202D2F8601219446E
:10348000C2F86012E9B22046FEF78EFCBBE704F2F8
:103490009C42012103F078FFF4E712F4004F03D0BF
:1034A0004FF400429A60AEE712F0200F01D02022C4
:1034B0009A60E9B22046FEF777FCA4E704F29C424A
:1034C000002103F061FF9AE70A31544F0A30544F4C
:1034D00038B5044603681D6C03EB4113D3F8081B91
:1034E0000E4A954207D903F5306311F4004F02D01C
:1034F0004FF400429A602046FEF74EFC074B9D4277
:1035000002D9A379012B01D0002038BD04F29C42DE
:103510000121206803F038FFF6E700BF0A30544F5E
:1035200090F89434012B0CD010B50446012380F898
:1035300094344174006803F089FE002084F89404F8
:1035400010BD0220704738B505468C4611F0800F3B
:103550002BD101F00F0E0EEBCE04A40004F5147471
:103560000444211D0EEBCE0E00EB8E0E00208EF8D3
:1035700055020CF00F0C81F800C0C2F30A028A60F9
:103580000B714A780AB1A1F81AC0022B1CD095F829
:103590009434012B1BD0012385F89434286803F060
:1035A00083FB002085F8940438BD01F00F0000EB88
:1035B000C001890010312944043100EBC00005EB43
:1035C000800001244475D4E700234B71DFE702201B
:1035D000EAE710B504460A4611F0800F20D101F049
:1035E0000F0000EBC0039B0003F514732344191D67
:1035F00000EBC00004EB8000002380F8553202F09D
:103600000F020A7094F89434012B18D0012384F827
:103610009434206803F094FB002084F8940410BDD7
:1036200001F00F0000EBC0039B0010332344191D71
:1036300000EBC00004EB800001234375DFE70220AC
:10364000EDE710B5144601F00F0C0CEBCC0189002E
:1036500001F51471014404310CEBCC0E00EB8E0E1D
:10366000CEF86022CEF864320023CEF868328EF8AD
:1036700055328EF854C28279012A04D0006803F0D2
:1036800045FC002010BDCEF87042F7E701F00F01B5
:1036900001EBC10100EB8100D0F86802704710B562
:1036A000144601F00F0C0CEBCC01890010310144E1
:1036B00004310CEBCC0E00EB8E0ECEF82020CEF8B1
:1036C00024300023CEF8283001238EF815308EF8F0
:1036D00014C082799A4204D0006803F017FC0020DD
:1036E00010BDCEF83040F7E738B501F00F0502798C
:1036F000AA4238D304460B4611F0800F1FD101EBCC
:10370000C101890001F514710144043103EBC303C5
:1037100000EB8303002283F8552201238B700D7088
:1037200094F89434012B20D0012384F89434206839
:1037300003F031FD85B1002084F8940438BD05EB19
:10374000C501890010310144043105EBC50300EBCC
:10375000830301225A75E0E704F29C42A1792068B4
:1037600003F012FEE7E70120E8E70220E6E701F0B8
:103770000F0302799A4230D310B5044611F0800F3E
:103780001ED103EBC301890001F51471014404311A
:1037900003EBC30200EB8202002082F855020022F4
:1037A0008A700B7094F89434012B18D0012384F89C
:1037B0009434206803F01CFD002084F8940410BDAC
:1037C00003EBC301890010310144043103EBC30250
:1037D00000EB820201205075E1E7012070470220D2
:1037E000EDE708B511F0800F0CD101F00F0101EBEE
:1037F000C101890001F5147101440431006803F02E
:103800000FFB08BD01F00F0101EBC1018900103170
:1038100001440431F2E72DE9F04F83B00446056816
:10382000284603F06EFD10B103B0BDE8F08F0646E8
:10383000206803F037FD0028F6D005F50067BB6867
:10384000C3F30D23C4F8D434206803F02BFD10F02B
:10385000020F04D02268536903F002035361206809
:1038600003F020FD10F0100F16D02268936923F0AA
:1038700010039361D5F8208008F00F0908F4F013C5
:10388000B3F5802F6AD0B3F5402F00F08D80226809
:10389000936943F010039361206803F003FD10F473
:1038A000002F40F09380206803F0FCFC10F4802F80
:1038B00040F0FC80206803F0F5FC0028C0F27D8118
:1038C000206803F0EFFC10F4006F09D0BB6813F020
:1038D000010F40F08A812268536903F40063536149
:1038E000206803F0DFFC10F0006F15D022685369E8
:1038F00003F00063536194F8CC34002B40F07981DD
:10390000012184F8CC1423685B6DC3F38303C4F8EE
:10391000D034204600F0BEFA206803F0C3FC10F457
:10392000805F40F06A81206803F0BCFC10F4005F07
:1039300040F0B681206803F0B5FC10F0080F40F0AD
:10394000C781206803F0AEFC10F0800F00F0DA8130
:10395000AB6923F08003AB610126C3E147F6F07346
:1039600018EA030F93D04FEA181A4FEAC9030193DC
:1039700009EBC90B04EB8B0BC8F30A12DBF86012DE
:10398000284603F0E5FBDBF86032CAF30A0A534429
:10399000CBF86032DBF86832019A4A4404EB8202C9
:1039A0005344C2F8683272E7082204F29C41284668
:1039B00003F0CEFB09EBC90304EB8303D3F86822C1
:1039C000C8F30A184244C3F8682260E7206803F08D
:1039D0006DFC8046B14635E005EB49130122C3F882
:1039E000082B49462046FFF7F1FC3CE005EB491364
:1039F0000822C3F8082B49462046FFF769FD35E049
:103A000009EBC90304EB830393F85732012B41D030
:103A100005EB49130222C3F8082B1AF0200F04D03B
:103A200005EB49132022C3F8082B1AF4005F05D0D8
:103A300005EB49134FF40052C3F8082B09F10109B3
:103A40004FEA5808B8F1000F3FF42DAF18F0010FFE
:103A5000F4D05FFA89FB5946206803F037FC8246B0
:103A600010F0010FB8D11AF0080FBFD11AF0100FE3
:103A700004D005EB49131022C3F8082B1AF0020FEB
:103A8000CBD06B6913F0800FBAD07B6843F48063AE
:103A90007B60B5E709EBC90304EB8303002283F8DD
:103AA000572259462046FEF7D3F9B1E7206803F0C4
:103AB00005FC8046B14625E059462046FEF780F9D0
:103AC0001AF0080F04D005EB49130822C3F808299F
:103AD0001AF0100F04D005EB49131022C3F808297F
:103AE0001AF0400F04D005EB49134022C3F808290F
:103AF0001AF0020F40D11AF0800F59D109F10109D3
:103B00004FEA5808B8F1000F3FF4D4AE18F0010F97
:103B1000F4D05FFA89FB5946206803F0E0FB824647
:103B200010F0010FCCD009F00F02012101FA02F2CE
:103B30007B6B23EA02037B6305EB4913C3F8081987
:103B4000A3798B42B8D109EBC90304EB83031A6A4A
:103B5000D9690A441A62B9F1000FADD109EBC90362
:103B600004EB83035B6A002BA6D104F29C42012183
:103B7000206803F009FC9FE74946284602F06CFFE5
:103B800009EBC90304EB8303DB7D012B05D005EBB7
:103B900049130222C3F80829ADE709EBC90304EB76
:103BA00083030022DA7559462046FEF757F9EEE7FF
:103BB00049462046FFF7FEFAA0E77B6823F00103A1
:103BC0007B6094F8CC34012B08D02046FEF73AF9FC
:103BD0002268536903F00043536171E6002184F8C1
:103BE000CC14204600F056F9F2E72046FEF70EF915
:103BF00071E62046FEF70AF98EE67B6823F00103A2
:103C00007B601021206802F027FF1AE005EB4613C5
:103C10004FF67F31C3F80819D3F8002922F40012B7
:103C2000C3F80029C3F8081BD3F8002B22F40012B4
:103C3000C3F8002BD3F8002B42F00062C3F8002B2E
:103C400001362379B342E1D8FB6943F00113FB61EC
:103C5000E37BDBB1D7F8843043F00B03C7F8843043
:103C60007B6C43F00B037B64D5F8003823F4FE63D0
:103C7000C5F8003804F29C42A179206803F084FB67
:103C80002268536903F4805353614CE67A6942F227
:103C90002B0313437B613B6943F00B033B61E3E779
:103CA000206803F063FB206802F0ECFFE0712668F7
:103CB00000F0C2FE0146E279304602F04FFE204697
:103CC000FEF78FF82268536903F40053536131E61D
:103CD0002046FEF780F82268536903F00803536119
:103CE0002FE601362379B3420CD906EBC60304EB69
:103CF000830393F85732012BF3D1F1B22046FFF73B
:103D000070FDEEE7206803F0CDFA10F4801F25D196
:103D1000206803F0C7FA10F4001F58D0012326E0F2
:103D200001362379B3421BD905EB4613D3F800299A
:103D300006EBC60304EB83031B7E012BF0D1002AA4
:103D4000EEDA06EBC60304EB83030122DA7566F0B4
:103D50007F01C9B22046FFF744FDE1E70126E0E715
:103D60002268536903F480135361D1E70133227948
:103D70009A4227D905EB4312D2F8001B03EBC3028A
:103D800004EB820292F85822012AEFD10029EDDAE1
:103D9000D4F8D42482EA114212F0010FE6D103EBE9
:103DA000C30204EB8202012182F85712AA6942F091
:103DB0008002AA616A6912F0800FD7D17B6843F450
:103DC00000737B602268536903F400135361206819
:103DD00003F068FA10F0804F10D1206803F062FA07
:103DE00010F0040F3FF420AD23685D6815F0040F58
:103DF0000DD1226853682B43536015E52046FEF72A
:103E000033F82268536903F080435361E5E72046A5
:103E1000FEF730F8EDE710B40468606A31B940EAA3
:103E20000240A06200205DF8044B70478C46A36AF4
:103E300000EB1340002308E003F1400104EB810193
:103E4000496800EB11400133DBB20CF1FF318B42CA
:103E5000F2D340EA02400CF13F0104EB81046060C0
:103E6000E0E70368596200207047000003460268DB
:103E70000121C0F8D814002083F8CC04936943F0E2
:103E800000639361516D024B0B435365704700BF54
:103E90000300001070470000134BDB6813F0040FA1
:103EA00007D1114BDB6803F0070383421AD00120CE
:103EB000704710B50C4AD36823F007030343D3605F
:103EC000FEF708F90446084B5B6813F4005F07D15E
:103ED000FEF700F9001BB0F57A7FF4D9012000E06D
:103EE000002010BD0020704700480258024AD368E5
:103EF00043F08073D360704700480258002800F0F8
:103F0000398338B50446036813F0010F25D0944A6D
:103F1000136903F03803926A102B15D0182B0FD0B9
:103F20006368B3F5803F3FD0002B53D18C4B1A68A8
:103F300022F480321A601A6822F480221A6038E073
:103F400002F00302022AEBD1854B1B6813F4003FF9
:103F500003D06368002B00F00F83236813F0020F77
:103F600000F0A1807E4A1369926A13F038035AD098
:103F7000182B55D0E368002B00F0DE8078490A68E2
:103F800022F0190213430B60FEF7A4F80546744BA8
:103F90001B6813F0040F40F0AD80FEF79BF8401B48
:103FA0000228F4D90320EEE26D4A136843F480330B
:103FB000136063682BB3FEF78DF80546684B1B68EA
:103FC00013F4003FC9D1FEF785F8401B6428F5D9EA
:103FD0000320D8E2B3F5A02F09D0614B1A6822F470
:103FE00080321A601A6822F480221A60E1E75C4B82
:103FF0001A6842F480221A601A6842F480321A6009
:10400000D7E7FEF767F80546554B1B6813F4003FEA
:10401000A3D0FEF75FF8401B6428F5D90320B2E275
:1040200012F0030FA6D14E4B1B6813F0040F03D000
:10403000E368002B00F0A282494A136823F01903B9
:10404000E1680B431360FEF745F80546444B1B68D7
:1040500013F0040F06D1FEF73DF8401B0228F5D9F6
:10406000032090E2FEF750F841F20303984212D881
:104070002269402A07D03A494B6823F47C3343EA4B
:1040800002334B600FE0364A536823F47C3343F429
:104090000033536007E0324A536823F0FE4321693E
:1040A00043EA01635360236813F0100F00F0888027
:1040B0002B4A136903F03803926A082B56D0182B49
:1040C00050D0E369002B00F0B880254A136843F014
:1040D00080031360FDF7FEFF0546214B1B6813F4B8
:1040E000807F40F08880FDF7F5FF401B0228F4D95F
:1040F000032048E2FEF708F841F20303984212D881
:104100002269402A07D016494B6823F47C3343EADE
:1041100002334B60C7E7124A536823F47C3343F4FD
:1041200000335360BFE70E4A536823F0FE43216912
:1041300043EA01635360B6E7094A136823F00103B9
:104140001360FDF7C7FF0546054B1B6813F0040F0E
:10415000A9D0FDF7BFFF401B0228F5D9032012E2CA
:104160000044025802F00302012AAAD1A14B1B68A5
:1041700013F4807F03D0E369802B40F00182FDF7C8
:10418000C3FF41F20303984212D8226A202A07D0C3
:1041900098494B6823F0F84343EA82634B600FE091
:1041A000944A536823F0F84343F08043536007E098
:1041B000904AD36823F07C53216A43EA0163D360B9
:1041C000236813F0080F60D06369002B49D0894A37
:1041D000536F43F001035367FDF77CFF0546854BA2
:1041E0005B6F13F0020F50D1FDF774FF401B0228E4
:1041F000F5D90320C7E1FDF787FF41F20303984299
:1042000012D8226A202A07D07A494B6823F0F84353
:1042100043EA82634B60D3E7764A536823F0F8435E
:1042200043F080435360CBE7724AD36823F07C535A
:10423000216A43EA0163D360C2E76E4A136823F040
:1042400080031360FDF746FF05466A4B1B6813F4B5
:10425000807FB5D0FDF73EFF401B0228F5D9032033
:1042600091E1644A536F23F001035367FDF732FF76
:104270000546604B5B6F13F0020F06D0FDF72AFF77
:10428000401B0228F5D903207DE1236813F0200F9D
:1042900029D0A3699BB1574A136843F48053136034
:1042A000FDF718FF0546534B1B6813F4005F1AD146
:1042B000FDF710FF401B0228F5D9032063E14D4AAA
:1042C000136823F480531360FDF704FF0546494B40
:1042D0001B6813F4005F06D0FDF7FCFE401B0228AC
:1042E000F5D903204FE1236813F0040F21D1636A4D
:1042F000002B00F047813F4A126902F03802182A69
:1043000000F0EE80022B79D03A4A136823F08073D4
:104310001360FDF7DFFE0446364B1B6813F0007F89
:1043200000F0DC80FDF7D6FE001B0228F4D9032044
:1043300029E1314A136843F480731360FDF7CAFE24
:1043400005462D4B1B6813F4807F06D1FDF7C2FE96
:10435000401B6428F5D9032015E1A368012B0AD07E
:104360000BBB244B1A6F22F001021A671A6F22F05E
:1043700004021A6704E01F4A136F43F00103136736
:10438000A36833B3FDF7A6FE05461A4B1B6F13F067
:10439000020FACD1FDF79EFE401B41F288339842DC
:1043A000F3D90320EFE0052B09D0124B1A6F22F04E
:1043B00001021A671A6F22F004021A67E0E70D4B38
:1043C0001A6F42F004021A671A6F42F001021A676C
:1043D000D6E7FDF77FFE0546064B1B6F13F0020F75
:1043E00085D0FDF777FE401B41F288339842F3D920
:1043F0000320C8E00044025800480258694A136884
:1044000023F080731360FDF765FE0546654B1B685E
:1044100013F0007F06D0FDF75DFE401B0228F5D9A2
:104420000320B0E05F4B996A5F4A0A40A16AE06AE4
:1044300041EA00110A439A62226B013AC2F3080270
:10444000616B0139490289B20A43A16B0139090440
:1044500001F4FE010A43E16B0139090601F0FE4156
:104460000A431A63DA6A22F00102DA625A6B6FF3C6
:10447000CF02A16C42EAC1025A63DA6A22F00C024E
:10448000216C0A43DA62DA6A22F00202616C0A43A2
:10449000DA62DA6A42F48032DA62DA6A42F40032CC
:1044A000DA62DA6A42F48022DA62DA6A42F00102FF
:1044B000DA621A6842F080721A60FDF70BFE044659
:1044C000384B1B6813F0007F06D1FDF703FE001B7D
:1044D0000228F5D9032056E0002054E0002052E0E5
:1044E000304A916A106B012B4ED001F00303A26A8F
:1044F00093424BD1C1F30511E36A994248D1C0F30D
:104500000802236B013B9A4244D1C0F34622636BFD
:10451000013B9A4240D1C0F30642A36B013B9A4251
:104520003CD1C0F30660E36B013B984238D11D4B90
:104530005B6BC3F3CC03A26C9A4201D1002022E052
:10454000184AD36A23F00103D362FDF7C3FD054681
:10455000FDF7C0FDA842FBD0124A536B6FF3CF03A7
:10456000A16C43EAC1035363D36A43F00103D362EE
:10457000002008E001207047012004E0012002E053
:10458000012000E0002038BD0120FCE70120FAE70F
:104590000120F8E70120F6E70120F4E70120F2E727
:1045A0000120F0E7004402580CFCFFFF754B1B692B
:1045B00003F03803102B00F0DE80182B0FD0002BF7
:1045C00040F0DB806F4B1B6813F0200F00F0D780AA
:1045D0006C4B1B68C3F3C1036B48D840704710B4E1
:1045E000684B9A6A02F003029C6AC4F30510D96A08
:1045F00001F001015B6BC3F3CC0301FB03F307EE96
:10460000903AF8EE677A14F47C7F77D0012A4AD08A
:10461000022A76D0002A40F091805A4B1B6813F092
:10462000200F23D057490A68C2F3C102564BD3402A
:1046300007EE103AF8EE476A07EE100AB8EE476A3E
:1046400086EE867A0B6BC3F3080306EE903AF8EE1B
:10465000666A9FED4E6A67EE867A76EEA77AF7EE87
:10466000006A77EEA67A27EE277A38E007EE100A7E
:10467000F8EE476A9FED466A86EE267A414B1B6B41
:10468000C3F3080306EE903AF8EE666A9FED3F6AC0
:1046900067EE867A76EEA77AF7EE006A77EEA67A6C
:1046A00027EE277A1BE007EE100AF8EE476A9FED27
:1046B000396A86EE267A334B1B6BC3F3080306EE8A
:1046C000903AF8EE666A9FED316A67EE867A76EE8A
:1046D000A77AF7EE006A77EEA67A27EE277A294BBB
:1046E0001B6BC3F34623013307EE903AF8EE677A6B
:1046F000C7EE276AFCEEE67A17EE900A5DF8044BE7
:10470000704707EE100AF8EE476A9FED236A86EEBF
:10471000267A1C4B1B6BC3F3080306EE903AF8EEA7
:10472000666A9FED1A6A67EE867A76EEA77AF7EEEA
:10473000006A77EEA67A27EE277AD0E707EE100A0E
:10474000F8EE476A9FED136A86EE267A0D4B1B6BD7
:10475000C3F3080306EE903AF8EE666A9FED0B6A23
:1047600067EE867A76EEA77AF7EE006A77EEA67A9B
:1047700027EE277AB3E7094870470948704702488F
:10478000704700BF004402580090D0030000003979
:104790000024744C0024744A20BCBE4B40787D0138
:1047A00000093D00002800F0328170B50D46044636
:1047B0009B4B1B6803F00F038B420BD2984A136884
:1047C00023F00F030B431360136803F00F038B42B6
:1047D00040F01F81236813F0040F0CD02269914B25
:1047E0009B6903F070039A4205D98E498B6923F0C7
:1047F00070031A438A61236813F0080F0CD06269B2
:10480000884BDB6903F070039A4205D98549CB696F
:1048100023F070031A43CA61236813F0100F0CD001
:10482000A269804BDB6903F4E0639A4205D97D49B4
:10483000CB6923F4E0631A43CA61236813F0200FA5
:104840000CD0E269774B1B6A03F070039A4205D9DA
:1048500074490B6A23F070031A430A62236813F049
:10486000020F0CD0E2686F4B9B6903F00F039A4272
:1048700005D96C498B6923F00F031A438A612368B9
:1048800013F0010F41D0674A936923F47063A16864
:104890000B4393616368022B0AD0032B27D0012BB3
:1048A0002CD0604A126812F0040F06D10120ADE04E
:1048B000126812F4003F00F0AE805A490A6922F0F3
:1048C000070213430B61FDF705FC0646554B1B69B8
:1048D00003F038036268B3EBC20F16D0FDF7FAFBA2
:1048E000801B41F288339842F0D903208EE04D4A74
:1048F000126812F0007FE0D1012087E0494A126877
:1049000012F4807FD9D1012080E0236813F0020FD8
:104910000CD0E268434B9B6903F00F039A4205D227
:1049200040498B6923F00F031A438A613C4B1B6893
:1049300003F00F03AB420AD9394A136823F00F037F
:104940002B431360136803F00F03AB4265D1236858
:1049500013F0040F0CD02269324B9B6903F07003F3
:104960009A4205D22F498B6923F070031A438A615A
:10497000236813F0080F0CD062692A4BDB6903F03F
:1049800070039A4205D22749CB6923F070031A437A
:10499000CA61236813F0100F0CD0A269214BDB69A8
:1049A00003F4E0639A4205D21E49CB6923F4E06325
:1049B0001A43CA61236813F0200F0CD0E269194B27
:1049C0001B6A03F070039A4205D216490B6A23F062
:1049D00070031A430A62FFF7E9FD12498B69C3F3BA
:1049E0000323114AD35C03F01F03D8408B6903F003
:1049F0000F03D35C03F01F0320FA03F30B4A136089
:104A00000B4B18600B4B1868FDF702FB70BD0120C3
:104A100070470120FAE70120F8E70120F6E700BF20
:104A2000002000520044025854C80008000000242E
:104A3000040000240C01002408B5FFF7B7FD0B4A61
:104A40009369C3F303230A49CB5C03F01F0320FAE5
:104A500003F3926902F00F02885C00F01F0023FA52
:104A600000F0044A1060044A136008BD0044025874
:104A700054C80008000000240400002408B5FFF713
:104A8000DBFF054BDB69C3F30213044AD35C03F07D
:104A90001F03D84008BD00BF0044025854C8000896
:104AA00008B5FFF7C9FF054BDB69C3F30223044ACE
:104AB000D35C03F01F03D84008BD00BF0044025878
:104AC00054C80008404B9B6A03F00303032B79D0C2
:104AD00070B505460E463C4A136823F080631360A8
:104AE000FDF7F8FA0446384B1B6813F0006F06D048
:104AF000FDF7F0FA031B022BF5D9032070BD324BF2
:104B00009A6A22F47C32296842EA01329A626A681F
:104B1000013AC2F30802A9680139490289B20A437D
:104B2000E9680139090401F4FE010A4329690139E0
:104B3000090601F0FE410A439A63DA6A22F0C002D4
:104B400069690A43DA62DA6A22F02002A9690A4333
:104B5000DA62DA6A22F01002DA62DA6B6FF3CF02FD
:104B6000E96942EAC102DA63DA6A42F01002DA6203
:104B7000C6B91A46DB6A43F40023D362124A1368AB
:104B800043F080631360FDF7A5FA04460E4B1B68E3
:104B900013F0006F14D1FDF79DFA001B0228F5D920
:104BA0000320ABE7012E05D0074AD36A43F4001374
:104BB000D362E3E7044AD36A43F48013D362DDE7A8
:104BC00000209BE70120704700440258404B9B6A3D
:104BD00003F00303032B79D070B505460E463C4A1B
:104BE000136823F080531360FDF774FA0446384BC2
:104BF0001B6813F0005F06D0FDF76CFA031B022B55
:104C0000F5D9032070BD324B9A6A22F07C72296874
:104C100042EA01529A626A68013AC2F30802A9683C
:104C20000139490289B20A43E9680139090401F4EA
:104C3000FE010A4329690139090601F0FE410A43D0
:104C40001A64DA6A22F4406269690A43DA62DA6A4B
:104C500022F40072A9690A43DA62DA6A22F48072E5
:104C6000DA625A6C6FF3CF02E96942EAC1025A6410
:104C7000DA6A42F48072DA62C6B91A46DB6A43F431
:104C80008003D362124A136843F080531360FDF728
:104C900021FA04460E4B1B6813F0005F14D1FDF798
:104CA00019FA001B0228F5D90320ABE7012E05D025
:104CB000074AD36A43F08073D362E3E7044AD36AB6
:104CC00043F40003D362DDE700209BE70120704737
:104CD00000440258F8B50446036813F0006F30D062
:104CE000836EB3F5001F26D00ED8ABB1B3F5801F8D
:104CF00007D102210830FFF7E5FE054695B12E46A3
:104D000021E0012635461EE0B3F5401F01D1002504
:104D100008E00126354616E0984AD36A43F400338A
:104D2000D3620025954A136D23F44013A16E0B4303
:104D30001365002607E002212830FFF747FF0546EC
:104D4000DCE700263546236813F4807F14D0A36D7A
:104D5000042B31D8DFE803F0032229080800874A32
:104D6000D36A43F40033D3624DBB844A136D23F0FE
:104D70000703A16D0B431365236813F4007F38D03C
:104D8000E36D802B4AD01FD833B3402B19D10021BB
:104D900004F10800FFF796FE054622E0002104F129
:104DA0000800FFF78FFE0546DEE7002104F128002A
:104DB000FFF70CFF0546D7E701263546DCE72E4610
:104DC000DAE70126354614E0C02B0AD0B3F5807F20
:104DD00007D0012635460CE0684AD36A43F4003315
:104DE000D36215BB654A136D23F4E073E16D0B4389
:104DF0001365236813F4806F3CD0D4F8A830B3F562
:104E0000800F2FD016D8F3B1B3F5001F0FD10021BA
:104E100004F10800FFF756FE054619E0002104F1F1
:104E20002800FFF7D3FE0546DBE72E46E1E7012623
:104E300035461FE0B3F5C00F0AD0B3F5000F07D019
:104E40000126354616E04D4AD36A43F40033D36257
:104E50007DB94A4A936D23F46003D4F8A8100B433C
:104E6000936507E0002104F12800FFF7AFFE054637
:104E7000EEE72E46236813F4006F2BD0D4F8AC3045
:104E8000B3F1007F53D00DD8ABB1B3F1807F06D121
:104E9000002104F10800FFF715FE054610E0012689
:104EA000354617E0B3F1407F0AD0B3F1806F07D0E9
:104EB000012635460EE0314AD36A43F40033D3620B
:104EC000002D3BD12D4A936D23F0E063D4F8AC1054
:104ED0000B439365236813F0007F13D0E36C202B02
:104EE00036D030D833B1102B2AD1244AD36A43F4B8
:104EF0000033D3629DBB214AD36C23F03003E16CB5
:104F00000B43D364236813F4805F47D0236EB3F55B
:104F1000005F00F08D8027D893B3B3F5805F20D178
:104F2000002104F10800FFF7CDFD05462DE000212A
:104F300004F12800FFF74AFE0546C1E72E46C9E7FF
:104F400001263546DEE7302BD4D001263546D9E799
:104F5000022104F10800FFF7B5FD0546CAE72E4619
:104F6000D0E70126354619E0B3F5405F0DD0B3F523
:104F7000804F0AD00126354610E000BF0044025899
:104F8000774AD36A43F40033D362002D57D1744A71
:104F9000136D23F4E043216E0B431365236813F470
:104FA000005F17D0636EB3F5003F59D04CD843B1C2
:104FB000B3F5803F45D1012104F10800FFF782FDE0
:104FC0000546002D53D1664A136D23F4E023616E2C
:104FD0000B431365236813F4804F19D0D4F8B03015
:104FE000B3F1005F54D047D843B1B3F1805F40D1F3
:104FF000012104F10800FFF765FD0546002D4ED1A3
:10500000574A936D23F0E043D4F8B0100B439365F7
:10501000236813F4004F51D0236FB3F1805F40D069
:10502000B3F1005F55D0002B40D00126354645E056
:10503000002104F12800FFF7C9FD0546A5E72E462B
:10504000ACE701263546C5E7B3F5802FB9D0B3F5F7
:10505000A02FB6D0B3F5403FB3D001263546B9E70F
:10506000012104F12800FFF7B1FD0546A9E72E460E
:10507000B0E701263546CBE7B3F1804FBED0B3F1A0
:10508000A04FBBD0B3F1405FB8D001263546BFE793
:10509000012104F12800FFF799FD0546AEE72E46F1
:1050A000B6E72F4AD36A43F40033D362C5B92C4A1A
:1050B000136D23F04053216F0B431365236813F0E6
:1050C000807F1CD0A36C032B44D8DFE803F0100BC7
:1050D0003C10012104F10800FFF7F4FC0546E5E768
:1050E0002E46EBE71E4AD36A43F40033D362A5BBD6
:1050F0001B4AD36C23F00303A16C0B43D3642368D6
:1051000013F4800F2ED1236813F0010F00F0A68056
:10511000E36F282B00F2A080DFE803F08E9E9E9EB6
:105120009E9E9E9E889E9E9E9E9E9E9E979E9E9EBC
:105130009E9E9E9E8E9E9E9E9E9E9E9E8E9E9E9EAF
:105140009E9E9E9E8E00022104F10800FFF7BAFC8D
:105150000546CCE701263546D1E72E46CFE700BF0E
:1051600000440258584A136843F480731360FCF7F4
:10517000B1FF0746544B1B6813F4807F05D1FCF741
:10518000A9FFC01B6428F5D90325002D4AD14F4B38
:105190001B6FD4F8B420534013F4407F0CD04B4B1A
:1051A0001A6F22F44072196F41F480311967196F38
:1051B00021F4803119671A67D4F8B430B3F5807FD1
:1051C00015D08DBBD4F8B43003F44072B2F5407FF3
:1051D0001ED03E4A136923F47C5313613B490B6F85
:1051E000D4F8B420C2F30B0213430B678BE7FCF730
:1051F00071FF0746354B1B6F13F0020FE1D1FCF72F
:1052000069FFC01B41F288339842F3D90325D8E7E0
:105210002E48026922F47C522D4901EA13131343EC
:105220000361DBE72E466EE72E466CE7012104F1B1
:105230000800FFF747FC0546E5B9244A536D23F003
:105240003803E16F0B43536508E0012104F12800A6
:10525000FFF7BCFC0546EFE701263546236813F04F
:10526000020F17D0A36F052B29D8DFE803F00B0539
:10527000210B0B0B2E46F1E7012104F10800FFF78B
:1052800021FC0546F5B9114A536D23F00703A16FC0
:105290000B435365236813F0040F2CD0D4F89430DB
:1052A000052B00F2DC80DFE803F01B15D31B1B1B72
:1052B000012104F12800FFF789FC0546E2E70126F9
:1052C0003546E7E72E46E5E7004802580044025815
:1052D000CFFFFF00012104F10800FFF7F3FB0546B3
:1052E000002D40F0BF80B34A936D23F00703D4F83C
:1052F00094100B439365236813F0200F1DD0D4F84E
:105300009030B3F1005F00F0C18000F2B0804BB18B
:10531000B3F1805F40F0A880002104F10800FFF79E
:10532000D1FB0546002D40F0B880A24A536D23F012
:10533000E043D4F890100B435365236813F0400FFB
:105340001DD0D4F89C30B3F5006F00F0BA8000F2A5
:10535000A9804BB1B3F5806F40F0A180002104F12A
:105360000800FFF7AFFB0546002D40F0B180914AE1
:10537000936D23F4E053D4F89C100B43936523689A
:1053800013F0800F1DD0D4F8A030B3F5804F00F09B
:10539000B38000F2A2804BB1B3F5005F40F09A8079
:1053A000002104F10800FFF78DFB0546002D40F0B9
:1053B000AA80804A936D23F46043D4F8A0100B4375
:1053C0009365236813F0080F0DD0D4F88430B3F53B
:1053D000805F00F09A80774A536D23F44053D4F8ED
:1053E00084100B435365236813F0100F0DD0D4F8CD
:1053F0009830B3F5807F00F092806E4A936D23F46D
:105400004073D4F898100B439365236813F4002F6E
:1054100000F09A80D4F8A430B3F5803F00F0898082
:10542000B3F5003F08D0002B40F08A80002104F142
:105430000800FFF747FB0546002D40F084805D4AD9
:10544000936D23F44033D4F8A4100B4393657BE0B1
:10545000012104F12800FFF7B9FB054640E70126CA
:10546000354648E72E4646E70126354665E7B3F15F
:10547000804F3FF457AFB3F1A04F3FF453AFB3F1B8
:10548000405F3FF44FAF0126354656E7022104F155
:105490002800FFF79BFB054644E72E464DE7012613
:1054A00035466CE7B3F5805F3FF45EAFB3F5A05FC0
:1054B0003FF45AAFB3F5406F3FF456AF012635467F
:1054C0005DE7022104F12800FFF780FB05464BE76A
:1054D0002E4654E70126354673E7B3F5004F3FF4F7
:1054E00065AFB3F5204F3FF461AFB3F5C04F3FF464
:1054F0005DAF0126354664E7022104F12800FFF77D
:1055000065FB054652E72E465BE7022104F12800C1
:10551000FFF75CFB00283FF45EAF01265BE702214A
:1055200004F12800FFF752FB00283FF466AF012684
:1055300063E7022104F12800FFF748FB05467BE7FB
:105540000126354600E02E46236813F4802F18D03C
:10555000D4F88830B3F5001F1FD0B3F5401F07D033
:10556000B3F5801F20D1134AD36A43F40033D362CA
:10557000EDB9104A536D23F44013D4F888100B434F
:105580005365236813F4803F2CD0236DA3B1B3F58A
:10559000803F1FD00126354624E0012104F1280078
:1055A000FFF714FB0546E3E701263546E9E72E46FB
:1055B000E7E700BF00440258704AD36A43F400335F
:1055C000D36275B96D4AD36C23F48033216D0B43DC
:1055D000D36407E0022104F10800FFF773FA0546DF
:1055E000EFE72E46236813F0005F11D1236813F410
:1055F000003F28D0D4F88030B3F5807F14D010D984
:10560000B3F5007F15D0B3F5407F12D001261AE024
:10561000022104F12800FFF7D9FA0028E6D001267C
:10562000E4E733B101260EE0544AD36A43F4003371
:10563000D362002D69D1514A536D23F44073D4F8DD
:1056400080100B435365236813F4801F06D04B4A28
:10565000136D23F00043616F0B431365236813F050
:10566000805F07D0454A136923F48043D4F8B8100B
:105670000B431361236813F4001F06D03F4A136DD8
:1056800023F08073E16E0B431365236813F0804FA2
:1056900009D03A4B1A6922F400421A611A69D4F807
:1056A000BC100A431A612368002B06DA334AD36C14
:1056B00023F04053616D0B43D364236813F4000F50
:1056C00007D02E4A536D23F44003D4F88C100B43BB
:1056D0005365636813F0010F19D1636813F0020F6B
:1056E0001ED1636813F0040F23D1636813F0080F11
:1056F00028D1636813F0100F2DD1636813F0200FC9
:1057000032D106B101263046F8BD2E469BE7002176
:1057100004F10800FFF7D6F90028DED00646DCE7E2
:10572000012104F10800FFF7CDF90028D9D0064681
:10573000D7E7022104F10800FFF7C4F90028D4D00C
:105740000646D2E7002104F12800FFF73FFA0028BF
:10575000CFD00646CDE7012104F12800FFF736FA45
:105760000028CAD00646C8E7022104F12800FFF746
:105770002DFA0028C5D00126C5E700BF0044025815
:1057800008B5FFF759F9054B1B6AC3F30213044A26
:10579000D35C03F01F03D84008BD00BF004402588B
:1057A00054C8000810B4794B9A6A9C6AC4F3053C4B
:1057B000D96AC1F30011DB6BC3F3CC0301FB03F324
:1057C00014F47C3F00F0DD8002F0030207EE903A13
:1057D000F8EE677A012A4BD0022A00F09880002A5E
:1057E00040F0B280694B1B6813F0200F23D067494B
:1057F0000A68C2F3C102664BD34007EE103AF8EED6
:10580000476A07EE10CAB8EE476A86EE867A8B6B57
:10581000C3F3080306EE903AF8EE666A9FED5D6A00
:1058200067EE867A76EEA77AF7EE006A77EEA67ACA
:1058300027EE277A38E007EE10CAF8EE476A9FEDA8
:10584000566A86EE267A514B9B6BC3F3080306EE2D
:10585000903AF8EE666A9FED4F6A67EE867A76EECA
:10586000A77AF7EE006A77EEA67A27EE277A1BE092
:1058700007EE10CAF8EE476A9FED486A86EE267A70
:10588000424B9B6BC3F3080306EE903AF8EE666A50
:105890009FED406A67EE867A76EEA77AF7EE006AA9
:1058A00077EEA67A27EE277A384A936BC3F346231E
:1058B00007EE903AF8EE677AF7EE006A77EEA67A8E
:1058C00087EE276ABCEEC66A80ED006A936BC3F36D
:1058D000064307EE903AF8EE677A77EEA67A87EEFF
:1058E000276ABCEEC66A80ED016A936BC3F3066358
:1058F00007EE903AF8EE677A77EEA67AC7EE276A57
:10590000FCEEE66AC0ED026A5DF8044B704707EEF4
:1059100010CAF8EE476A9FED226A86EE267A1B4B84
:105920009B6BC3F3080306EE903AF8EE666A9FEDB0
:10593000196A67EE867A76EEA77AF7EE006A77EE56
:10594000A67A27EE277AAFE707EE10CAF8EE476A85
:105950009FED126A86EE267A0C4B9B6BC3F308030D
:1059600006EE903AF8EE666A9FED0A6A67EE867A6E
:1059700076EEA77AF7EE006A77EEA67A27EE277A18
:1059800092E70023036043608360BDE70044025850
:105990000090D003000000390024744C0024744AA5
:1059A00020BCBE4B10B4794B9A6A9C6AC4F3055C68
:1059B000D96AC1F300215B6CC3F3CC0301FB03F391
:1059C00014F07C7F00F0DD8002F0030207EE903AD5
:1059D000F8EE677A012A4BD0022A00F09880002A5C
:1059E00040F0B280694B1B6813F0200F23D0674949
:1059F0000A68C2F3C102664BD34007EE103AF8EED4
:105A0000476A07EE10CAB8EE476A86EE867A0B6CD4
:105A1000C3F3080306EE903AF8EE666A9FED5D6AFE
:105A200067EE867A76EEA77AF7EE006A77EEA67AC8
:105A300027EE277A38E007EE10CAF8EE476A9FEDA6
:105A4000566A86EE267A514B1B6CC3F3080306EEAA
:105A5000903AF8EE666A9FED4F6A67EE867A76EEC8
:105A6000A77AF7EE006A77EEA67A27EE277A1BE090
:105A700007EE10CAF8EE476A9FED486A86EE267A6E
:105A8000424B1B6CC3F3080306EE903AF8EE666ACD
:105A90009FED406A67EE867A76EEA77AF7EE006AA7
:105AA00077EEA67A27EE277A384A136CC3F346239B
:105AB00007EE903AF8EE677AF7EE006A77EEA67A8C
:105AC00087EE276ABCEEC66A80ED006A136CC3F3EA
:105AD000064307EE903AF8EE677A77EEA67A87EEFD
:105AE000276ABCEEC66A80ED016A136CC3F30663D5
:105AF00007EE903AF8EE677A77EEA67AC7EE276A55
:105B0000FCEEE66AC0ED026A5DF8044B704707EEF2
:105B100010CAF8EE476A9FED226A86EE267A1B4B82
:105B20001B6CC3F3080306EE903AF8EE666A9FED2D
:105B3000196A67EE867A76EEA77AF7EE006A77EE54
:105B4000A67A27EE277AAFE707EE10CAF8EE476A83
:105B50009FED126A86EE267A0C4B1B6CC3F308038A
:105B600006EE903AF8EE666A9FED0A6A67EE867A6C
:105B700076EEA77AF7EE006A77EEA67A27EE277A16
:105B800092E70023036043608360BDE7004402584E
:105B90000090D003000000390024744C0024744AA3
:105BA00020BCBE4B026852E8003F23F0C00342E82D
:105BB00000310029F6D1026802F1080353E8003FE2
:105BC00023F40003083242E800310029F3D12023F6
:105BD000C0F8883070470000026852E8003F23F4A4
:105BE000907342E800310029F6D1026802F10803FF
:105BF00053E8001F0D4B0B40083242E800310029EA
:105C0000F3D1C36E012B06D02023C0F88C300023C3
:105C1000C36643677047026852E8003F23F01003F1
:105C200042E800310029F6D1EEE700BFFEFFFFEFAA
:105C3000F0B138B505462423C0F8883002681368EF
:105C400023F001031360036800241C6003685C6098
:105C500003689C60FBF718FBC5F89040C5F88840C6
:105C6000C5F88C40EC662C6785F88440204638BD2A
:105C70000120704770477047704738B5846BD4F87F
:105C80008820D4F88C5023689B6813F0800F01D0D3
:105C9000212A10D023689B6813F0400F01D0222DD9
:105CA00010D0D4F8903043F01003C4F89030204660
:105CB000FFF7E2FF38BD0023A4F856302046FFF777
:105CC00071FFE7E70023A4F85E302046FFF784FF6A
:105CD000E7E7704708B5806B01230367C36E012BAC
:105CE00002D0FFF7C8FF08BDB0F85C104908FFF705
:105CF000F0FFF8E708B50346806BDB69B3F5807FFA
:105D000029D00023A0F85E30026852E8003F23F457
:105D1000807342E800310029F6D1026802F10803DD
:105D200053E8003F23F00103083242E80031002924
:105D3000F3D1026802F1080353E8003F23F0400367
:105D4000083242E800310029F3D12023C0F88C301A
:105D5000C36E012B07D000230367C36E012B0CD049
:105D6000FFF788FF08BD026852E8003F23F01003E8
:105D700042E800310029F6D1EDE7B0F85C10FFF7FA
:105D8000A8FFEFE770B586B0044683680269134345
:105D900042691343C269134301680868884A024094
:105DA0001A430A602268536823F44053E1680B43A6
:105DB0005360A1692268834B9A4201D0236A194338
:105DC0009068814B03400B4393602268D36A23F0B1
:105DD0000F03616A0B43D36223687C4A934221D04C
:105DE0007B4A934200F08C807A4A934200F0A28072
:105DF000794A934200F0B580784A934200F0C88017
:105E0000774A934200F0F480764A934200F0198179
:105E1000754A934200F02C816A4A934200F03F8118
:105E2000802233E0714A526D02F03802282A65D888
:105E3000DFE812F02900640064006400640064007C
:105E4000640064004D016400640064006400640048
:105E5000640064002B00640064006400640064005B
:105E6000640064005E006400640064006400640018
:105E70006400640060006400640064006400640006
:105E8000640064006200012200E008224D498B4258
:105E900000F02F81E069B0F5004F00F0AF81202ABB
:105EA00000F20682202A00F25382DFE812F0080294
:105EB00022025102510225025102510251022A02CC
:105EC00051025102510251025102510251022F025C
:105ED000510251025102510251025102510251022A
:105EE00051025102510251025102510251023B0230
:105EF0001022CBE72022C9E74022C7E78022C5E76E
:105F00003A4A526D02F00702052A11D8DFE812F072
:105F10000600E10008000A000C000E000022B5E7B0
:105F20000822B3E71022B1E72022AFE74022ADE715
:105F30008022ABE72D4A526D02F00702052A0ED8E7
:105F4000DFE802F003C90507090B00229EE70822DB
:105F50009CE710229AE7202298E7402296E78022C9
:105F600094E7224A526D02F00702052A0ED8DFE8B4
:105F700002F003B40507090B002287E7082285E732
:105F8000102283E7202281E740227FE780227DE7FD
:105F9000164A526D02F00702052A0ED8DFE802F019
:105FA000039F0507090B002270E708226EE7102205
:105FB0006CE720226AE7402268E7802266E700BF9C
:105FC000F369FFCF000C0058FFF4FF1100100140EF
:105FD0000044004000480040004C00400050004099
:105FE0000014014000780040007C0040004402584A
:105FF0007D4A526D02F03802282A20D8DFE802F0EC
:10600000151F1F1F1F1F1F1F711F1F1F1F1F1F1F58
:10601000171F1F1F1F1F1F1F191F1F1F1F1F1F1F9E
:106020001B1F1F1F1F1F1F1F1D0001222EE70822FD
:106030002CE710222AE7202228E7402226E78022A8
:1060400024E7694A526D02F00702052A0ED8DFE8FC
:1060500002F0034A0507090B002217E7082215E79B
:10606000102213E7202211E740220FE780220DE7DC
:106070005D4A526D02F00702052A0ED8DFE802F0F1
:1060800003350507090B002200E70822FEE610226F
:10609000FCE62022FAE64022F8E68022F6E602F547
:1060A0000E32926D02F00702052A0ED8DFE802F0E8
:1060B000031F0507090B0222E8E60822E6E6102284
:1060C000E4E62022E2E64022E0E68022DEE6042248
:1060D000DCE60422DAE60422D8E60422D6E604222C
:1060E000D4E60422D2E60422D0E60422CEE604223C
:1060F000CCE6202A27D8022AC0F01881023A1E2AAC
:1061000000F21681DFE812F0260014015600140197
:10611000140114015B001401140114011401140191
:10612000140114016000140114011401140114017C
:1061300014011401140114011401140114011401B7
:10614000140114016C00402A02D14FF4004006E013
:106150000120FEE0FFF714FB002800F0EB80626AEC
:10616000224B33F81220B0FBF2F3656805EB4501D2
:10617000994200F2E180B3EB053F00F2DF80002698
:1061800033463146FAF704F9090241EA1061000288
:106190006B08C0182A46334641F10001FAF7F8F8B7
:1061A000A0F54072124B9A4200F2CA802368D86070
:1061B0003046CEE003A8FFF7F5FA0498CCE768462E
:1061C000FFF7F0FB0198C7E7074B1B6813F0200FA0
:1061D00008D0054B1B68C3F3C1030648D840BEE78F
:1061E0000548BCE70348BAE700440258D4C8000891
:1061F000FFFC0F000090D00300093D00202A15D8B5
:10620000202A00F29F80DFE802F015369D9D399D1F
:106210009D9D3E9D9D9D9D9D9D9D439D9D9D9D9D67
:106220009D9D9D9D9D9D9D9D9D9D4F00402A06D0BD
:1062300001208EE0FEF722FC002800F08580626AD3
:106240004B4B33F81230B0FBF3F06268530803EBAA
:106250004003B3FBF2F3A3F110014FF6EF7291424A
:1062600074D89AB222F00F02C3F342031343226898
:10627000D36000206DE0FEF713FCDDE703A8FFF715
:1062800091FA0498D8E76846FFF78CFB0198D3E7AA
:10629000384B1B6813F0200F08D0364B1B68C3F334
:1062A000C1033548D840CAE73448C8E73248C6E792
:1062B000402A02D14FF4004005E0012049E0FEF7FA
:1062C000DDFB00284FD0626A294B33F81230B0FB57
:1062D000F3F0636800EB5300B0FBF3F0A0F11002A1
:1062E0004FF6EF739A4240D8236880B2D8600020FE
:1062F0002FE0FEF7D5FBE4E703A8FFF753FA049875
:10630000DFE76846FFF74EFB0198DAE7194B1B6899
:1063100013F0200F08D0174B1B68C3F3C1031648B6
:10632000D840D0E71548CEE71348CCE7012010E06D
:1063300001200EE000200CE001200AE0012008E02E
:10634000012006E0012004E0002002E0012000E03E
:1063500001200123A4F86A30A4F8683000236367A1
:10636000A36706B070BD0020F3E70120F1E700BF8E
:10637000D4C80008004402580090D00300093D0032
:10638000836A13F0080F06D00268536823F40043B1
:10639000816B0B435360836A13F0010F06D00268D0
:1063A000536823F40033C16A0B435360836A13F0CC
:1063B000020F06D00268536823F48033016B0B434D
:1063C0005360836A13F0040F06D00268536823F405
:1063D0008023416B0B435360836A13F0100F06D088
:1063E0000268936823F48053C16B0B439360836A04
:1063F00013F0200F06D00268936823F40053016C59
:106400000B439360836A13F0400F0AD0026853680D
:1064100023F48013416C0B435360436CB3F5801F2E
:106420000BD0836A13F0800F06D00268536823F400
:106430000023C16C0B43536070470268536823F418
:10644000C003816C0B435360EBE72DE9F84305462D
:106450000E4617469946DDF820802B68DC6936EA3F
:1064600004040CBF01240024BC423AD1B8F1FF3F20
:10647000F3D0FBF72FFEA0EB0900404534D8B8F16C
:10648000000F33D02B681A6812F0040FE5D0B6F174
:10649000400218BF0122802EDFD0002ADDD0DA6949
:1064A00012F0080F11D1DA6912F4006FD5D04FF451
:1064B00000621A622846FFF78FFB2023C5F8903050
:1064C000002385F8843003200CE008241C62284651
:1064D000FFF782FBC5F89040002385F88430012047
:1064E00000E00020BDE8F8830320FBE70320F9E784
:1064F0002DE9F04182B01E46D0F88830202B5BD1C8
:1065000004460D469046002A18BF002901D10120FB
:1065100053E00023C0F890302123C0F88830FBF707
:10652000D9FD0746A4F85480A4F85680A368B3F5B3
:10653000805F02D04FF0000816E0236943B34FF0AC
:10654000000811E02023C4F88830032035E038F833
:10655000023B2268C3F308039362B4F8562092B258
:10656000013A92B2A4F85620B4F856309BB293B1D7
:1065700000963B46002280212046FFF766FF002858
:10658000E0D1002DE3D015F8012B23689A62E4E7EF
:10659000A8460025E8E700963B4600224021204619
:1065A000FFF753FF18B92023C4F8883005E02023F3
:1065B000C4F88830032000E0022002B0BDE8F0817A
:1065C00030B583B004460023C0F89030FBF782FD5D
:1065D00005462268126812F0080F10D123681B6864
:1065E00013F0040F28D12023C4F88830C4F88C306D
:1065F0000020E066206784F8840003B030BD6FF0AF
:106600007E430093034600224FF400112046FFF71B
:106610001CFF0028E2D0226852E8003F23F08003EC
:1066200042E800310029F6D12023C4F88830002345
:1066300084F884300320E0E76FF07E4300932B461C
:1066400000224FF480012046FFF7FFFE0028CAD049
:10665000226852E8003F23F4907342E80031002999
:10666000F6D1226802F1080353E8003F23F001034A
:10667000083242E800310029F3D12023C4F88C30DD
:10668000002384F884300320B7E778B310B50446BC
:10669000D0F888300BB32423C4F8883022681368FC
:1066A00023F001031360A36AE3B92046FFF76AFBF6
:1066B000012811D02268536823F490435360226864
:1066C000936823F02A0393602268136843F0010360
:1066D00013602046FFF774FF10BD80F88430FAF78E
:1066E000AFFCD8E72046FFF74BFEDEE701207047FE
:1066F00010B5044613468165A0F85C200022C0F85E
:1067000090202222C0F88C20D0F88020AAB1214904
:10671000D163D0F8802020491164D0F880201F492F
:10672000D164D0F88020002111650168826D243188
:10673000D0F88000FCF734FA20BB236943B122680B
:1067400052E8003F43F4807342E800310029F6D15B
:10675000226802F1080353E8003F43F001030832C6
:1067600042E800310029F3D1226802F1080353E81E
:10677000003F43F04003083242E800310029F3D1E2
:10678000002010BD1023C4F890302023C4F88C30B2
:106790000120F6E7F55C0008D55C00087B5C00088A
:1067A00038B5D0F88C30202B19D1002A18BF002919
:1067B00017D00023C36603680B4CA3420CD05B6860
:1067C00013F4000F08D0046854E8003F43F08063DE
:1067D00044E80035002DF6D1FFF78AFF00E00220E3
:1067E00038BD0120FCE700BF000C005800283CD059
:1067F000F8B50F4616461D460446D0F888305BB300
:106800002423C4F888302268136823F0010313603E
:10681000A36A33BB2046FFF7B5FA01281BD02268D4
:10682000936843F4804393602268936823F40043A1
:106830003B4393602D0445EA465221680B686FF391
:10684000194313430B602268136843F0010313607C
:106850002046FFF7B5FEF8BD80F88430FAF7F0FB6C
:10686000CEE72046FFF78CFDD4E70120704782B0C9
:1068700000230193019B01330193019BB3F1706FDE
:1068800015D80369002BF5DA00230193036943F05F
:1068900001030361019B01330193019BB3F1706F0D
:1068A00008D8036913F0010FF4D1002000E00320A1
:1068B00002B070470320FBE784B010B5044603A87C
:1068C00080E80E009DF81130012B1FD1A36B23F43B
:1068D0008033A363E2681F4B1340E360E36823F453
:1068E0004013E3609DF81830012B0AD02046FFF7D3
:1068F000BEFF9DF80E30012B1CD0BDE8104004B047
:106900007047E36843F48013E360EFE7E36843F024
:106910004003E3602046FFF7AAFF9DF8153023B936
:10692000A36B43F48033A363E3E7A36B23F48033C7
:10693000A363DEE7E36D9BB2E365E26D064B1343B1
:10694000E365A36843F00603A360A36843F0200354
:10695000A360D2E7BFFFBDFF0000EE03022A0AD00A
:106960000922C36823F47053C360C36843EA8223D7
:10697000C36000207047204B0B44204A934229D922
:106980001F4B0B441F4A934226D91F4B0B441F4AEF
:10699000934223D91E4B0B441E4A934220D31E4BD5
:1069A0000B441E4A93421DD91D4B0B441D4A934272
:1069B0001AD31D4B0B441D4A934217D31C4B0B4457
:1069C0001C4A934214D31C4B0B441C4A934211D2D1
:1069D0000722C6E70F22C4E70E22C2E70D22C0E756
:1069E0000C22BEE70B22BCE70A22BAE70922B8E76D
:1069F0000822B6E70622B4E7405327FFFF340C0015
:106A0000401E1BFF3F420F0000DC0BFF7F4F1200B8
:106A1000808CF9FE20D6130060B6E5FE5FE3160019
:106A200000D3CEFE40771B00C05BB3FEC0912100B7
:106A300000CA91FE20753800E05459FEE09C4100E8
:106A4000836843F00103836000207047836823F06C
:106A5000010383600020704782B000230193019BF3
:106A600001330193019BB3F1706F15D80369002BBB
:106A7000F5DA00230193890141F020010161019BB6
:106A800001330193019BB3F1706F08D8036913F0D0
:106A9000200FF4D1002000E0032002B07047032053
:106AA000FBE782B000230193019B01330193019B1B
:106AB000B3F1706F13D80369002BF5DA002301934B
:106AC00010230361019B01330193019BB3F1706FAC
:106AD00008D8036913F0100FF4D1002000E0032060
:106AE00002B070470320FBE7D0F800381943C0F824
:106AF000001800207047000084B0F8B5044607A8CD
:106B000080E80E00002306E003F1400204EB82025D
:106B10000021516001330E2BF6D99DF8266006BB8B
:106B2000D4F8043843F00203C4F80438A36B23F408
:106B30000013A363236843F040032360236843F0FA
:106B4000800323600023C4F8003E9DF82130012B10
:106B500011D19DF81F304BB900212046FFF7C4FF2B
:106B60000DE0A36B43F40013A363EBE70121204680
:106B7000FFF7BAFF03E003212046FFF7B5FF10211E
:106B80002046FFF769FF054600B101252046FFF7C3
:106B900088FF00B1012504F5006C0023CCF810300B
:106BA000CCF81430CCF81C300AE0CBB94FF00060C0
:106BB000C2F8000900220A614FF67F328A60013371
:106BC0009DF81C10994210D904EB431202F5106194
:106BD000D2F800090028E8DB0020C2F80009E9E744
:106BE0004FF09040C2F80009E4E700230AE0BBB18F
:106BF0004FF09047C2F8007B002202614FF67F32CF
:106C000082600133994210D904EB431202F53060DF
:106C1000D2F8007B002FEADB0027C2F8007BEBE70D
:106C20004FF00067C2F8007BE6E7DCF8103023F491
:106C30008073CCF810300023A3616FF08043636150
:106C40009DF81E301BB9A36943F01003A361A2692C
:106C50000A4B1343A3619DF822301BB1A36943F093
:106C60000803A361012E04D02846BDE8F84004B013
:106C70007047A269024B1343A361F5E700383C80DB
:106C800004000040D0F8083803F00603022B04D0BB
:106C9000062B04D02BB90020704702207047022039
:106CA00070470F207047000010B591F800C04B7876
:106CB000012B21D000F5006ED0F81C380CF00F0429
:106CC0000122A24043EA0243C0F81C3800EB4C10FA
:106CD000D0F8003B13F4004F0CD1D0F8002B8B6898
:106CE000C3F30A03097943EA81431A43134B13435D
:106CF000C0F8003B002010BDD0F81C280CF00F0E8F
:106D000003FA0EF39BB21343C0F81C3800EB4C108F
:106D1000D0F8003913F4004FECD1D0F800298B687B
:106D2000C3F30A03097943EA814343EA8C531A43C4
:106D3000024B1343C0F80039DCE700BF00800010AD
:106D400030B40B784A78012A26D000EB4313D3F8ED
:106D5000002B002A52DBD0F83C480A7802F00F02E0
:106D60004FF0010C0CFA02F224EA0242C0F83C286F
:106D7000D0F81C28097801F00F010CFA01FC22EA76
:106D80000C42C0F81C28D3F8001B234A0A40C3F861
:106D9000002B002030BC704700EB4313D3F80029D0
:106DA000002A1EDBD0F83C580A7802F00F020124BA
:106DB00004FA02F292B225EA0202C0F83C28D0F8A6
:106DC0001C28097801F00F018C40A4B222EA0402C9
:106DD000C0F81C28D3F80019104A0A40C3F800294B
:106DE000D7E7D3F8002942F00062C3F80029D3F8AE
:106DF000002942F08042C3F80029D3E7D3F8002BE2
:106E000042F00062C3F8002BD3F8002B42F080421E
:106E1000C3F8002B9FE700BF0078F3EF007833EC56
:106E200010B483B0024600230193487801280BD0A8
:106E30000B7802EB4313D3F8000B00282DDB002066
:106E400003B05DF8044B70470B7802EB4313D3F8A3
:106E50000049002C01DB0020F2E7D3F8004944F0A0
:106E60000064C3F800490B7802EB4313D3F80049E0
:106E700044F08044C3F80049019B01330193019C15
:106E800042F210739C42DBD80B7802EB4313D3F829
:106E90000039002BF0DB0020D2E7D3F8000B40F0E4
:106EA0000060C3F8000B0B7802EB4313D3F8000B20
:106EB00040F08040C3F8000B019B0133019301981F
:106EC00042F21073984208D80B7802EB4313D3F8C0
:106ED000003B002BF0DB0020B2E70120B0E710B54B
:106EE0009DF8084084B903334FEA930E4FF0000C2D
:106EF00008E000EB023303F5805351F8044B1C60AB
:106F00000CF1010CF445F4D3002010BDF0B583B0B2
:106F10000C784B78012B2DD000EB441C0CF5306322
:106F20001D696FF312051D611D696FF3DC451D615D
:106F3000002C40F0CE800C690CB18C680C618C6820
:106F40000C621D69C4F312042C431C611C6944F4D7
:106F500000241C61012A00F0DF800B79012B00F076
:106F6000E180DCF8003B43F00443CCF8003B002018
:106F700003B0F0BD0B6973BB00EB4413D3F8105999
:106F80006FF3DC45C3F81059D3F8105945F40025C8
:106F9000C3F81059D3F810596FF31205C3F81059FC
:106FA000012A54D000EB4414D4F8003943F00443D0
:106FB000C4F800390B79012B72D00B69002BD6D0A5
:106FC000D0F83438097801F00F0101228A401343C8
:106FD000C0F83438CBE700EB441303F510631D69A8
:106FE0006FF312051D611D696FF3DC451D6184B9E6
:106FF0000E698D68AE4200D90D611D6945F400250A
:107000001D611D690E69C6F3120C45EA0C051D6170
:10701000C6E70D698E683544013DB5FBF6F51E697E
:107020001FFA85FC494F07EAC54535431D610D79B7
:10703000012DE6D11D6925F0C0451D611D694FEA8E
:107040004C7C0CF0C04C45EA0C051D61D9E7CB69BE
:107050001BB100EB4412C2F814390B79012B08D094
:1070600000EB4414D4F8003943F00443C4F8003969
:107070007DE7D0F8083813F4807F08D100EB441284
:10708000D2F8003943F00053C2F80039E8E700EBCA
:107090004412D2F8003943F08053C2F80039DFE7D8
:1070A000D0F8083813F4807F0CD1D4F8003943F0BD
:1070B0000053C4F8003900920B8A0A78C968FFF7B8
:1070C0000EFF54E7D4F8003943F08053C4F8003978
:1070D000F1E70C6954B91C698D68C5F312052C439E
:1070E0001C611C6944F400241C6133E78D682C4446
:1070F000013CB4FBF5F4A4B204FB05F50D621D6977
:10710000124E06EAC4442C431C611C690D6AC5F387
:1071100012052C431C611DE7CA68002A3FF41DAF0D
:107120005A611AE7D0F8083813F4807F06D1DCF8EA
:10713000003B43F00053CCF8003B12E7DCF8003B87
:1071400043F08053CCF8003B0BE700BF0000F81F72
:1071500010B5844608464FEA920E02F0030200235F
:1071600005E00CF58051096840F8041B01337345B4
:10717000F7D37AB10CF5805CDCF800400021CBB28B
:10718000DB0024FA03F300F8013B0131013A92B22B
:10719000002AF4D110BD0B784A78012A14D000EBF4
:1071A0004310D0F8002B002A06DB2BB1D0F8003BAF
:1071B00023F08043C0F8003BD0F8003B43F40013B9
:1071C000C0F8003B0020704700EB4310D0F80029C6
:1071D000002A06DB2BB1D0F8003923F08043C0F839
:1071E0000039D0F8003943F40013C0F80039E9E75A
:1071F0000B784A78012A0ED000EB4310D0F8003B00
:1072000023F40013C0F8003B0B79023BDBB2012BE7
:1072100015D90020704700EB4310D0F8003923F453
:107220000013C0F800390B79023BDBB2012BF0D818
:10723000D0F8003943F08053C0F80039E9E7D0F8BE
:10724000003B43F08053C0F8003BE2E7D0F8003841
:1072500023F4FE63C0F80038D0F80038090101F4C7
:10726000FE610B43C0F8003800207047D0F8003EA4
:1072700023F00303C0F8003ED0F8043823F00203E3
:10728000C0F8043800207047D0F8003E23F0030314
:10729000C0F8003ED0F8043843F00203C0F80438C8
:1072A000002070474269806910407047D0F8183854
:1072B00000F50060C0691840000C7047D0F818381D
:1072C00000F50060C069184080B2704700EB4111C2
:1072D000D1F8082B00F50060406910407047D0F8E5
:1072E0001028D0F8343801F00F0C23FA0CF3DB012E
:1072F000DBB2134300EB411000F5106080681840CA
:107300007047406900F00100704738B50546C36812
:1073100023F0C043C360012913D019BBC36843F0F5
:107320008043C36000240A20FAF7DAFE0A342846B4
:10733000FFF7E7FF08B1C72CF5D9C82C14D00020FF
:1073400038BDC36843F00053C36000240A20FAF735
:10735000C7FE0A342846FFF7D4FF0128EDD0C72C1A
:10736000F4D9EAE70120EBE70120E9E7D0F800399A
:107370006FF30A03C0F80039D0F8043843F480737F
:10738000C0F804380020704710B4046C154B9C42C0
:1073900003D9D0F8003B002B16DB0024C0F8104BBB
:1073A000D0F8104B44F40024C0F8104BD0F8104B28
:1073B00044F01804C0F8104BD0F8104B44F0C0440F
:1073C000C0F8104B012903D000205DF8044B704732
:1073D000C0F8142BD0F8003B43F08023C0F8003BEA
:1073E000F2E700BF0A30544F98B108B503460020B9
:1073F000C3F8B802C3F8C402C3F8D00209B1C3F895
:10740000B412012183F89C121A701846FAF738FD5D
:1074100008BD0320704710B582B00023ADF80630D8
:10742000B9B10446C0F8B812D0F8D422CB6A43B13F
:10743000AE3250F82230DB6A0DF106009847C4F8EE
:10744000D002D4F8D8320133C4F8D832002002B0C8
:1074500010BD0320FBE708B5FAF773FD08BD08B5BA
:10746000D0F8B83213B11B68984708BD0020FCE77C
:1074700008B5D0F8B8325B68984700B908BD03205A
:10748000FCE738B5044600F2AA25284600F0C8F902
:107490000123C4F89432B4F8B032C4F8983294F8A6
:1074A000AA1201F01F03012B07D0022B0AD073B9D7
:1074B0002946204600F09AFB38BD2946204600F0B8
:1074C000D0FBF9E72946204600F00DFCF4E701F077
:1074D00080012046FAF750FDEEE7F8B50446012397
:1074E00080F89C320023C0F894324360C0F8A43284
:1074F00080F8A032D0F8B832DBB15B68DBB1002194
:1075000098470746C8B94023002211462046FAF79B
:1075100020FD0126A4F864614025C4F860512B4683
:10752000002280212046FAF714FDA6842562384601
:10753000F8BD0027E7E70027E5E70327E3E7017445
:107540000020704790F89C32DBB2042B04D090F8F6
:107550009C32DBB280F89D32042380F89C320020FC
:10756000704790F89C32DBB2042B01D000207047AA
:1075700090F89D32DBB280F89C32F7E708B590F8BE
:107580009C32DBB2032B01D0002008BDD0F8B8320A
:10759000002BF9D0DB69002BF6D09847F4E708B54B
:1075A000D0F8D432AE3350F823205AB190F89C3240
:1075B000DBB2032B01D0002008BD136A23B198472A
:1075C0000020F9E70320F7E70020F5E708B5D0F839
:1075D000D432AE3350F823205AB190F89C32DBB24B
:1075E000032B01D0002008BD536A23B19847002027
:1075F000F9E70320F7E70020F5E70020704708B51A
:10760000012380F89C32D0F8B83223B15B6801794D
:10761000984710B908BD0020FCE70320FAE70020D6
:1076200070470020704738B504460D46002942D106
:107630001346D0F89422032A01D0084638BDD0F86A
:107640005C11D0F86021914209D890F8AA3203F079
:107650001F03012B0ED0022B1BD028460FE0891AE6
:10766000C0F85C118A4228BF0A46194600F09BFC0C
:107670002846E3E790F8AE12FFF7D1FF20B994F85F
:107680009C32DBB2032B09D0204600F094FC284644
:10769000D4E790F8AE12FFF7C4FFEFE700F1AE03B6
:1076A00054F823301A69002AEED0C4F8D4021B69BA
:1076B00020469847E8E701F07F01FFF7B2FF90B955
:1076C00094F89C32DBB2032BB8D100F1AE0354F82E
:1076D00023309A69002AB1D0C4F8D4029B692946A4
:1076E00020469847AAE70020A8E738B504460D468B
:1076F00000294BD11346D0F89422022A07D094F8DF
:10770000A00218B1002384F8A032284638BDC2690F
:10771000016A8A420ED88A4218D094F89C32DBB2B1
:10772000032B27D080212046FAF726FC204600F0C4
:107730004DFCE4E7521AC261194600F01DFC00231B
:107740001A4619462046FAF73DFCD8E78369994264
:10775000E3D8D0F898229342DFD20022114600F0FD
:107760000BFC0021C4F898120B460A462046FAF793
:1077700029FCC4E7D4F8B832DA68002AD2D0002253
:10778000C4F8D422DB6820469847CBE741F080015B
:10779000FFF747FF90B994F89C32DBB2032BB5D1C9
:1077A00000F1AE0354F823305A69002AAED0C4F871
:1077B000D4025B69294620469847A7E70020A5E741
:1077C0000B88027813440B80037818447047428872
:1077D00003789A4218D930B583B004460D46ADF807
:1077E00006306388BDF806209A420AD20DF10601E0
:1077F000FFF7E6FF4378052BF3D18378AB42F0D156
:1078000000E0002003B030BD002070470346002098
:1078100002E00130C0B201331A78002AF9D1704772
:107820000B7803704B7843708B78CA7843EA022355
:1078300043800B794A7943EA022383808B79CA79A2
:1078400043EA0223C380704710B504468021FAF74B
:1078500093FB00212046FAF78FFB10BD30B583B0B3
:1078600004460D460023ADF806304A88130A013B52
:107870000E2B00F2BC80DFE803F0153044BABA9E4C
:10788000ABBABABABABABABA0800D0F8B432DB693D
:1078900023B10DF10601007C98470AE02946FFF765
:1078A000D3FF18E0D0F8B4321B680DF10601007C5C
:1078B0009847EA88002A00F0A380BDF80630002B24
:1078C00000F099809A4228BF1A46ADF8062001467A
:1078D000204600F044FB03B030BD037C43B9D0F830
:1078E000B8329B6A0DF10600984702234370E0E727
:1078F000D0F8B832DB6A0DF10600984702234370D6
:10790000D7E7D2B2052A52D8DFE802F003101D2AC9
:107910003744D0F8B4325B6823B10DF10601007C26
:107920009847C6E72946FFF78FFFD4E7D0F8B4326F
:107930009B6823B10DF10601007C9847B9E7294601
:10794000FFF782FFC7E7D0F8B432DB6823B10DF14F
:107950000601007C9847ACE72946FFF775FFBAE7B8
:10796000D0F8B4321B6923B10DF10601007C9847B1
:107970009FE72946FFF768FFADE7D0F8B4325B69AF
:1079800023B10DF10601007C984792E72946FFF7E5
:107990005BFFA0E7D0F8B4329B6923B10DF106017B
:1079A000007C984785E72946FFF74EFF93E7294675
:1079B000FFF74AFF8FE7037C33B9D0F8B8325B6B2F
:1079C0000DF10600984774E72946FFF73DFF82E76F
:1079D000037C43B9D0F8B8321B6B0DF10600984711
:1079E0000723437065E72946FFF72EFF73E7294613
:1079F000FFF72AFF6FE729462046FFF725FF6AE7D2
:107A0000204600F0D8FA66E738B504468B88FBB903
:107A1000CB88EBB94B887F2B1AD803F07F0590F801
:107A20009C32DBB2032B0CD080F89E522946FAF729
:107A3000B3FA204600F0BFFA35B1022384F89C3235
:107A400009E0FFF701FF06E0012384F89C3202E021
:107A50002046FFF7F9FE38BD70B504460E468D7816
:107A60002F4B1D70012D10D890F89C32DBB2022BE9
:107A70000FD0032B26D0FFF7E7FE294B19782046BD
:107A8000FFF7F6FC0325284670BDFFF7DDFE032552
:107A9000F9E7A5B145602946FFF7E1FC054638B195
:107AA00031462046FFF7D0FE022384F89C32EAE7F5
:107AB000204600F080FA032384F89C32E3E700F0CC
:107AC0007AFAE0E7CDB141688D4225D0C9B2FFF71F
:107AD000CFFC134B197861602046FFF7C0FC0546C8
:107AE000B0B131462046FFF7AFFE21792046FFF7BF
:107AF000BFFC022384F89C32C5E7022380F89C3245
:107B000045602946FFF7B4FC204600F054FABAE776
:107B1000204600F050FAB6E700F04DFA0025B2E733
:107B2000344D002408B5CB88012B0BD190F89C3242
:107B3000DBB2022B09D9032B11D10122011D00F068
:107B40000EFA01E0FFF780FE08BD5BB23BB10146D3
:107B5000002341F8083F012200F001FAF4E7FFF7A3
:107B600073FEF1E708B590F89C32013B022B12D866
:107B7000CB88022B0CD10123C360D0F8A4320BB107
:107B80000323C360022200F10C0100F0E8F908BDF4
:107B9000FFF75AFEFBE7FFF757FEF8E708B54B88FB
:107BA000012B04D0022B07D0FFF74EFE08BDC0F812
:107BB000A43200F000FAF9E78B881B0A80F8A032A3
:107BC00000F0F9F9F2E708B590F89C32013B022B7E
:107BD00009D84B88012B00D008BD0023C0F8A4327F
:107BE00000F0E9F9F8E7FFF72FFEF5E738B50C7874
:107BF00004F06004202C06D0402C04D06CB1FFF7B8
:107C000023FE002407E0D0F8D432AE3350F82330FE
:107C10009B6898470446204638BD4D78092D1DD8ED
:107C2000DFE805F012191C161C08051C0F0BFFF7E6
:107C300015FEF0E7FFF7E8FEEDE7FFF70DFF04465E
:107C4000E9E7FFF76FFFE6E7FFF78CFF2C46E2E777
:107C5000FFF7A4FFDFE7FFF7B6FFDCE7FFF7F4FD70
:107C6000D9E770B505460C460B7803F06003202B6E
:107C700007D0402B05D023B1FFF7E6FD00263046A4
:107C800070BD95F89C32013B022B26D82179012941
:107C900005D921462846FFF7D7FD0026EFE72846FD
:107CA000FFF7BDFC68B900F1AE0255F822209168DB
:107CB00089B1C5F8D40293682146284698470646FC
:107CC00000E00326E388002BD9D1002ED7D1284627
:107CD00000F071F9D3E70326F4E721462846FFF7C1
:107CE000B3FD0026CBE72DE9F04106460D468B8813
:107CF000DFB20C7804F06004202C08D0402C06D0B1
:107D0000DCB1FFF7A1FD00242046BDE8F081394633
:107D10003046FFF786FC0446002840F0F980C6F89C
:107D2000D40200F1AE0356F823309B68002BEBD051
:107D30002946304698470446E6E791F80180B8F1B5
:107D4000010F31D0B8F1030F05D0B8F1000F66D0A4
:107D5000FFF77AFDD8E790F89C32DBB2022B04D013
:107D6000032B11D0FFF770FDCEE7002F18BF802F37
:107D700007D03946FAF700F980213046FAF7FCF8C7
:107D8000C2E7FFF761FDBFE74B882BB9002F18BF93
:107D9000802F01D0CB881BB1304600F00CF9B3E73F
:107DA0003946FAF7E9F8F7E790F89C32DBB2022B94
:107DB00004D0032B11D0FFF747FDA5E7002F18BF14
:107DC000802F07D03946FAF7D7F880213046FAF7E6
:107DD000D3F899E7FFF738FD96E74B88002B93D14E
:107DE00017F07F0F17D1304600F0E5F839463046DE
:107DF000FFF717FC002887D1C6F8D40200F1AE02C5
:107E000056F822209268002A00F0848029463046E5
:107E10009047044678E73946FAF7B6F8E3E790F872
:107E20009C22D2B2022A05D0032A28D0FFF70CFDEB
:107E3000444669E7002F18BF802F13D113F0800F3D
:107E400014D107F07F0707EB8707B90001F5A87188
:107E50000144043100230B600222304600F07FF819
:107E6000444651E7FFF7F0FC44464DE707F07F0733
:107E700007EB8707B900103101440431EAE75BB230
:107E8000002B20DB07F00F0202EB820200EB8202E4
:107E9000B2F8642122B3002B26DB07F07F0303EB4B
:107EA00083039C0004F5A87434440434802F18BF65
:107EB000002F22D10023236002222146304600F009
:107EC0004EF8444620E707F00F0202EB820200EB77
:107ED0008202928C002ADED1FFF7B6FC444613E7FB
:107EE000FFF7B2FC44460FE707F07F0303EB830381
:107EF0009C00103434440434D8E739463046F9F74E
:107F0000F5FF10B101232360D6E700232360D3E7F8
:107F10000024F9E60446F7E600B370B50D461646B0
:107F20000446FFF773FC01304300B3F5007F06D829
:107F30009BB233802B7003236B7002230AE04FF453
:107F40000073F6E7EA5401345A1CD2B20021A95456
:107F50000233DBB22278002AF4D170BD704708B535
:107F600013460222C0F894228361C3610A460021AD
:107F7000FAF720F8002008BD08B513460A4600218C
:107F8000FAF718F8002008BD08B513460322C0F818
:107F90009422C0F85831C0F85C310A460021FAF743
:107FA00011F8002008BD08B513460A460021FAF76B
:107FB00009F8002008BD08B50422C0F89422002367
:107FC0001A461946F9F7F6FF002008BD08B5052244
:107FD000C0F8942200231A461946F9F7F3FF00204F
:107FE00008BD0000002310B50446C0E90033C0E915
:107FF0000433836081814366C2818361194608220C
:108000005C3000F067F90D4B23620D4B63620D4B42
:10801000A3620D4BE3620D4BE4619C4206D003F179
:108020006802944202D0D0339C4205D104F158003A
:10803000BDE8104000F0C6B910BD00BFD5810008F2
:10804000F78100082F82000853820008384D002471
:10805000024A0349034800F069B800BF1001002438
:10806000239E00082001002441680C4B994210B562
:10807000044601D001F0D5FEA168094B994202D017
:10808000204601F0CEFEE168064B994204D020461E
:10809000BDE8104001F0C5BE10BD00BF384D002442
:1080A000A04D0024084E002410B50B4B0B4C0C4A7D
:1080B0001A60204600220421FFF794FF04F16800B3
:1080C00001220921FFF78EFF04F1D0000222BDE852
:1080D00010401221FFF786BF704E0024384D002457
:1080E00051800008014800F06FB900BF7A4E0024AB
:1080F000014800F06AB900BF7A4E002410B504466A
:10810000FFF7F0FF636B1BB1BDE81040FFF7F0BF56
:10811000044B6363044B1B68002BF5D1FFF7C4FFCE
:10812000F2E700BF69800008704E00242DE9F84393
:108130000746884614460026D4E90195B9F101099D
:1081400005D52468002CF7D13046BDE8F883AB890B
:10815000012B07D9B5F90E30013303D02946384633
:10816000C04706436835E9E70CB430B5184B0C1E20
:108170001D689DB008DA8B232B604FF0FF301DB0D7
:10818000BDE8304002B070474FF40273ADF81430D0
:108190004FF000031B9314BF04F1FF3323460493F5
:1081A00007934FF6FF7302900690ADF81630209AB1
:1081B00021AB02A92846019300F082FC431CBCBFFE
:1081C0008B232B60002CDAD0029B00221A70D6E79A
:1081D0001C01002410B50C46B1F90E1000F0A4F8F3
:1081E0000028ABBF236DA3891B1823F48053ACBFB9
:1081F0002365A38110BD2DE9F0411F468B89DB0566
:1082000005460C46164605D5B1F90E10022300228C
:1082100000F078F8A389B4F90E1023F48053A381F9
:1082200032463B462846BDE8F04100F08FB810B515
:108230000C46B1F90E1000F065F8431CA38915BF78
:10824000206523F4805343F48053A38118BFA38196
:1082500010BDB1F90E1000F045B830B51446002C31
:108260009BB005461A4605DA8B2303604FF0FF30BA
:108270001BB030BD4FF40273ADF80C304FF000036B
:10828000199314BF04F1FF332346029305934FF66D
:10829000FF7300910491ADF80E3069461E9B00F00B
:1082A0000FFC431CBCBF8B232B60002CE0D0009B39
:1082B00000221A70DCE7000007B5009313460A4657
:1082C000014603480068FFF7C8FF03B05DF804FBF0
:1082D0001C01002402440346934200D1704703F876
:1082E000011BF9E738B5064D0023044608462B600C
:1082F000F8F72AFB431C02D12B6803B1236038BD79
:10830000744E002438B5074D044608461146002235
:108310002A601A46F8F722FB431C02D12B6803B1EE
:10832000236038BD744E002438B5074D0446084616
:10833000114600222A601A46F8F7E8FA431C02D1D7
:108340002B6803B1236038BD744E002438B5074D47
:1083500004460846114600222A601A46F8F7E6FA53
:10836000431C02D12B6803B1236038BD744E002436
:10837000014B1868704700BF1C01002470B50D4DFB
:108380000D4C641BA4100026A64209D10B4D0C4CC9
:1083900004F0ECF9641BA4100026A64205D170BDC0
:1083A00055F8043B98470136EEE755F8043B9847EB
:1083B0000136F2E784CC000884CC000884CC0008A5
:1083C0008CCC000870477047704770470A44914250
:1083D00000F1FF3300D1704710B511F8014B03F8DD
:1083E000014F9142F9D110BD024B13B1024800F088
:1083F00005B870470000000079A00008002301467E
:108400001A46184601F08CBE2DE9F84306460820AE
:10841000894601F045FE244F8046304600F044FB7B
:10842000BB685D6825F00305A5F11104A4EB090400
:108430004444B4FBF8F4013C08FB04F4A04505DD1A
:10844000304600F037FB0020BDE8F88300213046BD
:1084500001F002FEBB682B449842F1D161423046E4
:1084600001F0FAFD013010D10021304601F0F4FD99
:10847000BA68831A0F2BE3DD0C490968401A0C49CE
:1084800043F0010308605360DAE7BB68084A2D1B1C
:1084900045F001055D60136830461B1B136000F05A
:1084A00009FB0120D0E700BF6C0200246402002415
:1084B000804E0024F8B504460F46002900F0B18034
:1084C00000F0F2FA57F8042C564D22F00100A7F103
:1084D000080303EB000CA968DCF80460614526F092
:1084E000030602F001021BD106443AB957F8082CE2
:1084F0009B1A1644D3E90212CA60916046F0010249
:108500005A60AB60484B1B68B34204D8474B2046C7
:108510001968FFF779FF2046BDE8F84000F0CABAB5
:10852000CCF80460002A38D157F8081C5B1A0844BC
:10853000996805F10807B94231D0DF68CF60B960AA
:108540000CEB06014968C9070BD4DCF8081030446D
:108550003ABB374EB14224D1C5E90433C3E9021115
:10856000012240F0010159601850002AD3D1B0F522
:10857000007F1BD2C2080121400981406868013296
:108580000143696055F8320005EBC2010839C3E9BF
:10859000020145F83230C360BDE70022D0E7012276
:1085A000CEE7DCF80C60CE60B160DAE7B0F5206FA2
:1085B0004FEA502214D282093832511C05EBC20610
:1085C00055F831108E4225D10120921000FA02F2A6
:1085D000686802436A60C3E90216B360CB609AE739
:1085E000142A01D85B32E8E7542A02D8020B6E3213
:1085F000E3E7B2F5AA7F02D8C20B7732DDE740F29B
:1086000054518A429ABF820C7C327E22D5E7896817
:108610008E4204D04A6822F003028242F7D8CE6824
:10862000D9E7F8BD6C02002468020024B04E002493
:108630007402002401F10B03162B2DE9F74F0546B8
:1086400006D933F0070704D50C232B600024A3E1DF
:108650001027B942F8D8284600F026FAB7F5FC7F73
:10866000AF4E37D207F108023244A2F10801546834
:108670008C424FEAD70302D1D468A24210D063687B
:10868000D4E9021223F00303CA60234491605A68BC
:1086900042F001025A60284600F00CFA08347BE1EF
:1086A000023334699F498C4277D0626822F0030C10
:1086B000ACEB07000F2848DDE21940F0010347F05A
:1086C00001076760C6E90422C2E90211536044F859
:1086D0000C00E0E77B0A2AD0042B12D8BB09383300
:1086E0005A1C06EBC202A2F1080C5468644506D07D
:1086F000626822F00302D01B0F281CDD013B01330E
:10870000CFE7142B01D85B33EAE7542B02D83B0B9D
:108710006E33E5E7B3F5AA7F02D8FB0B7733DFE7CB
:1087200040F25452934204D8BB0C7C33D8E73F2329
:10873000D6E77E23D4E70028E16804DBA368D9608C
:108740008B60A318A3E70C46D0E70028C6E9041104
:1087500007DBA444DCF8043043F00103CCF8043018
:1087600099E7BCF5007F706880F095804FEADC02E5
:108770004FEA5C1E4FF0010C01320CFA0EFC4CEA81
:108780000000706056F832C006EBC2000838C4E939
:1087900002C046F83240CCF80C40981001228240CA
:1087A0007068904226D3104206D123F00303520092
:1087B000104203F10403FAD006EBC308C1469E46FB
:1087C000D9F80C404C4540F0B9800EF1010E1EF076
:1087D000030F09F10809F3D1980740F0E3807368AB
:1087E00023EA0203736070685200904202D3002AA9
:1087F00040F0E580D6F808A0DAF8043023F0030949
:10880000B94504D3A9EB07020F2A00F34181464B77
:108810001968103139440820019101F041FC434AA4
:108820000199136801331FBF01F1FF310918434259
:10883000194080462846019101F00EFC421C0AEBCB
:10884000090B044600F0F78083450199374A02D9A5
:10885000B24540F0F080364B1868A34500EB010E9E
:10886000C3F800E008F1FF3C40F0AB801BEA0C0FBE
:1088700040F0A780B268494441F0010151602D4A9F
:108880001B6811688B4288BF13602B4A11688B42AA
:1088900088BF1360CFE0BCF5206F4FEA5C2218D28E
:1088A0004FEA9C12383202F1010E06EBC20856F86C
:1088B0003EE0F0452BD192104FF0010C0CFA02F281
:1088C00002437260C4E902E8C8F80840CEF80C40E0
:1088D00063E7142A01D85B32E5E7542A03D84FEA4C
:1088E0001C326E32DFE7B2F5AA7F03D84FEADC32E2
:1088F0007732D8E740F2545E72459ABF4FEA9C4205
:108900007C327E22CFE7DEF808E0F04505D0DEF8C5
:10891000042022F003026245F5D8DEF80C80D1E78E
:108920006C02002474020024B04E0024640200246F
:10893000804E0024AC4E0024A84E00246068D4F879
:108940000CC020F00300A0EB070ABAF10F0F12DDF4
:10895000A368E21947F001076760C3F80CC0CCF8C0
:1089600008304AF00103C6E90422C2E9021153604B
:1089700044F800A08FE6BAF1000F11DB20444368F1
:1089800043F00103436054F8083F2846C3F80CC085
:10899000CCF8083000F08EF8204603B0BDE8F08F28
:1089A00064460FE758F80809404503F1FF333FF4E8
:1089B00013AF18E7043352001042FBD0FCE67346B5
:1089C000FAE7106801301BBFA4EB0B0B0BEB0E0298
:1089D00014601A6014F0070B1ABFCBF108002418BA
:1089E0005846621802EA0C018044A8EB010808EA24
:1089F0000C0841462846019201F02EFB431C019AC7
:108A0000284B07D1BBF1000F23D0ABF10800104475
:108A10004FF000081A68B460001B4044424440F024
:108A20000100B2451A6060603FF429AFB9F10F0F41
:108A300012D801236360B3685B6823F00303BB4271
:108A4000A3EB070201D30F2A22DC284600F032F8FC
:108A5000FCE51046D846DDE7DAF80420A9F10C0958
:108A600029F0070902F0010242EA0902CAF80420CB
:108A700005210AEB0902B9F10F0FC2E901117FF6D6
:108A8000FEAE0AF108012846FFF714FD054BF6E695
:108A9000B46847F00103274442F001026360B76005
:108AA0007A60F8E5804E00240148FFF78DBC00BFD6
:108AB000784E00240148FFF788BC00BF784E0024A0
:108AC0002DE9F04F2DED048BCBB08B4692461F461F
:108AD000029001F0BDFA03680F931846F7F750FCB7
:108AE000BBF80C3009901A0615D5DBF8103093B995
:108AF00002984021FFF79EFDCBF80000CBF8100054
:108B000030B9029A0C2313604FF0FF330B93E2E16C
:108B10004023CBF814300023CDE91F339FED988B11
:108B2000CDE9113321AC1E94039307930E93109358
:108B30000B9353461D4613F8012B0AB1252AF9D190
:108B4000B5EB0A060DD0209B334420931F9B0133C5
:108B5000072BC4E900A61F9375DC08340B9B334434
:108B60000B932B78002B01F0F48000226B1C8DF806
:108B70005B204FF0FF360A92154613F8012B049242
:108B80000893049B203B5A2B00F26B85DFE813F01F
:108B90009D0069056905A5006905690569058500E8
:108BA00069056905A800B2006905AF00B400690550
:108BB000CF00D200D200D200D200D200D200D20028
:108BC000D200D2006905690569056905690569056D
:108BD00069054C0169050B011D014C014C014C015B
:108BE0006905690569056905E500690569056204A6
:108BF000690569056905AC046905CB046905690562
:108C0000EE04690569056905690569056905690570
:108C100069054C0169050B011F014C014C014C0118
:108C2000E8001F0105016905FE00690543046404AD
:108C30009A0405016905AC049B00CD04690569052A
:108C4000650069059B0002981EAA594601F0C2F80A
:108C5000002840F03B8121AC80E74B4B129315F08C
:108C6000200300F08684073727F007031A46D3F85D
:108C7000048052F8087B0592EB070AD557EA0803EF
:108C800007D030238DF85C30049B8DF85D3045F0C3
:108C9000020525F480650223EDE3029801F0D8F97E
:108CA000436810931846F7F76BFB0E90029801F09B
:108CB000CFF9836807930E9B2BB1079B1BB11B78E1
:108CC0000BB145F48065089B57E79DF85B30002B9E
:108CD000F9D120238DF85B30F5E745F00105F2E787
:108CE00057F8043B0A93002BEDDA5B420A9345F0F8
:108CF0000405E8E72B23EDE7089B13F8012B04920A
:108D00002A2A11D157F8046B089346EAE676DAE787
:108D100001FB062613F8012B0492049A303A092A23
:108D2000F6D946EAE6762BE700260A21F5E745F074
:108D30008005C8E700230A930A22049B0A99303B66
:108D400002FB01330A93089B13F8011B0893A1F15E
:108D50003003092B0491F0D913E745F00805B2E779
:108D6000089B1B78682B01BF089B0133089345F4CF
:108D7000007518BF45F04005A5E700BFAFF30080C0
:108D80000000000000000000FCC80008089B1B78E1
:108D90006C2B05D1089B0133089345F0200592E721
:108DA00045F010058FE73A4652F8043B8DF8C43081
:108DB000002305928DF85B30994601260C93984666
:108DC00006931F460DF1C40A87E145F01005AB0676
:108DD00014D5073727F007031A46D3F8048052F852
:108DE000087B0592B8F1000F06DA7F424FF02D03A1
:108DF00068EB48088DF85B3001233FE33A46E8060C
:108E000052F8043B059203D51F464FEAE378E9E7A1
:108E1000690603D51FB243F3C038E3E7AA05F3D5CB
:108E20005FB243F3C018DDE7073727F00703B3EC61
:108E3000028B9FED5F7BB0EEC86BB4EE476BF1EE3B
:108E400010FA059317DDB5EEC08BF1EE10FA02D5DE
:108E50002D238DF85B30584A584B049925F0800536
:108E60004729CCBF92469A464FF000090326CDF819
:108E7000309000F0A5BFB4EE488BF1EE10FA09D7A0
:108E800018EE903A002BBCBF2D238DF85B304C4A76
:108E90004C4BE2E7049B612B23D0412B23D1582379
:108EA0003022632E8DF85C208DF85D3045F0020590
:108EB00025DD0298711CFFF7BDFB8246002868D1B2
:108EC000BBF80C3043F04003ABF80C30BBF80C306F
:108ED0005B063FF519AE0B984BB0BDEC048BBDE8BB
:108EE000F08F7823DCE7771C55D0049B23F0200318
:108EF000472B01D1002E52D04FF0000903E04FF074
:108F000000090DF1C40A45F480730C9318EE903AF1
:108F1000002B47DAB1EE489B2D230D93049B23F0E1
:108F20002008B8F1410F40F0B281B0EE490B18A80B
:108F300001F0C2F8B4EE007B20EE070BB5EE400B5B
:108F4000F1EE10FA04BF012318931F491F4B049A36
:108F5000B3EE007B612A08BF1946013E534620EE5E
:108F6000070BFDEEC06B16EE902A885C03F8010B30
:108F7000701CB8EEE66B30EE460B29D0B5EE400B18
:108F8000F1EE10FA06F1FF3210D11A469819302787
:108F900074E18146B7E74FF000090626B3E7B14612
:108FA0000126B0E70023B0EE489BB6E71646D6E7A9
:108FB000FFFFFFFFFFFFEF7FF0C80008ECC80008CD
:108FC000F8C80008F4C800080DC90008FCC800086B
:108FD000B6EE007BB4EEC70BF1EE10FA06DCB4EE91
:108FE000470BF1EE10FAD0D1D707CED5CE7B1C932C
:108FF00030271C98421E1C9210F8012CB24200F03F
:109000003881392A16BF01328A7AD2B200F8012C8F
:10901000A3EB0A03039304999DF81020189821F0FC
:109020002001412908BF0F3200F1FF3306BFD2B241
:1090300001210021002B1893B8BFC0F101038DF866
:109040006820B4BF2D222B22092B8DF8692040F314
:1090500086810DF177000A270246B3FBF7F607FB7E
:109060001631303102F8011C1946632900F1FF3036
:109070003346F1DC3033911E00F8013C0DF16906F6
:109080000B460DF177008342C0F064810DF1790346
:109090009B1A814288BF00230DF16A021A441AAB61
:1090A000D31A1193039B119A012B03EB020601DCE7
:1090B000EA0701D5099B1E4425F480654FF000089E
:1090C00045F480730C93CDF8188047460D9B002B18
:1090D00040F09D8100230C9D0C930C9BB342B8BFC4
:1090E00033460D939DF85B3013B10D9B01330D9307
:1090F00015F0020313931EBF0D9B02330D9315F061
:109100008403149320D10A9B0D9A9B1A002B1BDD1C
:10911000DDE91F2CA5492160102B02F1010204F1A9
:10912000080000F3AA820CEB0301072ACDE91F21F6
:10913000636040F3B78202981EAA594600F04AFEC7
:10914000002840F0E48521AC9DF85B20209B6AB1AB
:109150000DF15B0222600122134420931F9B626089
:109160001344072B1F9300F39F820834139A209B0C
:1091700062B117AA22600222134420931F9B6260EF
:109180000133072B1F9300F399820834149B802B23
:1091900020D10A9B0D9A9B1A002B1BDDDDE91F2CA9
:1091A00083492160102B02F1010204F1080000F351
:1091B0008F820CEB0301072ACDE91F21636040F386
:1091C0009C8202981EAA594600F004FE002840F036
:1091D0009E8521AC0C9B9B1B002B0C931CDD0C98DB
:1091E000DDE91F2310287248206002F1010204F11A
:1091F000080100F384820C9860600344072ACDE9DB
:109200001F2340F3918202981EAA594600F0E2FD06
:10921000002840F07C8521ACE905209B00F18A8282
:10922000334420931F9B0133072BC4E900A61F93EF
:1092300000F3C28208346A0700F14B85DDE90A2396
:109240000D998A42ACBF9B185B180B93209B3BB1D6
:1092500002981EAA594600F0BDFD002840F057852F
:1092600000231F93B9F1000F40F06D85059F21ACDD
:10927000DAE000F8017CBCE602F8017B811A0029E3
:10928000FADA721C0136B8BF00221344C0E6B8F106
:10929000460F05D0B8F1450F2FD1771C022101E010
:1092A000374603211CAB019319AB00930298B0EE33
:1092B000490B18AB3A4600F0FBFFB8F1470F824666
:1092C0002DD1E8071BD41C9B189FA3EB0A03B8F110
:1092D000470F039336D0B8F1460F7FF49CAE05F0EC
:1092E0000103002F43EA060353DD002B5BD0099BEB
:1092F000FB181E44662304935FE03746CEE70AEB73
:109300000703B5EE409BF1EE10FA08BF1C93302125
:109310001C9A9342D7D9501C1C901170F8E7B8F1F1
:10932000460F00EB0703ECD10278302A07D1B5EEE7
:10933000409BF1EE10FA1CBFC7F101071897189A6D
:109340001344DEE7F91C01DBBE4215DA049B023B45
:10935000049360E613F8017B06F8017F93E641B9B8
:1093600030228DF86A200DF16B02303302F8013B98
:1093700095E60DF16A02F8E7039BBB420DDD039B06
:10938000099A002F03EB02060BDCC7F101031E4410
:1093900007E07BB1099B0133ABE7EB0722D5099BC3
:1093A000FE186723A7E73E46A4E700BF45CA0008AA
:1093B00035CA000866230493012615F480630693DA
:1093C00022D04FF00008002FCDF818807FF77EAE36
:1093D000079B1B78FF2B07D1069B0E9A434402FB89
:1093E000036673E63E46DCE7BB42F5DAFF1A079BED
:1093F0005B7833B1069B01330693079B01330793D8
:10940000E6E708F10108E3E7DDF818805EE62D23C2
:109410008DF85B305EE6AE060AD50B9A3B680B9979
:10942000D217C3E900120437DDF820A0FFF781BB93
:10943000E80603D53B680B9A1A60F4E7690603D582
:109440003B680B9A1A80EEE7AA05F3D53B680B9AA6
:109450001A70E8E745F0100515F020031FD0073714
:1094600027F007031A46D3F8048052F8087B0592C8
:1094700025F48065002300228DF85B20002EC0F2C9
:10948000738425F08002069257EA080240F0718446
:10949000002E00F0DE80012B40F06E8483E03A461F
:1094A00015F0100852F8047B059201D09846DFE7CA
:1094B00015F0400301D0BFB2DAE715F40078D7D039
:1094C000FFB2F3E73B46782253F8047B059347F657
:1094D0003003ADF85C30954B12934FF0000845F027
:1094E000020502230492C6E73B46002753F804AB6B
:1094F0000593BE428DF85B700FDB3246394650460D
:10950000F6F7EEFE814600283FF4B1ACA0EB0A0668
:10951000B9460C97B8460697DFE55046F6F730FF98
:10952000B9460646A3E445F0100515F020030AD01D
:10953000073727F007031A46D3F8048052F8087B50
:109540000592012397E73A4615F0100852F8047B7C
:10955000059201D09846F4E715F0400301D0BFB260
:10956000EFE715F40078ECD0FFB2F3E7704BFFF7AC
:1095700075BB3A4615F0100852F8047B059202D0EC
:109580009846FFF779BB15F0400302D0BFB2FFF752
:1095900073BB15F400783FF46FABFFB2F0E70A2F0E
:1095A00078F1000306D23037FFB28DF827710DF243
:1095B000271AFEE300230393069B03F480634AAD5E
:1095C0000C930A22002338464146F6F7E1FE30327A
:1095D00005F8012C039A013203920C9A034689463E
:1095E00005F1FF3A0AB3079A0399127891421CD108
:1095F000FF291AD00A2F78F10008C0F0DA830E9BF9
:109600000390AAEB030A1A461099504600F00DFD8C
:10961000079B5A78039B1AB1079A013207920022DE
:1096200003921F46C8465546CBE70A2F78F100083B
:10963000F7D2BEE307F00F03129A3F09D35C0AF892
:10964000013D47EA08774FEA181857EA0803F1D1B5
:10965000AFE31BB9E80701D53027A6E70DF5947AEB
:10966000A7E3049B002B00F074838DF8C430002323
:109670008DF85B300597FFF79FBB10216160072ACB
:109680006144CDE91F210ADD029815931EAA5946AF
:1096900000F0A0FB002840F03A83159B21A8103B66
:1096A000044635E504464FE502981EAA594600F0E7
:1096B00091FB002840F02B8321AC57E502981EAAAD
:1096C000594600F087FB002840F0218321AC5DE57E
:1096D00010216160072A6144CDE91F210ADD02984B
:1096E00013931EAA594600F075FB002840F00F8323
:1096F000139B21A8103B044650E504466AE5102060
:109700000344072ACDE91F23606008DD02981EAAE2
:10971000594600F05FFB002840F0F98221A90C9B1C
:10972000103B0C930C465AE50C4675E5FCC8000846
:109730000DC90008049A652A40F33E82B5EE408BBD
:10974000F1EE10FA69D1724A22600122134420938B
:109750001F9B62601344072B1F9337DC0834189B50
:10976000039A934202DBEA077FF565AD0F9B236006
:10977000099B099A6360209B134420931F9B01332C
:10978000072B1F932CDC0834039B5E1E002E7FF7F3
:1097900052AD604F4FF01008DDE91F32102E03F17B
:1097A000010304F10801276024DC6660072B1644DE
:1097B000CDE91F3640F38A8202981EAA594600F06E
:1097C00009FB002840F0A38221AC34E502981EAAD0
:1097D000594600F0FFFA002840F0998221ACBEE71C
:1097E00002981EAA594600F0F5FA002840F08F8230
:1097F00021ACC9E71032072BCDE91F32C4F8048031
:1098000008DD02981EAA594600F0E4FA002840F04C
:109810007E8221A9103E0C46BEE7189A002A7BDC06
:109820003B4A22600122134420931F9B6260134431
:10983000072B1F9346DC08340399189B209A0B438F
:1098400005F001010B433FF4F6AC0F9B2360099B2D
:1098500063601A441F9B20920133072B1F933BDC4C
:1098600004F10803189E002E1BDA2A4F76421A468E
:109870001024DDE91F10102E01F1010103F108038E
:10988000176033DC566007290644CDE91F1608DD52
:1098900002981EAA594600F09DFA002840F037822F
:1098A00021AB039A5A600399209AC3F800A00A4496
:1098B00020921F9A0132072A1F923FF77DAF03F1D2
:1098C0000804B8E402981EAA594600F083FA00285A
:1098D00040F01D8221ACAFE702981EAA594600F065
:1098E00079FA002840F0138221ABBBE7103007293A
:1098F000CDE91F10546008DD02981EAA594600F0F9
:1099000069FA002840F0038221AB103E1A46B0E706
:109910001EC9000835CA0008039ABA42A8BF3A46D1
:10992000002A16460ADD134420931F9B0133072BA0
:10993000C4E900A21F9300F38C800834002EACBF52
:10994000BE1B3E46002E1ADDDDE91F32994820601D
:10995000102E03F1010304F1080100F38480666016
:10996000072B1644CDE91F3640F3908002981EAABB
:10997000594600F02FFA002840F0C98121AC6B0550
:1099800057440CD5069B002B00F38280B8F1000FE2
:1099900000F38180039B53449F4228BF1F46189BBE
:1099A000039A934201DBEE070ED50F9B2360099BC0
:1099B000099A6360209B134420931F9B0133072B5C
:1099C0001F9300F3E3800834189B039AA2EB03086B
:1099D0000AEB0203DB1B9845A8BF9846B8F1000FBD
:1099E000209B0ADD434420931F9B0133072BC4E9CE
:1099F00000781F9300F3D4800834189E039BB8F1BD
:109A0000000FA3EB0606A8BFA6EB0806002E7FF703
:109A100012AC684F4FF01008DDE91F32102E03F131
:109A2000010304F1080127607FF7BFAE1032072B56
:109A3000CDE91F32C4F8048008DD02981EAA5946F9
:109A400000F0C8F9002840F0628121A9103E0C46C0
:109A5000E2E702981EAA594600F0BCF9002840F03F
:109A6000568121AC6AE710200244072BCDE91F3252
:109A7000606008DD02981EAA594600F0ABF9002884
:109A800040F0458121A9103E0C465DE70C4676E783
:109A9000B8F1000F4ADD08F1FF38109B23600E9BE0
:109AA0000E9A6360209B134420931F9B0133072B66
:109AB0001F9342DC0834039B5344DA1B079B1B783B
:109AC0009A42A8BF1A46002A209B049209DD13443B
:109AD00020931F9B0133072BC4E900721F9336DCD0
:109AE0000834079B1E78049B002BA8BFF61A002E93
:109AF00018DDDDE91F322F482060102E03F101032D
:109B000004F108012DDC6660072B1644CDE91F36F1
:109B10003ADD02981EAA594600F05CF9002840F090
:109B2000F68021AC079B1B781F442BE7079B013B6A
:109B30000793069B013B0693AFE702981EAA59467E
:109B400000F048F9002840F0E28021ACB3E7029829
:109B50001EAA594600F03EF9002840F0D88021ACFA
:109B6000BFE710200244072BCDE91F32606008DDFB
:109B700002981EAA594600F02DF9002840F0C7802F
:109B800021A9103E0C46B4E70C46CBE702981EAA6A
:109B9000594600F01FF9002840F0B98021AC13E7C6
:109BA00002981EAA594600F015F9002840F0AF802F
:109BB00021AC22E735CA000803981F99012803F158
:109BC000010201F1010104F1080301DCE80772D58B
:109BD00001200729CDE91F12C4F800A0606008DD4C
:109BE00002981EAA594600F0F5F8002840F08F8030
:109BF00021AB0F9A1A60099A09995A60209A0A446F
:109C000020921F9A0132072A1F9225DC08330398FD
:109C1000B5EE408BF1EE10FADDE91F1200F1FF34D2
:109C200023D00AF10100C3E9000403980131013A8D
:109C300002440729CDE91F1246DD02981EAA5946A3
:109C400000F0C8F8002862D121AB1AAA1A60119A54
:109C50005A601199209A2AE602981EAA594600F0E5
:109C6000B9F8002853D121ABD1E7039A012AECDDE2
:109C7000564E1027DDE91F21102C02F1010203F1DD
:109C800008001E6007DC5C60072A0C44CDE91F2435
:109C9000D3DC0346D9E71031072ACDE91F215F60E5
:109CA00006DD02981EAA594600F094F878BB21A858
:109CB000103C0346DEE701200729CDE91F12C4F856
:109CC00000A06060C1DDB8E70833BEE70C46FFF7CF
:109CD000B2BA0A9B0D9A9D1A002D7FF7AFAA3C4E8F
:109CE0001027DDE91F32102D03F10103266018DC77
:109CF0006560072B1544CDE91F357FF79FAA0298B1
:109D00001EAA594600F066F800283FF497AAB9F158
:109D1000000F3FF4DBA802984946FEF7CBFBFFF7A4
:109D2000D5B81032072BCDE91F32676002DC08344A
:109D3000103DD6E702981EAA594600F04BF80028BD
:109D4000E5D121ACF4E702984946FEF7B3FBFFF7F3
:109D50008DBA209B002B3FF4B9A802981EAA594641
:109D600000F038F8FFF7B2B857EA080206953FF45A
:109D700092AB012B3FF413AC022B0DF5947A3FF418
:109D800059AC07F00703FF0847EA48774FEAD808BD
:109D9000303357EA080152460AF8013DF1D10699DD
:109DA000CD0706D5302B04D030230AF8013CA2F1B0
:109DB000020A4AAB069D0C964FF00009A3EB0A0677
:109DC000C846CDF818904F46FFF787B935CA000846
:109DD00045CA00082DE9F041156806460F461446AD
:109DE000A36808352BB900200023C4E90133BDE87E
:109DF000F08163685A1E002B6260F4DD55F8048C14
:109E0000B8F1000FECD0434655F8082C39463046DF
:109E100001F0BEFA431CE7D0A268A2EB0802A260E0
:109E2000DEE770B505460C46B9B118B1436B0BB906
:109E3000FEF764F9626EB4F90C30D60704D49805C5
:109E40000ED4A06DFEF7C0FAB4F90C3043B9636EBE
:109E5000D90702D4A06DFEF7B8FA0026304670BDCF
:109E60002146284600F034F8E36A064633B1E1693A
:109E7000284698470028B8BF4FF0FF36A3891A0636
:109E800003D521692846FEF715FB216B41B104F18A
:109E90004003994202D02846FEF70CFB00232363BF
:109EA000616C21B12846FEF705FB00236364FEF7D1
:109EB00019F90023A381636EDB0702D4A06DFEF7BE
:109EC00084FAA06DFEF77FFAFEF712F9C6E70000EC
:109ED0002DE9F0410546B1F90C0006070C4657D4B0
:109EE00040F400638B814B68002B02DCCB6B002BB2
:109EF0004CDDA66A002E49D0002310F480522F6852
:109F0000E1692B6034D0226DA389590705D56368B8
:109F1000D21A236B0BB1E36BD21A0023A66AE16954
:109F20002846B047431C06D12A681D2A48D82B4B27
:109F3000D340DE0744D5B4F90C3023F40062A2818B
:109F400000226260D9042269226004D5421C01D13A
:109F50002B6803B92065216B2F60B9B104F1400370
:109F6000994202D02846FEF7A5FA002323630DE0AC
:109F700001232846B0470246501CC5D12B68002B50
:109F8000C2D01D2B01D0162B1AD12F6000201EE04D
:109F90000F69002FFAD083070E6808BF4B690F6066
:109FA00018BF0023A6EB07088B60B8F1000FEDDDAA
:109FB000E169666A43463A462846B047002808DC0D
:109FC000B4F90C3043F04003A3814FF0FF30BDE8FB
:109FD000F0810744A8EB0008E7E700BF010040203C
:109FE00038B50C46054618B1436B0BB9FEF786F839
:109FF000B4F90C00B8B1636EDB0704D4810502D458
:10A00000A06DFEF7E1F928462146FFF761FF636E78
:10A01000DA07054605D4A3899B0502D4A06DFEF797
:10A02000D4F9284638BD0546FBE710B5013903468B
:10A0300032B111F8014F03F8014B013A002CF7D16E
:10A040001A440021934200D110BD03F8011BF9E727
:10A05000004870476407002438B5064D00230446C5
:10A0600008462B60F6F77CFC431C02D12B6803B139
:10A07000236038BD744E002438B5074D074C641B6F
:10A08000A4101CB9BDE8384002F076BB013C55F87D
:10A0900024309847F5E700BF8CCC000890CC00082E
:10A0A000082808B506D0FEF763F9162303604FF0C1
:10A0B000FF3008BD8020FCE7002210EE901A0260FD
:10A0C000154A21F00043934221D810EE102A1A437A
:10A0D0001DD0124A0A4052B99FED0D7B20EE070BAE
:10A0E00010EE901A6FF0350221F000430260026812
:10A0F0001B15A3F2FE331A446FF31E51026053EC9A
:10A10000102B41F07F5343F4001343EC102B7047A6
:10A110000000000000005043FFFFEF7F0000F07FD1
:10A120002DE9F047DFF874A00646DAF800009846FB
:10A130000F469146FEF748F9164B1C680CB9164CB1
:10A140001C606568DAF800001F2D05DDFEF73DF99B
:10A150004FF0FF30BDE8F0879EB104EB850101228E
:10A16000C1F88890D4F88831AA401343C4F88831E4
:10A17000022EC1F8088102BFD4F88C311343C4F811
:10A180008C316B1C0235636044F82570FEF71DF9B5
:10A190000020DFE77C4E0024B44E0024600200243F
:10A1A0002DE9F74F03690C69A34207467EDB013CAA
:10A1B00001F11408A30000F11405009305EB8403DA
:10A1C000019358F8243055F8242001339A4208EBC3
:10A1D0008409B2FBF3F62ED34FF0000AC446AE4614
:10A1E000D3465CF8043B98B206FB00A0020C1B0CA3
:10A1F00006FB0323DEF8002080B292B2121A5A4402
:10A20000DEF800004FEA134A9BB2C3EB224303EB94
:10A21000104392B242EA0342E1454EF8042B4FEA62
:10A22000234BDED2009BEB582BB9019B043B9D4294
:10A230001A462FD33C61384600F0A2FF002825DBE8
:10A240002946002058F8042BD1F800C01FFA82FEDE
:10A250001FFA8CF3A3EB0E030344120CC2EB234250
:10A2600002EB1C429BB243EA0243C14541F8043B66
:10A270004FEA2240E6D255F8242005EB840322B9A8
:10A28000043B9D421A460BD33C610136304603B075
:10A29000BDE8F08F1268043B002ACBD1013CC6E731
:10A2A0001268043B002AEFD1013CEAE70020EEE708
:10A2B0002DE9F04F2DED028B91B08DED020B079142
:10A2C000816B1C9E099255EC104B81460D9349B150
:10A2D000C26B4A60012393408B6000F052FD002363
:10A2E000C9F838302B1EBBBF23F000430393002373
:10A2F0000122ACBF336032608F4B039EB34314D155
:10A300000D9A42F20F731360C6F31303234300F058
:10A31000E5841D9B894F13B1FB1C1D9A13603846C1
:10A3200011B0BDEC028BBDE8F08F9DED028BB5EE58
:10A33000408BF1EE10FA09D10D9A012313601D9B99
:10A3400013B11D9A7E4B13607E4FE8E70EAA0FA94A
:10A350004846B0EE480B00F0C3FFC6F30A530E9A0E
:10A360000190002B45D0B0EE487B18EE901AC1F357
:10A37000130141F07F5141F44011A3F2FF33002556
:10A3800007EE901AB7EE086B9FED655B37EE467BE4
:10A390009FED656BA7EE056B9FED655B07EE903A51
:10A3A000B8EEE74BB0EE467BA4EE057BFDEEC76B47
:10A3B000B5EEC07BF1EE10FA16EE908A08D5B8EE35
:10A3C000E66BB4EE476BF1EE10FA18BF08F1FF38F8
:10A3D000B8F1160F2BD85C4901EBC80191ED007B59
:10A3E000B4EEC78BF1EE10FA01D508F1FF38002169
:10A3F0001EE00F9B134403F232412029C1BFC1F17B
:10A4000040018E4003F2124124FA01F1D6BFC1F19E
:10A410002001314304FA01F107EE901AB8EE677B90
:10A42000013B17EE901A0125A1F1F871A8E701216F
:10A43000D21A531E069345BFC2F1010304930023B1
:10A4400000234CBF06930493B8F1000F0C9118DB66
:10A45000069BCDF82880434406930023079A092AD7
:10A4600046D8052AC4BF043A0792079AA2F102020D
:10A47000CCBF00240124032A45D8DFE802F0353799
:10A48000170B049B0022A3EB080304930A92C8F164
:10A490000003E3E701220892099A08EB020B0BF193
:10A4A000010A5246012AB8BF012206E001220892A1
:10A4B000099A002A2ADD934692460021042000F1E1
:10A4C0001406964229D9C9F83C104846059300F075
:10A4D00033FC059B074600283CD11C4B024640F24A
:10A4E000AF111B4800F0CAFF0022E0E70022D2E7CC
:10A4F00001240022CDE907244FF0FF3B0021DA467A
:10A5000012220991D9E701220892F5E74FF0010BD9
:10A51000DA465A46CDF824B0CFE701314000CEE705
:10A5200061436F63A787D23FB3C8608B288AC63F59
:10A53000FB799F501344D33F0000F07F29C90008E6
:10A540001FC900081EC9000890CA00082DC90008CC
:10A550003EC90008BAF10E0FC9F838006ED8002CB9
:10A560006CD0B8F1000F40F3B480C94A08F00F0175
:10A5700002EBC10218F4807F92ED007B4FEA2811B4
:10A5800000F09B80C34A92ED086B88EE066B8DED60
:10A59000026B01F00F010322BE48002940F08F80BA
:10A5A0009DED026B86EE077B8DED027B0C999DED98
:10A5B000027B002900F0B380B7EE006BB4EEC67BDF
:10A5C000F1EE10FA40F1AB80BAF1000F00F0A78075
:10A5D000BBF1000F30DDB2EE046B27EE067B8DED94
:10A5E000027B08F1FF31059101325C469DED026B63
:10A5F000B1EE0C5B07EE902AB8EEE77BA7EE065BA8
:10A6000015EE902A51EC150BA2F15071002C40F080
:10A610008A80B1EE047B36EE476B41EC170BB4EE4B
:10A62000C76BF1EE10FA00F36B82B1EE477BB4EE2C
:10A63000C76BF1EE10FA23D48DED028B0F9A002A2E
:10A64000C0F22A81B8F10E0F00F32681904B03EB84
:10A65000C80393ED006B099B002B80F2C880BAF110
:10A66000000F00F3C4800BD1B1EE047B26EE076B24
:10A670009DED027BB4EEC76BF1EE10FAC0F23D82A5
:10A6800000242546099BDB4305933E464FF0000816
:10A690002146484600F075FB002D00F0A280B8F17D
:10A6A000000F05D0A84503D04146484600F069FB9D
:10A6B0002946484600F065FB93E002226CE7CC0790
:10A6C00004D590ED006B013227EE067B491008306F
:10A6D00063E722D0C8F100016D4A01F00F0002EBE0
:10A6E000C00292ED007B28EE077B8DED027B69486E
:10A6F00009110024022229B9002C3FF457AF8DED37
:10A70000027B53E7CE0705D590ED006B01320124A3
:10A7100027EE067B49100830EDE7022246E7CDF828
:10A720001480544662E75A4A02EBC40212ED024B0F
:10A73000089A41EC170B3C444AB3B6EE003BB7EE27
:10A74000002B3E4683EE045BB2EE043B35EE477BC6
:10A75000FDEEC64B14EE902AB8EEE45B303236EED6
:10A76000456BB4EEC76BF1EE10FA06F8012B38D446
:10A7700032EE465BB4EEC75BF1EE10FA6ED4A64241
:10A780003FF45AAF27EE037B26EE036BE0E721464A
:10A790003E4627EE047BB2EE043BFDEEC64B14EEC4
:10A7A000902A303206F8012BA642B8EEE45B36EE72
:10A7B000456B19D1B6EE005B37EE054BB4EEC46BBA
:10A7C000F1EE10FA4ADC35EE475BB4EEC56BF1EE04
:10A7D00010FA7FF531AF0E46013916F8013C302BE7
:10A7E000F9D0DDF8148027E026EE036BD5E79DED68
:10A7F000027BB2EE044B3E4687EE065BBDEEC55BC8
:10A8000015EE103A303306F8013BF31B9A45B8EECB
:10A81000C53BA3EE467B32D137EE077BB4EEC67B59
:10A82000F1EE10FA18DCB4EE467BF1EE10FA03D12B
:10A8300015EE103ADB070FD40199484600F0A1FA53
:10A8400000230D9A337008F1010313601D9B002B48
:10A850003FF465AD1E6062E5CDF8148033461E46B8
:10A8600013F8012D392A06D19F42F8D1059A0132F9
:10A87000059230223A701A7801321A70B1E727EE49
:10A88000047BB5EE407BF1EE10FAB5D1D4E700BF02
:10A8900090CA000868CA00080899002900F0E980F9
:10A8A0000799012900F3CB80002D00F0C48002F24B
:10A8B0003342049E1C460593049B13440493069B59
:10A8C000012113444846069300F0F6FA059B05461D
:10A8D00066B1069A002A09DDB2420499A8BF324641
:10A8E000891A04910699B61A8A1A06920BB3089A25
:10A8F000002A00F0C580002C00F0BF8029462246C7
:10A9000048460B9300F090FB019A014605464846E5
:10A9100000F0E8FA01990590484600F032FA0B9BE6
:10A920001B1B00F0B08005991A46484600F07CFBDE
:10A9300001900121484600F0BFFA0A9B0446002B13
:10A9400000F0D5811A460146484600F06DFB079B92
:10A95000012B044600F3A080029B002B40F0968060
:10A96000039BC3F31302002A40F0928023F00042BD
:10A97000120D1205002A00F08D80049B0133049310
:10A98000069B0133069301230B930A9B002B00F0D7
:10A99000B481226904EB8202106900F041FAC0F12F
:10A9A0002000069B184410F01F0000F08180C0F1C9
:10A9B0002002042A73DD049BC0F11C0003440493AD
:10A9C000069B064403440693049B002B05DD019976
:10A9D0001A46484600F068FB0190069B002B05DDF7
:10A9E00021461A46484600F05FFB04460C9B002BAC
:10A9F00060D00198214600F0C3FB00285ADA08F124
:10AA0000FF330593019900230A22484600F0C2F95A
:10AA1000089B0190002B00F07281294600230A2236
:10AA2000484600F0B7F9BBF1000F05466EDC079B06
:10AA3000022B48DC6AE00E9AC2F1360239E70AF1CD
:10AA4000FF34A34207DBBAF1000FA3EB04040BDBD6
:10AA5000049E52462FE7E21A0A9B049E13440A936F
:10AA600052462346002426E7049AA2EB0A06002257
:10AA700021E7049E089D1C462AE7019A059252E7A9
:10AA800001991A4651E7059B019352E700237BE7A2
:10AA9000029B79E70B9278E700230B9379E793D039
:10AAA000049B1C3213440493069B164413448AE708
:10AAB0000246F5E7BAF1000FCDF81480D34621DC49
:10AAC000079B022B1EDDBBF1000F7FF4DBAD21469F
:10AAD0005B460522484600F05DF9014604460198B0
:10AAE00000F04EFB00287FF7CDAD3E46312306F83F
:10AAF000013B059B01330593C8E5CDF8148054460E
:10AB00002546F2E7089B002B00F0FD80002E05DDB6
:10AB100029463246484600F0C7FA05460B9B002BF3
:10AB200057D06968484600F007F9064620B9804BBF
:10AB3000024640F2EF21D4E42A690232920005F184
:10AB40000C010C30FDF742FC01223146484600F072
:10AB5000ABFA7B1C049307EB0B030993029B03F0F6
:10AB60000103A84608930546049B0198214603F17A
:10AB7000FF3BFFF715FB4146029000F1300A0198B8
:10AB800000F0FEFA2A4606902146484600F014FBE3
:10AB9000C2680646FAB90146019800F0F1FA024689
:10ABA000314648460A9200F0ECF8079B0A9A049E48
:10ABB00042EA0301089B19430FD1BAF1390F28D09B
:10ABC000069B002B02DD029B03F1310A8BF800A0EB
:10ABD0005EE52846BDE70122E2E7069B002B04DB89
:10ABE00007990B4308990B4320D1002AEEDD019908
:10ABF0000122484600F058FA2146019000F0C0FAC0
:10AC0000002803DCE2D11AF0010FDFD0BAF1390FCE
:10AC1000D9D139238BF8003033461E46013B16F854
:10AC2000012C392A52D001321A7031E5002A07DD91
:10AC3000BAF1390FEDD00AF101038BF8003027E5A6
:10AC4000049B099A03F801AC934229D0019900238F
:10AC50000A22484600F09EF8A84501904FF00003F4
:10AC60004FF00A024146484607D100F093F880466B
:10AC70000546049B0133049376E700F08BF82946E0
:10AC8000804600230A22484600F084F80546F0E793
:10AC9000BBF1000FCCBF5E4601263E444FF00008DA
:10ACA00001990122484600F0FFF92146019000F089
:10ACB00067FA0028B0DC02D11AF0010FACD133469C
:10ACC0001E4613F8012D302AFAD0E1E49F42A4D1A8
:10ACD000059B0133059331233B70D9E41D9B154F30
:10ACE000002B3FF41CAB07F10803FFF716BB079BD3
:10ACF000012B7FF731AE0A9B0B93012051E6BBF18C
:10AD0000000F7FF7DDAE3E4601982146FFF748FA77
:10AD100000F1300A06F801ABF21B9345B8DD01994A
:10AD200000230A22484600F035F80190ECE700BF06
:10AD30002DC9000820C90008436C70B505460C46B3
:10AD40007BB16B6C53F82400A0B9012101FA04F621
:10AD5000721D9200284600F0AFFB48B1C0E90146E1
:10AD60000BE02122042100F0A7FB68640028E8D151
:10AD7000002070BD026843F824200023C0E903339B
:10AD8000F7E731B1436C4A6853F82200086043F892
:10AD9000221070472DE9F0410D6907460C461E460A
:10ADA00001F1140C0020DCF8003099B202FB0161C3
:10ADB0001E0C0B0C02FB063389B2013001EB034180
:10ADC00085424CF8041B4FEA1346ECDC0EB3A36833
:10ADD000AB4219DC616838460131FFF7ADFF8046B0
:10ADE00028B902460C4B0D48BA2100F047FB2269F6
:10ADF000023204F10C0192000C30FDF7E7FA214613
:10AE00003846FFF7BEFF444604EB850301355E611B
:10AE100025612046BDE8F0812DC9000896C90008CB
:10AE2000B0F5803F034636BF030400201020B3F185
:10AE3000807F3CBF1B020830B3F1805F3CBF1B0129
:10AE40000430B3F1804F3CBF9B000230002B05DB88
:10AE500013F0804F00F1010008BF20207047036805
:10AE6000024613F007000BD0D90721D4980749BF39
:10AE70005B089B08012013605CBF136002207047D1
:10AE800099B209B91B0C1020D9B209B908301B0AB4
:10AE9000190704BF1B090430990704BF9B0802303F
:10AEA000D90703D45B0800F1010003D01360704799
:10AEB000002070472020704710B50C460121FFF795
:10AEC0003BFF024628B9054B054840F2451100F00A
:10AED000D5FA01234461036110BD00BF2DC90008EC
:10AEE00096C900082DE9F04F17460A693B699A4256
:10AEF000A8BF3B468946A4BF0F4699463D69D9F88D
:10AF000010A0BB68796805EB0A06B34285B0B8BFEC
:10AF10000131FFF711FF30B90246414B41484FF470
:10AF2000B17100F0ABFA00F1140404EB860E234675
:10AF30000022734520D307F1140809F1140108EB2E
:10AF4000850501EB8A030293EB1B153B23F00303FA
:10AF500004331537BD4238BF04230193029B03918C
:10AF60008B420CD8002E03DD5EF8043D002B55D03B
:10AF7000066105B0BDE8F08F43F8042BD9E7B1F8BE
:10AF800000A0BAF1000F1FD0C446A14600275CF80C
:10AF9000042BD9F800301FFA82FB9BB20AFB0B335B
:10AFA0003B44D9F80070120C3F0C0AFB027202EB12
:10AFB00013429BB243EA0243654549F8043B4FEA1A
:10AFC0001247E4D8019BE750039BB3F80290043189
:10AFD000B9F1000F20D023684746A4464FF0000A7D
:10AFE000B7F800B0BCF8022009FB0B2252449BB218
:10AFF00043EA02434CF8043B57F8043B4FEA134A38
:10B00000BCF8003009FB0A3303EB1243BD424FEAA0
:10B01000134AE5D8019AA35004349FE7013EA1E703
:10B020002DC9000896C900082DE9F843154612F00D
:10B03000030207460E4607D01A4C013A002354F883
:10B040002220FFF7A7FE0646AD1027D03C6C44B97E
:10B0500040F271213846FFF72FFF00233864044681
:10B0600003604FF00009EB070AD531462246384607
:10B07000FFF738FF314680463846FFF782FE4646E6
:10B080006D100BD0206838B9224621463846FFF7AC
:10B0900029FF2060C0F800900446E4E73046BDE890
:10B0A000F88300BF58CA00082DE9F0470C464968EC
:10B0B000236903EB6218A368074691464FEA621AB8
:10B0C00008F10106B3420BDB3846FFF735FE0546B3
:10B0D00048B90246284B29484FF4EF7100F0CEF9E9
:10B0E00001315B00EEE7002300F1140100F11002D2
:10B0F0001846534533DB20692AEAEA7A04F114033F
:10B1000019F01F0901EB8A0103EB800C2BD0C9F168
:10B11000200E8A460022186800FA09F010434AF807
:10B12000040B53F8042B9C4522FA0EF2F3D8ACEB37
:10B130000403153B23F00303043304F115006045B9
:10B1400088BF0423CA500AB108F10206013E3846FE
:10B150002E612146FFF715FE2846BDE8F08742F82C
:10B16000040F0133C5E7043953F8042B41F8042FC9
:10B170009C45F9D8EAE700BF2DC9000896C9000828
:10B180000A6903460069801A30B50ED114331431B0
:10B1900003EB820401EB820154F8045D51F8042DA5
:10B1A000954203D005D24FF0FF3030BDA342F3D318
:10B1B000FBE70120F9E700002DE9F74F8946064635
:10B1C000114648461446FFF7DBFF051E12D12946FB
:10B1D0003046FFF7B1FD024628B93F4B40F2372118
:10B1E0003E4800F04BF90123C0E90435104603B096
:10B1F000BDE8F08FBCBF4B46A1463046D9F80410DD
:10B20000BABF1C4601250025FFF796FD024618B976
:10B21000314B40F24521E3E7D9F810702669C5604B
:10B2200009F1100309F1140504F1140E00F1140BD7
:10B2300005EB87080EEB86060193D9464FF0000C0C
:10B24000019B5EF8040B53F804AF01931FFA8AF3D5
:10B25000194683B2CB1A000C6344C0EB1A4000EBD2
:10B2600023409BB243EA0043764549F8043B4FEA4A
:10B27000204CE5D8331B153B23F00303153404336E
:10B28000A64238BF04231D445B441E462C46444559
:10B290000ED308F10301491B21F00301033DA8452A
:10B2A00038BF00210B4453F8041D91B117619DE78D
:10B2B00054F8041BE646080C1CFA81FC714400EBB0
:10B2C0002C4089B241EA004146F8041B4FEA204C69
:10B2D000DDE7013FE7E700BF2DC9000896C9000878
:10B2E0002DE9F7430F46012159EC108B1646FFF765
:10B2F00023FD044630B90246234B244840F20F3167
:10B3000000F0BCF8C9F30A55C9F313030DB143F4B7
:10B3100080130193B8F1000323D068460093FFF730
:10B320009EFDDDE90012D0B1C0F1200302FA03F363
:10B330000B43C24063610192019BA361002B0CBFD0
:10B34000012202222261A5B1A5F2334505443D60E8
:10B35000C0F135003060204603B0BDE8F083616184
:10B36000EAE701A8FFF77BFD019B63612030012222
:10B37000E8E704EB8203A0F2324038601869FFF777
:10B380004FFDC0EB4210E5E72DC9000896C9000843
:10B390002DE9F0478E681F46BE420B6882460C4678
:10B3A00090462DD8B1F90C2012F4906F26D0656923
:10B3B000096905EB4505A3EB010905EBD5757B1C78
:10B3C0004B446D109D4238BF1D46530527D5294675
:10B3D000FDF730F9064660B321694A46FCF7F6FFEF
:10B3E000A38923F4906343F08003A3812661656100
:10B3F0004E44A5EB09052660A5603E46BE4200D935
:10B400003E4620683246414600F01DF8A3689B1B6B
:10B41000A3602368334423600020BDE8F0872A46F8
:10B4200000F092F806460028E0D121695046FDF769
:10B4300041F80C23CAF80030A38943F04003A381EC
:10B440004FF0FF30E9E7884210B501EB020402D962
:10B450008442234607D8431EA14208D011F8012B8D
:10B4600003F8012FF8E7024401468A4200D110BDDB
:10B4700013F8014D02F8014DF7E700001FB514461F
:10B480001A46094B1B680546D8684CB1074B00911A
:10B49000CDE9013406492B4600F00CFA01F094F88E
:10B4A000044B1C46F3E700BF1C010024F9C9000847
:10B4B00006CA000834CA000838B5A1FB021535B920
:10B4C000FDF7B8F8044638B90024204638BDFCF72B
:10B4D0004FFF0C230360F7E750F8042C22F003021F
:10B4E000043A242A19D8132A15D91B2AC0E9005571
:10B4F00006D800F108030022C3E900229A60E4E7BD
:10B50000242AC0E9025511BF00F11003056100F1C2
:10B5100018034561EFE70346EDE72946FCF7DAFE3D
:10B52000D3E782B001B901A942B14BB113780B60E6
:10B530001278101E18BF012002B070471046FBE7BA
:10B540006FF00100F8E700002DE9F74F82469346BF
:10B550000C4629B9114603B0BDE8F04FFDF76AB8B3
:10B56000FDF7A2FA0BF10B0854F8045CB8F1160FC2
:10B57000A4F1080925F0030608D938F0070807D513
:10B580000C23CAF800304FF0000B32E04FF01008E7
:10B59000C345F5D8464580F274819E4BD3F808C068
:10B5A00009EB06018C45486805D020F001020A44E9
:10B5B0005268D70749D420F003008C4506EB0007FA
:10B5C0001BD108F11002BA4241DC09EB0802A7EBDB
:10B5D000080747F001079A60576054F8043C03F0ED
:10B5E000010343EA080344F8043C5046FDF762FABD
:10B5F000A346584603B0BDE8F08FB84527DCD1E933
:10B600000223D3609A60D9F80430A7EB08000F2812
:10B6100003F0010309EB070240F2358109EB080151
:10B6200048EA030340F00100C9F804304860536859
:10B6300043F00103536008315046FCF73BFF50468E
:10B64000FDF738FA09F1080BD3E700200146EA07B5
:10B6500000F1C78054F8085CA9EB05056A6822F080
:10B66000030232440192002900F086808C4500EBF1
:10B67000020749D108F11002BA427DDCAB46EA6804
:10B680005BF8081FCA609160321F242A36D8132A3B
:10B6900032D92168A9606168E9601B2A1AD8083488
:10B6A00005F110022168116061685160A168916024
:10B6B00005EB0802A7EB080747F001079A605760FF
:10B6C0006B6803F0010343EA08036B605046FDF723
:10B6D000F1F98EE7A1682961E1686961242A01BF57
:10B6E0002269AA616169E96119BF103405F1180284
:10B6F00005F120021834D5E75A46D3E721465846CB
:10B70000FFF7A1FE434BD3E7B84535DCD1E902236F
:10B710002846D3609A6050F8082FEB68D3609A608F
:10B72000321F242A24D8132A08D92368AB606368FF
:10B73000EB601B2A0AD8083405F110002368036067
:10B7400063684360A3688360A9465CE7A3682B61D4
:10B75000E3686B61242A01BF2369AB616369EB6114
:10B7600019BF103405F1180005F120001834E5E781
:10B770002146FFF768FEE7E7019B984531DC284644
:10B78000EB6850F8082FD3609A60321F242A24D81F
:10B79000132A08D92368AB606368EB601B2A0AD8B8
:10B7A000083405F110002368036063684360A368F0
:10B7B0008360019FC8E7A3682B61E3686B61242A5B
:10B7C00001BF2369AB616369EB6119BF103405F1F7
:10B7D000180005F120001834E5E72146FFF733FE95
:10B7E000E7E759465046FCF725FF834618B950460F
:10B7F000FDF760F9C7E654F8043C23F001034B441D
:10B80000A0F10802934207D150F8047C27F0030707
:10B810003744F8E66C020024321F242A2DD8132A5C
:10B8200028D923680360636843601B2A0ED804F19B
:10B83000080200F1080311681960516859609268A4
:10B840009A6021465046FCF735FE3FE7A3688360C7
:10B85000E368C360242A01BF236903616169416110
:10B8600019BF04F1100200F1100304F1180200F1F5
:10B870001803E0E703462246DDE72146FFF7E3FD34
:10B88000DFE73746BFE61F43C9F80470536843F04B
:10B8900001035360D3E600BF0346084641B1FF2AC7
:10B8A00004D98A221A604FF0FF3070470A700120D5
:10B8B000704700000EB403B5014603AB054853F8CA
:10B8C000042B0068019300F007F802B05DF804EB68
:10B8D00003B070471C0100242DE9F04FBBB00F46A8
:10B8E00093461C461D46009018B1436B0BB9FCF7FC
:10B8F00005FC7B6EDA0705D4BB899B0502D4B86DC5
:10B90000FCF762FDB7F90C309E0406D47A6E43F45E
:10B91000005322F40052BB817A667B6E980408D5EE
:10B92000D90712D54FF0FF33039303983BB0BDE81E
:10B93000F08FBB891A0701D53B696BB9009839466E
:10B9400000F0ECFD40B17B6EEAE7BB899B05E9D4D2
:10B95000B86DFCF73AFDE5E7B7F90C3003F01A02D1
:10B960000A2A14D1B7F90E20002A10DB7A6ED60706
:10B9700004D49D0502D4B86DFCF727FD009823463A
:10B980005A4639463BB0BDE8F04F00F02DBC0023CD
:10B99000CDE90F33CDE90533CDE9073311AE0E966E
:10B9A00003935B461C4613F8012B0AB1252AF9D1F3
:10B9B000B4EB0B080DD0109B434410930F9B013345
:10B9C000072BC6E900B80F9375DC0836039B434488
:10B9D00003932378002B00F0C98300234FF0FF323C
:10B9E000CDE9012301348DF833309A46A3461BF884
:10B9F000013BA3F120025A2A00F21283DFE812F081
:10BA00009A0010031003A200100310031003820019
:10BA100010031003A500AF001003AC00B100100329
:10BA2000CD00D000D000D000D000D000D000D00099
:10BA3000D000D000100310031003100310031003F4
:10BA4000100310031003F60003011003100310038A
:10BA5000100310031003100310031003100351010F
:10BA60001003100310039801100377021003100352
:10BA700097021003100310031003100310031003A8
:10BA8000100310031003F600050110031003100348
:10BA9000DF000501F0001003EA001003310153013B
:10BAA0008801F00010039801980079021003100338
:10BAB00065001003980000980EAA394600F0D4FBE8
:10BAC000002840F0328311AE80E7984A05921AF0C0
:10BAD000200200F02E82073525F00705A8466D6884
:10BAE00058F8084B1AF0010F09D054EA05021FBF9D
:10BAF00030228DF834208DF835304AF0020A2AF4CD
:10BB0000806A11E10098FEF7A3FA4368089318468B
:10BB1000F4F736FC07900098FEF79AFA83680693CC
:10BB2000079B2BB1069B1BB11B780BB14AF4806AB3
:10BB30005C465BE79DF83330002BF9D120238DF86C
:10BB40003330F5E74AF0010AF2E755F8043B029377
:10BB5000002BEDDA5B4202934AF0040AE8E72B235C
:10BB6000EDE75A4612F8013B2A2B13D155F8043B56
:10BB700043EAE37301939346DAE712F8013B04FBCF
:10BB80000101A3F130000928F7D941EAE1710191DF
:10BB900093462EE700210A24F3E74AF0800AC7E71C
:10BBA000002202920A21029A303B01FB02330293E7
:10BBB0001BF8013BA3F13002092AF4D919E79BF8DD
:10BBC0000030682B06BF0BF1010B4AF4007A4AF0F3
:10BBD000400AADE79BF800306C2B04D10BF1010B50
:10BBE0004AF0200AA4E74AF0100AA1E7A846002478
:10BBF00058F8043B8DF884308DF8334001230193CD
:10BC00000DF18409A9E04AF0100A1AF0200F11D0B2
:10BC1000073525F00705A8466D6858F8084B002D34
:10BC200006DA64424FF02D0365EB45058DF833309D
:10BC3000012348E0A8461AF0100F58F8045B02D020
:10BC40002C46ED17EBE71AF0400F03D02CB245F36A
:10BC5000C035E4E71AF4007FF2D06CB245F3C015AA
:10BC6000DDE71AF0200F07D0039A2B680399D2174B
:10BC7000C3E90012043594E61AF0100F03D02B68C4
:10BC8000039A1A60F6E71AF0400F03D02B68039A64
:10BC90001A80EFE71AF4007FF1D02B68039A1A702C
:10BCA000E8E74AF0100A1AF020031FD0073525F004
:10BCB0000705A8466D6858F8084B2AF4806A0023E7
:10BCC00000228DF83320019A002AC0F25C822AF00B
:10BCD0008002049254EA050240F05B82019A002A35
:10BCE00000F09581012B40F0578239E1A8461AF007
:10BCF000100558F8044B01D01D46DEE71AF040034A
:10BD000001D0A4B2D9E71AF40075D6D0E4B2F3E7B3
:10BD1000A84647F63003ADF8343058F8044B034BCF
:10BD2000059300254AF0020A0223C9E7FCC800086F
:10BD3000019BA8460025AB4258F8049B8DF8335070
:10BD4000C0F2D0801A4629464846F4F7C9FA04469C
:10BD500018B1A0EB090301932C46019BA342B8BF85
:10BD6000234604939DF8333013B1049B01330493AD
:10BD70001AF0020309931EBF049B023304931AF0C6
:10BD800084030A931FD1029B049A9D1A002D1ADD89
:10BD9000A84B3360DDE90F2C102D02F1010206F1F2
:10BDA000080000F34D817560072A6544CDE90F2531
:10BDB00040F3598100980EAA394600F055FA002840
:10BDC00040F0B38111AE9DF83310DDE90F3261B15F
:10BDD0000DF133010133316001210A44072BCDE914
:10BDE0000F32716000F3418108360999DDE90F32A5
:10BDF00059B10DA90133316002210A44072BCDE965
:10BE00000F32716000F33A8108360A9B802B1FD1F4
:10BE1000029B049A9D1A002D1ADD874B3360DDE9E1
:10BE20000F2C102D02F1010206F1080000F32F8102
:10BE30007560072A6544CDE90F2540F33B810098E2
:10BE40000EAA394600F010FA002840F06E8111AEBB
:10BE5000019BE41A002C1ADDDDE90F3276483060D0
:10BE6000102C03F1010306F1080100F32581746031
:10BE7000072B1444CDE90F3440F32F8100980EAA0C
:10BE8000394600F0F1F9002840F04F8111AE019BD6
:10BE9000019A7360109BC6F80090134410930F9B97
:10BEA0000133072B0F9300F31A8106F108031AF0F0
:10BEB000040F40F01C81DDE9022304998A42ACBFE3
:10BEC0009B185B180393109B3BB100980EAA394650
:10BED00000F0CAF9002840F0288100230F9345465E
:10BEE00011AE5EE54846F4F74BFA019034E74AF0AC
:10BEF000100A1AF0200308D0073525F00705A846D8
:10BF00006D6858F8084B0123DAE6A8461AF01005C8
:10BF100058F8044B01D01D46F5E71AF0400301D054
:10BF2000A4B2F0E71AF40075EDD0E4B2F3E7434AA7
:10BF3000CCE5A8461AF0100558F8044B01D0154678
:10BF4000D0E51AF0400201D0A4B2CBE51AF4007596
:10BF50003FF4C8ADE4B2F2E70A2C75F1000306D253
:10BF60003034E4B28DF8E7400DF1E70930E13AAB47
:10BF70000993049B03F480634FF0000A0A930A229A
:10BF8000002320462946F4F703FA0B910999303231
:10BF900001F8012C0A9A034601F1FF390AF1010A5E
:10BFA00012B3069A127852451ED1BAF1FF0F1BD078
:10BFB0000A2C75F10005C0F00B81079B0990A9EBD5
:10BFC00003091A4608994846FEF72FF8069B5A7847
:10BFD000099B12B1069A013206924FF0000A0B9D9E
:10BFE000CDF824901C46CAE70A2C75F10005F6D25C
:10BFF000EEE004F00F03059A2409D35C09F8013D33
:10C0000044EA05742D0954EA0503F2D1E0E023B9AE
:10C010001AF0010F01D03024A4E70DF1E809D7E0B0
:10C02000002B00F0A38000248DF884308DF833407D
:10C03000A846E3E569CC000859CC00080DC9000802
:10C0400010217160072A6144CDE90F2108DD0098B5
:10C050000EAA394600F008F9002866D1604B11A8F5
:10C06000103D064695E60646ADE600980EAA39460E
:10C0700000F0FAF8002858D111AEB6E600980EAAE2
:10C08000394600F0F1F800284FD111AEBDE610217D
:10C090007160072A6144CDE90F2108DD00980EAADE
:10C0A000394600F0E1F800283FD14E4B11A8103D71
:10C0B0000646B3E60646CBE610200244072BCDE940
:10C0C0000F32706006DD00980EAA394600F0CCF8F9
:10C0D00058BB11A9103C0E46BEE60E46D7E60098A6
:10C0E0000EAA394600F0C0F8F8B911ABDFE6029AA3
:10C0F0000499541A002C7FF7DEAE394D1026DDE985
:10C100000F21102C02F101021D601DDC5C60072A6A
:10C110000C44CDE90F247FF7CEAE00980EAA394625
:10C1200000F0A2F800283FF4C6AE7B6ED90705D414
:10C13000BB899A0502D4B86DFCF747F9BB895B0649
:10C140007FF5F3ABFFF7EEBB1031072ACDE90F21E6
:10C150005E6002DC0833103CD1E700980EAA394635
:10C1600000F082F80028E0D111ABF4E7109B13B97E
:10C1700000230F93D9E700980EAA394600F074F80F
:10C180000028F5D0D1E754EA0502CDF810A03FF41D
:10C19000A9AD012B3FF4E0AE022B0DF1E8093FF40D
:10C1A00028AF04F00703E40844EA4574ED0830338F
:10C1B00054EA05014A4609F8013DF2D10499C8073D
:10C1C00006D5302B04D0302309F8013CA2F1020936
:10C1D0003AABA3EB0903019CDDF810A00193BCE589
:10C1E00069CC000859CC0008F0B51F468B89ADF228
:10C1F0006C4D23F00203ADF80C304B6E1993CB89D4
:10C20000ADF80E30CB6907934B6A09931AAB0093D4
:10C2100004934FF48063154606460293059316A8CF
:10C2200000230C460693FCF7CDF82A463B466946A8
:10C230003046FFF751FB051E07DB69463046FDF728
:10C24000CFFE002818BF4FF0FF35BDF80C30169810
:10C250005B0642BFA38943F04003A381FCF7B3F818
:10C2600028460DF26C4DF0BD936810B5144633B1FD
:10C2700000F008F80023A3600023636010BD184697
:10C28000FAE7000093682DE9F74F06460C46914601
:10C290001BB9002003B0BDE8F08F8B89180750D57B
:10C2A0000B69002B4DD0B4F90C30D9F8008013F095
:10C2B00002076BD113F0010300F09C803846BA46A8
:10C2C000BB46BBF1000F00F0038150B95A460A216A
:10C2D0005046F4F705F8002800F000810130A0EB8B
:10C2E0000A0720682169A56863695F453A4628BF47
:10C2F0005A46884240F2F5801D44AA4240F3F1803C
:10C3000051462A46FFF79FF823682B4423602146B5
:10C310003046FDF765FE002867D17F1B40F0F980AD
:10C3200021463046FDF75CFE00285ED1D9F8083082
:10C330005B1BAA44ABEB050BC9F80830002BC0D13E
:10C34000A7E72146304600F0E9F80028ABD04FF0CF
:10C35000FF309FE7D8E900A508F10808D4F824B019
:10C36000E169002DF6D0BD422B46524628BF3B4620
:10C370003046D847002838DDD9F808301B1A8244E7
:10C380002D1AC9F80830002BE8D182E74FF0000AD7
:10C39000614F5546E2E7D8E9007A08F10808B4F998
:10C3A0000C302068A268BAF1000FF4D0990563D56B
:10C3B000524536D813F4906F33D021696569A0EBEC
:10C3C000010B05EB450505EBD5750BF101026D1071
:10C3D0005244954238BF15465B053DD52946304647
:10C3E000FCF728F948B90C233360A38943F04003D4
:10C3F000A381ACE71F469A46D1E75A4621690190CE
:10C40000FBF7E4FFA289019B22F4906242F08002D4
:10C41000A281236165615B44A5EB0B052360524655
:10C42000A560524528BF5246206801923946FFF761
:10C430000AF8A368019A9B1AA3602368134455461F
:10C440002360D9F808305B1B2F44AAEB050AC9F812
:10C450000830002BA3D11CE72A463046FFF774F8BA
:10C4600003460028D5D121693046FCF723F8A3897B
:10C4700023F08003A381B6E72369834202D3616975
:10C48000514515D9524528BF524639461546FEF743
:10C49000DAFFA36822685B1B2A44A3602260002B9A
:10C4A000CFD121463046FDF79BFD0028C9D09CE73F
:10C4B0006FF00043534528BF5346656A93FBF1F381
:10C4C0003A464B433046E169A847051EB9DC8CE784
:10C4D000D8E900AB002008F10808F2E60BF10107EB
:10C4E000FFE6934208DC656AE16952463046A84798
:10C4F000051E3FF712AF78E751460192FEF7A3FF02
:10C50000019AA3689B1AA36023681344236015460D
:10C5100003E701200AE700BF00FCFF7F38B5294B85
:10C52000054618680C4618B1436B0BB9FBF7E6FDDE
:10C53000B4F90C30190722D4DA0607D409222A608C
:10C5400043F04003A3814FF0FF3033E0580712D58A
:10C55000216B41B104F14003994202D02846FBF718
:10C56000A9FF00232363A38923F02403A3810023CD
:10C57000636023692360A38943F00803A3812369CF
:10C580004BB9A38903F42073B3F5007F03D0214690
:10C59000284600F048F8B4F90C3013F001020AD034
:10C5A0000022A26062695242A261226942B913F07C
:10C5B0008000C5D138BD990758BF6269A260F4E711
:10C5C0000020F7E71C01002408B5062000F090F8D1
:10C5D0000120F4F795F970B50C46B1F90E10002959
:10C5E00096B015461E4607DAA18911F0800117D1D1
:10C5F0004FF4806308460FE06A4600F081F8002897
:10C60000F2DB019901F47041A1F5005359425941FF
:10C610004FF400604FF4806331602B6016B070BD42
:10C6200000214023E6E78B89F7B59D0706460C46B7
:10C6300007D504F14303236023610123636103B041
:10C64000F0BD01AB6A46FFF7C6FF009F05463946BD
:10C650003046FBF7EFFF48B9B4F90C309A05EED439
:10C6600023F0030343F00203A381E2E7A3892060E0
:10C6700043F08003A381019BC4E904075BB1B4F9D3
:10C680000E10304600F04EF828B1A38923F00303C2
:10C6900043F00103A381A3891D43A581CFE71F298F
:10C6A00038B505460C4604D9162303604FF0FF3019
:10C6B00038BDD0F8382112B152F821304BB9284694
:10C6C00000F052F8224601462846BDE8384000F006
:10C6D00039B8012B0AD0591C03D11623036001205D
:10C6E000E6E7002142F82410204698470020DFE7C3
:10C6F000024B01461868FFF7D2BF00BF1C0100249F
:10C7000038B5074D00230446084611462B60F4F760
:10C710001EF9431C02D12B6803B1236038BD00BF52
:10C72000744E002438B5064D0023044608462B609D
:10C73000F4F712F9431C02D12B6803B1236038BD12
:10C74000744E002438B5074D0023044608461146B0
:10C750002B60F4F7CDF8431C02D12B6803B12360A2
:10C7600038BD00BF744E0024F4F7C0B8F8B500BF60
:10C77000F8BC08BC9E467047F8B500BFF8BC08BCC2
:04C780009E4670471A
:10C78800256300005B25645D2025640D0A00000018
:10C7980025303458092573005553415254312044EB
:10C7A80045425547202000005553415254322052EB
:10C7B8005334383520200000555341525433204516
:10C7C8005854202020200000555342202020205576
:10C7D8005342202020200000757362426567696E0D
:10C7E800202020202009093A204344435F4D4F442C
:10C7F800450D0A00424F4F542035353535414141EA
:10C808004100000053544D333220566972747561EB
:10C818006C20436F6D506F727400000053544D6963
:10C8280063726F656C656374726F6E696373000021
:10C8380043444320436F6E666967000043444320C6
:10C84800496E74657266616365000000000000004F
:10C858000102030401020304060708090010025834
:10C8680008000100A0C7000800100140C02F0024E4
:10C87800202E00240000000000000000B0C70008BF
:10C88800004400402C2F0024A82D002400000000A4
:10C8980001000000C0C7000800480040982E00248E
:10C8A800302D00240000000000000000D0C7000860
:10C8B8000000000000000000000000000000000070
:10C8C8000000000000061016000610160100020005
:10C8D8000400060008000A000C00100020004000B8
:10C8E80080000001494E4600696E66004E414E00C8
:10C8F8006E616E0030313233343536373839616223
:10C90800636465660030313233343536373839413F
:10C918004243444546003000496E66696E69747941
:10C92800004E614E0042616C6C6F632073756363E7
:10C938006565646564002F6275696C642F676E7540
:10C948002D746F6F6C732D666F722D73746D333227
:10C958005F31332E332E72656C312E3230323430E3
:10C968003932362D313731352F7372632F6E657733
:10C978006C69622F6E65776C69622F6C6962632FD0
:10C988007374646C69622F64746F612E63002F6224
:10C9980075696C642F676E752D746F6F6C732D6677
:10C9A8006F722D73746D33325F31332E332E72658F
:10C9B8006C312E32303234303932362D3137313510
:10C9C8002F7372632F6E65776C69622F6E65776C53
:10C9D80069622F6C6962632F7374646C69622F6D6E
:10C9E800707265632E63004300504F534958002E00
:10C9F800002C2066756E6374696F6E3A200061734F
:10CA080073657274696F6E202225732220666169CE
:10CA18006C65643A2066696C6520222573222C2097
:10CA28006C696E65202564257325730A00303030E3
:10CA3800303030303030303030303030302020201E
:10CA4800202020202020202020202020200000003E
:10CA580005000000190000007D0000000000000033
:10CA68000080E03779C34143176E05B5B5B89346E2
:10CA7800F5F93FE9034F384D321D30F94877825AAE
:10CA88003CBF737FDD4F1575000000000000F03FCC
:10CA98000000000000002440000000000000594091
:10CAA8000000000000408F40000000000088C340E4
:10CAB80000000000006AF8400000000080842E4159
:10CAC80000000000D01263410000000084D79741A5
:10CAD8000000000065CDCD41000000205FA00242AB
:10CAE800000000E876483742000000A2941A6D4220
:10CAF800000040E59C30A2420000901EC4BCD64213
:10CB080000003426F56B0C430080E03779C34143BD
:10CB180000A0D8855734764300C84E676DC1AB4333
:10CB2800003D9160E458E143408CB5781DAF154451
:10CB380050EFE2D6E41A4B4492D54D06CFF080442C
:10CB4800F64AE1C7022DB544B49DD9794378EA4441
:10CB580000202020202020202020282828282820C5
:10CB680020202020202020202020202020202020BD
:10CB78002088101010101010101010101010101025
:10CB88001004040404040404040404101010101015
:10CB980010104141414141410101010101010101DF
:10CBA8000101010101010101010101011010101031
:10CBB80010104242424242420202020202020202B1
:10CBC8000202020202020202020202021010101005
:10CBD800200000000000000000000000000000002D
:10CBE800000000000000000000000000000000003D
:10CBF800000000000000000000000000000000002D
:10CC0800000000000000000000000000000000001C
:10CC1800000000000000000000000000000000000C
:10CC280000000000000000000000000000000000FC
:10CC380000000000000000000000000000000000EC
:10CC480000000000000000000000000000000000DC
:10CC580000303030303030303030303030303030FC
:10CC680030202020202020202020202020202020AC
:04CC78002000000098
:08CC7C006436FF7F0100000097
:08CC8400E9830008C502000865
:04CC8C00A1020008F9
:10CC90000090D0030090D00301010000090243007E
:10CCA000020100C032090400000102020100052453
:10CCB00000100105240100010424020205240600DD
:10CCC000010705820308001009040100020A0000A0
:10CCD0000007050102400000070581024000000036
:10CCE00013170008AF160008951500080000000093
:10CCF000BD13000819150008E1140008251B0008E1
:10CD00000000000000000000991400085114000801
:10CD100009140008FD1300080A0600020000004084
:10CD200001000000DD190008B9180008C518000846
:10CD3000611900085D19000800C201000000080028
:10CD4000FCC700081A0300000000000000000000FB
:10CD500000000000000000000000000000000000D3
:10CD60000403090412010002020200408304405738
:10CD70000002010203010000B11B0008BD1B0008F6
:10CD8000811C00085D1C0008491C00089D1C00084F
:10CD9000C11C00080000000001000000100000009D
:10CDA0000000000003000000384D00242001002492
:10CDB00000000000384D0024A04D0024084E00243F
:10CDC0000000000000000000000000000000000063
:10CDD0000000000000000000000000000000000053
:10CDE0000000000000000000000000000000000043
:10CDF0000000000000000000000000000000000033
:10CE00000000000000000000000000000000000022
:10CE10000000000000000000000000000000000012
:10CE20000000000000000000000000000000000002
:10CE300000000000000000000000000000000000F2
:10CE400000000000000000000100000000000000E1
:10CE50000E33CDAB34126DE6ECDE05000B000000A6
:10CE600000000000000000000000000000000000C2
:10CE700000000000000000000000000000000000B2
:10CE800000000000000000000000000000000000A2
:10CE90000000000000000000000000000000000092
:10CEA0000000000000000000000000000000000082
:10CEB0000000000000000000000000000000000072
:10CEC0000000000000000000000000000000000062
:10CED0000000000000000000000000000000000052
:10CEE0000000000000000000000000000000000042
:10CEF000794E0024FFFFFFFF000002000000000049
:10CF0000000000006C0200246C0200247402002463
:10CF1000740200247C0200247C0200248402002489
:10CF2000840200248C0200248C0200249402002439
:10CF3000940200249C0200249C020024A4020024E9
:10CF4000A4020024AC020024AC020024B402002499
:10CF5000B4020024BC020024BC020024C402002449
:10CF6000C4020024CC020024CC020024D4020024F9
:10CF7000D4020024DC020024DC020024E4020024A9
:10CF8000E4020024EC020024EC020024F402002459
:10CF9000F4020024FC020024FC0200240403002408
:10CFA000040300240C0300240C03002414030024B5
:10CFB000140300241C0300241C0300242403002465
:10CFC000240300242C0300242C0300243403002415
:10CFD000340300243C0300243C03002444030024C5
:10CFE000440300244C0300244C0300245403002475
:10CFF000540300245C0300245C0300246403002425
:10D00000640300246C0300246C03002474030024D4
:10D01000740300247C0300247C0300248403002484
:10D02000840300248C0300248C0300249403002434
:10D03000940300249C0300249C030024A4030024E4
:10D04000A4030024AC030024AC030024B403002494
:10D05000B4030024BC030024BC030024C403002444
:10D06000C4030024CC030024CC030024D4030024F4
:10D07000D4030024DC030024DC030024E4030024A4
:10D08000E4030024EC030024EC030024F403002454
:10D09000F4030024FC030024FC0300240404002403
:10D0A000040400240C0400240C04002414040024B0
:10D0B000140400241C0400241C0400242404002460
:10D0C000240400242C0400242C0400243404002410
:10D0D000340400243C0400243C04002444040024C0
:10D0E000440400244C0400244C0400245404002470
:10D0F000540400245C0400245C0400246404002420
:10D10000640400246C0400246C04002474040024CF
:10D11000740400247C0400247C040024840400247F
:10D12000840400248C0400248C040024940400242F
:10D13000940400249C0400249C040024A4040024DF
:10D14000A4040024AC040024AC040024B40400248F
:10D15000B4040024BC040024BC040024C40400243F
:10D16000C4040024CC040024CC040024D4040024EF
:10D17000D4040024DC040024DC040024E40400249F
:10D18000E4040024EC040024EC040024F40400244F
:10D19000F4040024FC040024FC04002404050024FE
:10D1A000040500240C0500240C05002414050024AB
:10D1B000140500241C0500241C050024240500245B
:10D1C000240500242C0500242C050024340500240B
:10D1D000340500243C0500243C05002444050024BB
:10D1E000440500244C0500244C050024540500246B
:10D1F000540500245C0500245C050024640500241B
:10D20000640500246C0500246C05002474050024CA
:10D21000740500247C0500247C050024840500247A
:10D22000840500248C0500248C050024940500242A
:10D23000940500249C0500249C050024A4050024DA
:10D24000A4050024AC050024AC050024B40500248A
:10D25000B4050024BC050024BC050024C40500243A
:10D26000C4050024CC050024CC050024D4050024EA
:10D27000D4050024DC050024DC050024E40500249A
:10D28000E4050024EC050024EC050024F40500244A
:10D29000F4050024FC050024FC05002404060024F9
:10D2A000040600240C0600240C06002414060024A6
:10D2B000140600241C0600241C0600242406002456
:10D2C000240600242C0600242C0600243406002406
:10D2D000340600243C0600243C06002444060024B6
:10D2E000440600244C0600244C0600245406002466
:10D2F000540600245C0600245C0600246406002416
:10D30000640600244300000000000000000000004C
:10D31000000000000000000000000000000000000D
:10D3200000000000430000000000000000000000BA
:10D3300000000000000000000000000000000000ED
:10D34000000000004300000000000000000000009A
:10D3500000000000000000000000000000000000CD
:10D36000000000004300000000000000000000007A
:10D3700000000000000000000000000000000000AD
:10D38000000000004300000000000000000000005A
:10D39000000000000000000000000000000000008D
:10D3A000000000004300000000000000000000003A
:10D3B000000000000000000000000000000000006D
:10D3C000000000004300000000000000000000001A
:10D3D000000000000000000000000000000000004D
:10D3E0000000000099B8000823B500080000000004
:10D3F00058CB0008F7C9000834CA000834CA00082E
:10D4000034CA000834CA000834CA000834CA000804
:10D4100034CA000834CA000834CA0008FFFFFFFFFE
:10D42000FFFFFFFFFFFFFFFFFFFF00000100415371
:10D430004349490000000000000000000000000017
:10D440000000000000000000000000000000415348
:10D4500043494900000000000000000000000000F7
:10D4600000000000000000000000000000000000BC
:0400000508000AB134
:00000001FF
