:020000040800F2
:1000000000800020792B0008191000081B10000840
:100010001D1000081F10000821100008000000003B
:10002000000000000000000000000000E1140008D3
:10003000231000080000000081150008E5150008E5
:10004000C92B0008C92B0008C92B0008C92B0008C0
:10005000C92B0008C92B0008C92B0008C92B0008B0
:10006000C92B0008C92B0008C92B0008C92B0008A0
:10007000C92B0008C92B0008C92B0008C92B000890
:10008000C92B000800000000C92B0008C92B00087C
:100090002D5000089D3F0008C92B0008C92B0008FF
:1000A000C92B0008C92B0008C92B0008C92B000860
:1000B000C92B0008C92B0008C92B0008C92B000850
:1000C00019480008C92B0008C92B0008C92B0008D3
:1000D000C92B0008C92B0008C92B0008C92B000830
:1000E000C92B0008C92B0008C92B0008C92B000820
:1000F000C92B0008C92B0008C92B0008000000000C
:1001000000000000C92B000800000000C92B0008F7
:10011000C92B00080000000085110008C92B000849
:10012000C92B0008C92B0008C92B0008C92B0008DF
:10013000C92B00080000000000000000C92B0008C7
:10014000C92B0008C92B00080000000000000000B7
:10015000000000000000000000000000000000009F
:10016000000000000000000000000000C92B000893
:10017000C92B000800000000000000000000000083
:1001800000000000C92B0008000000000000000073
:10019000000000000000000000000000000000005F
:1001A0000000000000000000C92B0008C92B000857
:1001B000C92B0008C92B0008C92B0008000000004B
:1001C00000000000C92B0008000000000000000033
:0801D000C92B0008C92B00082F
:1001E00010B5054C237833B9044B13B10448AFF371
:1001F00000800123237010BD680300200000000070
:10020000DCF9000808B5034B1BB103490348AFF301
:10021000008008BD000000006C030020DCF900082D
:1002200010F8012B11F8013B012A28BF9A42F7D0A0
:10023000D01A70470000000000000000000000001D
:1002400001F0FF01102A2BDB10F0070F08D010F887
:10025000013B013A8B422DD010F0070F42B3F6D18B
:10026000F0B441EA012141EA014122F007047FF0A4
:1002700000070023F0E80256083C85EA010586EAFB
:10028000010685FA47F5A3FA87F586FA47F6A5FA37
:1002900087F68EB9EED1F0BC01F0FF0102F0070243
:1002A00032B110F8013B013A83EA010313B1F8D1EE
:1002B0000020704701387047002D06BF35460338CF
:1002C000073815F0010F07D1013015F4807F02BF08
:1002D000013015F4C03F0130F0BC0138704700BF59
:1002E000034613F8012B002AFBD1181A0138704776
:1002F00081F0004102E000BF83F0004330B54FEAD7
:1003000041044FEA430594EA050F08BF90EA020F43
:100310001FBF54EA000C55EA020C7FEA645C7FEAD6
:10032000655C00F0E2804FEA5454D4EB5555B8BFF9
:100330006D420CDD2C4480EA020281EA030382EA6A
:10034000000083EA010180EA020281EA0303362DFC
:1003500088BF30BD11F0004F4FEA01314FF4801CCF
:100360004CEA113102D0404261EB410113F0004FE1
:100370004FEA03334CEA133302D0524263EB430398
:1003800094EA050F00F0A780A4F10104D5F1200E36
:100390000DDB02FA0EFC22FA05F2801841F1000191
:1003A00003FA0EF2801843FA05F359410EE0A5F165
:1003B00020050EF1200E012A03FA0EFC28BF4CF096
:1003C000020C43FA05F3C01851EBE37101F000454C
:1003D00007D54FF0000EDCF1000C7EEB00006EEB59
:1003E0000101B1F5801F1BD3B1F5001F0CD34908E3
:1003F0005FEA30004FEA3C0C04F101044FEA44523A
:1004000012F5800F80F09A80BCF1004F08BF5FEAC0
:10041000500C50F1000041EB045141EA050130BDA0
:100420005FEA4C0C404141EB0101013C28BFB1F5B2
:10043000801FE9D291F0000F04BF01460020B1FAFD
:1004400081F308BF2033A3F10B03B3F120020CDAD0
:100450000C3208DD02F1140CC2F10C0201FA0CF0AE
:1004600021FA02F10CE002F11402D8BFC2F1200C13
:1004700001FA02F120FA0CFCDCBF41EA0C019040C9
:10048000E41AA2BF01EB0451294330BD6FEA040412
:100490001F3C1CDA0C340EDC04F11404C4F12002FD
:1004A00020FA04F001FA02F340EA030021FA04F30F
:1004B00045EA030130BDC4F10C04C4F1200220FA66
:1004C00002F001FA04F340EA0300294630BD21FAA4
:1004D00004F0294630BD94F0000F83F4801306BF6A
:1004E00081F480110134013D4EE77FEA645C18BF5E
:1004F0007FEA655C29D094EA050F08BF90EA020FF5
:1005000005D054EA000C04BF1946104630BD91EAEC
:10051000030F1EBF0021002030BD5FEA545C05D1EF
:100520004000494128BF41F0004130BD14F580042E
:100530003CBF01F5801130BD01F0004545F0FE41A2
:1005400041F470014FF0000030BD7FEA645C1ABFD7
:10055000194610467FEA655C1CBF0B46024650EA0E
:10056000013406BF52EA033591EA030F41F400213A
:1005700030BD00BF90F0000F04BF0021704730B5C0
:100580004FF4806404F132044FF000054FF0000195
:1005900050E700BF90F0000F04BF0021704730B556
:1005A0004FF4806404F1320410F0004548BF40422B
:1005B0004FF000013EE700BF42004FEAE2014FEA80
:1005C00031014FEA02701FBF12F07F4393F07F4F5B
:1005D00081F06051704732F07F4208BF704793F05E
:1005E0007F4F04BF41F40021704730B54FF4607471
:1005F00001F0004521F000411CE700BF50EA010274
:1006000008BF704730B54FF000050AE050EA01021C
:1006100008BF704730B511F0004502D5404261EB8C
:1006200041014FF4806404F132045FEA915C3FF4CD
:10063000D8AE4FF003025FEADC0C18BF03325FEA6A
:10064000DC0C18BF033202EBDC02C2F1200300FA1B
:1006500003FC20FA02F001FA03FE40EA0E0021FA40
:1006600002F11444BDE600BF70B54FF0FF0C4CF42E
:10067000E06C1CEA11541DBF1CEA135594EA0C0FE0
:1006800095EA0C0F00F0DEF82C4481EA030621EA1B
:100690004C5123EA4C5350EA013518BF52EA033556
:1006A00041F4801143F4801338D0A0FB02CE4FF008
:1006B0000005E1FB02E506F00042E0FB03E54FF038
:1006C0000006E1FB03569CF0000F18BF4EF0010E30
:1006D000A4F1FF04B6F5007F64F5407404D25FEA2C
:1006E0004E0E6D4146EB060642EAC62141EA5551DF
:1006F0004FEAC52040EA5E504FEACE2EB4F1FD0C21
:1007000088BFBCF5E06F1ED8BEF1004F08BF5FEA9E
:10071000500E50F1000041EB045170BD06F0004650
:1007200046EA010140EA020081EA0301B4EB5C04FD
:10073000C2BFD4EB0C0541EA045170BD41F48011F5
:100740004FF0000E013C00F3AB8014F1360FDEBF1A
:10075000002001F0004170BDC4F10004203C35DAF6
:100760000C341BDC04F11404C4F1200500FA05F379
:1007700020FA04F001FA05F240EA020001F000421A
:1007800021F0004110EBD37021FA04F642EB060190
:100790005EEA430E08BF20EAD37070BDC4F10C04BA
:1007A000C4F1200500FA04F320FA05F001FA04F27E
:1007B00040EA020001F0004110EBD37041F100016A
:1007C0005EEA430E08BF20EAD37070BDC4F1200575
:1007D00000FA05F24EEA020E20FA04F301FA05F2DD
:1007E00043EA020321FA04F001F0004121FA04F285
:1007F00020EA020000EBD3705EEA430E08BF20EA55
:10080000D37070BD94F0000F0FD101F0004640008E
:1008100041EB010111F4801F08BF013CF7D041EA10
:10082000060195F0000F18BF704703F00046520014
:1008300043EB030313F4801F08BF013DF7D043EAE5
:100840000603704794EA0C0F0CEA135518BF95EA9B
:100850000C0F0CD050EA410618BF52EA4306D1D122
:1008600081EA030101F000414FF0000070BD50EA41
:10087000410606BF1046194652EA430619D094EACB
:100880000C0F02D150EA013613D195EA0C0F05D1B5
:1008900052EA03361CBF104619460AD181EA030109
:1008A00001F0004141F0FE4141F470014FF00000C1
:1008B00070BD41F0FE4141F4780170BD70B54FF05C
:1008C000FF0C4CF4E06C1CEA11541DBF1CEA1355DC
:1008D00094EA0C0F95EA0C0F00F0A7F8A4EB0504BE
:1008E00081EA030E52EA03354FEA013100F08880B5
:1008F0004FEA03334FF0805545EA131343EA12637E
:100900004FEA022245EA111545EA10654FEA002632
:100910000EF000419D4208BF964244F1FD0404F5EB
:10092000407402D25B084FEA3202B61A65EB030547
:100930005B084FEA32024FF480104FF4002CB6EB04
:10094000020E75EB030E22BFB61A754640EA0C0084
:100950005B084FEA3202B6EB020E75EB030E22BFC4
:10096000B61A754640EA5C005B084FEA3202B6EB05
:10097000020E75EB030E22BFB61A754640EA9C00C4
:100980005B084FEA3202B6EB020E75EB030E22BF94
:10099000B61A754640EADC0055EA060E18D04FEA52
:1009A000051545EA16754FEA06164FEAC30343EAF2
:1009B00052734FEAC2025FEA1C1CC0D111F4801FBF
:1009C0000BD141EA00014FF000004FF0004CB6E7B8
:1009D00011F4801F04BF01430020B4F1FD0C88BF57
:1009E000BCF5E06F3FF6AFAEB5EB030C04BFB6EB62
:1009F000020C5FEA500C50F1000041EB045170BD55
:100A00000EF0004E4EEA113114EB5C04C2BFD4EB81
:100A10000C0541EA045170BD41F480114FF0000E05
:100A2000013C90E645EA060E8DE60CEA135594EA81
:100A30000C0F08BF95EA0C0F3FF43BAF94EA0C0F84
:100A40000AD150EA01347FF434AF95EA0C0F7FF4F9
:100A500025AF104619462CE795EA0C0F06D152EA4D
:100A600003353FF4FDAE1046194622E750EA410631
:100A700018BF52EA43067FF4C5AE50EA41047FF442
:100A80000DAF52EA43057FF4EBAE12E74FF0FF3CA7
:100A900006E000BF4FF0010C02E000BF4FF0010C78
:100AA0004DF804CD4FEA410C7FEA6C5C4FEA430CF1
:100AB00018BF7FEA6C5C1BD001B050EA410C0CBF40
:100AC00052EA430C91EA030F02BF90EA020F0020A2
:100AD000704710F1000F91EA030F58BF994208BF09
:100AE00090422CBFD8176FEAE37040F001007047C6
:100AF0004FEA410C7FEA6C5C02D150EA013C07D11D
:100B00004FEA430C7FEA6C5CD6D152EA033CD3D067
:100B10005DF8040B704700BF8446104662468C4661
:100B20001946634600E000BF01B5FFF7B7FF002894
:100B300048BF10F1000F01BD4DF808EDFFF7F4FFBD
:100B40000CBF012000205DF808FB00BF4DF808ED48
:100B5000FFF7EAFF34BF012000205DF808FB00BF6B
:100B60004DF808EDFFF7E0FF94BF012000205DF88D
:100B700008FB00BF4DF808EDFFF7CEFF94BF012042
:100B800000205DF808FB00BF4DF808EDFFF7C4FF3B
:100B900034BF012000205DF808FB00BF4FEA410C84
:100BA0007FEA6C5C02D150EA013C0AD14FEA430C67
:100BB0007FEA6C5C02D152EA033C02D14FF00000A4
:100BC00070474FF0010070474FEA410212F50012E2
:100BD00015D211D56FF47873B3EB625212D94FEA84
:100BE000C12343F0004343EA505311F0004F23FA6E
:100BF00002F018BF404270474FF00000704750EAC3
:100C0000013005D111F0004008BF6FF0004070477F
:100C10004FF00000704700BF4A0011D212F50012D9
:100C200011D20DD56FF47873B3EB62520ED44FEA44
:100C3000C12343F0004343EA505323FA02F07047C4
:100C40004FF00000704750EA013002D14FF0FF3002
:100C500070474FF0000070474FEA4102B2F1E043A5
:100C600024BFB3F5001CDCF1FE5C0DD901F0004C93
:100C70004FEAC0024CEA5070B2F1004F40EB8300E3
:100C800008BF20F00100704711F0804F21D113F10F
:100C90003872BCBF01F00040704741F480114FEA48
:100CA0005252C2F11802C2F1200C10FA0CF320FAD1
:100CB00002F018BF40F001004FEAC1234FEAD323EE
:100CC00003FA0CFC40EA0C0023FA02F34FEA430358
:100CD000CCE77FEA625307D150EA01331EBF4FF0E1
:100CE000FE4040F44000704701F0004040F0FE40FC
:100CF00040F40000704700BF38B5002200230446CE
:100D00000D46FFF723FF28B920462946BDE83840A5
:100D100000F00AB8204605F1004100F005F8404215
:100D200061EB410138BD00BFD0B50C4B0022064637
:100D30000F46FFF799FCFFF76FFF0446FFF71AFC19
:100D4000074B0022FFF790FC02460B46304639461F
:100D5000FFF7D2FAFFF760FF2146D0BD0000F03D5B
:100D60000000F04138B51A4B1B78012B04D0022B40
:100D700013D14FF47A7501E04FF4FA7500F0C4F81E
:100D80000446144B1B68C31AAB4209D2114B5B6873
:100D9000E31AB3F5FA7F0DD238BD40F6B835EDE76A
:100DA0000C4B18600C4A136801331360002003F0E9
:100DB000E9FDEBE7074B5C6004F036F818B1012061
:100DC00003F0E0FDE8E7012003F0A0FDE4E700BF49
:100DD00095030020840300208C03002008B5FFF752
:100DE000C1FF0A2000F082F8F9E710B504460020A0
:100DF00004F007F8B0F5AF6F07D00123237004F0BB
:100E000013F808B90023237010BD02232370F6E7FE
:100E100010B50D4C2046FFF7E8FF0C4B1A782378ED
:100E20009A4205D10A4B187860B100221A7008E086
:100E3000064A1370002003F069FD012003F066FDEF
:100E4000002010BD0120FCE7940300209503002042
:100E50000000002010B588B04FF46141002002F07E
:100E600055F805230093032301220021084602F0D0
:100E70006BFC0021084603F0C1F900F0E7F900F02F
:100E8000BFF90B4B0B4A1A600DF10C0C0A4C0FCC3E
:100E9000ACE80F002368CCF80030002103A800F074
:100EA00000FA08B108B010BD044803F06FFEF9E77E
:100EB00090030020110E0008F8F9000820FA00083D
:100EC00008B502E0074800F0C3F9074B1B78012B77
:100ED000F8D0022B02D0FFF79BFFF6E7014800F0A5
:100EE00091F9F2E7900300209503002010B5044625
:100EF00001F01CFD012803D0204600F0ECF910BDE4
:100F0000204604F0D3FDFAE708B504F0C9FD08BD9A
:100F100072B6FEE710B5A4B03822002116A80BF077
:100F2000D1FF002411941294139414941594442224
:100F3000214668460BF0C6FF204607F0EBFD07F0A0
:100F4000E1FD214AD2F8903023F01803C2F8903026
:100F5000252316934FF480331793012218921C9285
:100F600002231D9303211E911F9228222092219378
:100F700004222292239316A807F0ECFEE8B90F236F
:100F800011930323129300231393149315930421B5
:100F900011A808F095F990B90C4B00930023069323
:100FA0004FF080720C920D934FF48073109368464B
:100FB00008F0B8FA28B924B010BDFFF7A9FFFFF771
:100FC000A7FFFFF7A5FF00BF001002404030080058
:100FD00008B504F049FDFFF79DFF012008BD0000A2
:100FE00000B583B00B4B1A6E42F001021A661A6EFE
:100FF00002F001020092009A9A6D42F080529A65C6
:101000009B6D03F080530193019B07F009FE03B031
:101010005DF804FB00100240FEE7FEE7FEE7FEE796
:10102000FEE770470120704708B50BF0DBFF162381
:1010300003604FF0FF3008BD08B54FF0FF31FFF7F8
:10104000F3FFFEE770B50C461646002506E0AFF349
:101050000080214601F8010B01350C46B542F6DB54
:10106000304670BD70B50C461646002504E014F8F5
:10107000010BAFF300800135B542F8DB304670BD9F
:101080004FF0FF3070474FF400534B600020704723
:10109000012070470020704710B503460C4A0D49E7
:1010A0000D48006840B10C4800680344521A93424E
:1010B00006D8094A136010BD0748084C0460F2E7DF
:1010C0000BF090FF0C2303604FF0FF30F3E700BFFD
:1010D000008000200004000098030020E85B00204E
:1010E000034AD2F8883043F47003C2F8883070475E
:1010F00000ED00E030B589B004461D4B9A6D42F01A
:1011000010029A659B6D03F010030193019B02A9E5
:1011100003A808F0E9F908F0D5F9164AA2FB002364
:101120009B0C013B1448154A026040F2E732C26052
:10113000436000230361836008F0C6FD054610B1DB
:10114000284609B030BD0C4808F01EFC05460028B2
:10115000F6D1362004F034FD0F2C01D90125EFE73C
:1011600000222146362004F01BFD054B1C60E7E7FA
:101170000010024083DE1B439C030020001000404F
:101180009C01002008B5024808F044FC08BD00BFDF
:101190009C03002008B50268034B9A4200D008BDAA
:1011A00004F072FCFBE700BF0010004008B504F03B
:1011B00013FCFFF74FFEFFF783FE08BD10B586B0A6
:1011C000FFF706FF0DF1040C0C4C0FCCACE80F0040
:1011D0002368CCF80030002101A800F062F820B1AB
:1011E00000F05AF8002006B010BD03F09FFB00206D
:1011F00003F0C8FB6420FFF779FEF8E70CFA00085B
:101200000120704710B504460D4803F0BFFC02E012
:101210000120FFF76BFE2368984768B1002003F0B8
:10122000C1FD0028F4D0002003F0C3FD02460549AB
:10123000002003F0CFFDEEE7034803F0A7FC10BD4C
:101240004CFA00085CFA000868FA000801207047B0
:1012500010B50446084803F099FC04E002F09EF83B
:101260000220FFF743FE236898470028F6D1034881
:1012700003F08CFC10BD00BF78FA000888FA000863
:10128000842801D00330704700207047EFF30580B9
:10129000003818BF0120704708B501F0D5F80020CC
:1012A00008BDF0B585B00C46456806680769B0F919
:1012B0000800FFF7E5FF03AB019300902346BAB2A5
:1012C0003146284601F090F8012802D1039805B074
:1012D000F0BD0020FBE708B500B9012001F002FADB
:1012E000002008BD08B5012000F070FD08BD30B534
:1012F00083B00023019310B30C460546FFF7C6FFE9
:10130000A0B101AA0021284600F097FE012818D1BB
:10131000019BC3B14FF0E0234FF08052C3F8042D7E
:10132000BFF34F8FBFF36F8F002006E021462846A2
:1013300000F0B0FD012808D1002003B030BD8020AE
:10134000FBE7FF20F9E70020F7E7FF20F5E710B5FE
:1013500082B0044600230193FFF798FF98B101A9DA
:10136000204600F03EFD01281AD1019BD3B14FF079
:10137000E0234FF08052C3F8042DBFF34F8FBFF32B
:101380006F8F002008E000231A461946204600F01F
:101390004DFC012802D0FF2002B010BD0020FBE769
:1013A000FF20F9E70020F7E700F1080343604FF062
:1013B000FF328260C3600361002303607047002333
:1013C0000361704743684B609A688A605160996016
:1013D0000861036801330360704730B40D68B5F1EC
:1013E000FF3F11D000F108031C465B681A68AA424F
:1013F000FAD963684B6099608C606160086103682A
:101400000133036030BC70470469F2E70369416847
:1014100082688A60416851605A68824206D0002220
:1014200002611A68013A1A601868704782685A6047
:10143000F5E7000082B0002301930D4B1B68B3F168
:10144000FF3F08D04FF0500383F31188BFF36F8F35
:10145000BFF34F8FFEE74FF0500383F31188BFF3C4
:101460006F8FBFF34F8F019B002BFCD002B07047F2
:101470000800002008480068006880F308884FF0E2
:10148000000080F3148862B661B6BFF34F8FBFF3DC
:101490006F8F00DF00BF000008ED00E0DFF80C00F8
:1014A000016841F4700101607047000088ED00E0C0
:1014B0004FF0807340F8043C21F0010140F8081C13
:1014C000054B40F80C3C40F8202C6FF0020340F82C
:1014D000243C4438704700BF351400080000000069
:1014E000074B19680868B0E8F04F80F30988BFF32C
:1014F0006F8F4FF0000080F311887047AFF30080CA
:10150000382500204FF0500383F31188BFF36F8F0D
:10151000BFF34F8F0B4A136801331360012B00D0C8
:1015200070474FF0E023D3F8043D13F0FF0FF7D0DE
:101530004FF0500383F31188BFF36F8FBFF34F8FCA
:10154000FEE700BF08000020094B1B6843B94FF0BD
:10155000500383F31188BFF36F8FBFF34F8FFEE704
:10156000013B034A13600BB983F31188704700BF36
:101570000800002000000000000000000000000043
:10158000EFF30980BFF36F8F154B1A681EF0100F31
:1015900008BF20ED108A20E9F04F10602DE9090006
:1015A0004FF0500080F31188BFF34F8FBFF36F8F60
:1015B00001F0BEF84FF0000080F3118809BC1968F3
:1015C0000868B0E8F04F1EF0100F08BFB0EC108AAA
:1015D00080F30988BFF36F8F704700BFAFF30080BF
:1015E0003825002008B54FF0500383F31188BFF36E
:1015F0006F8FBFF34F8F00F06DFF28B14FF0E023E6
:101600004FF08052C3F8042D002383F3118808BDE6
:101610004FF0E022002313619361054B1B680549DD
:10162000A1FB03139B09013B53610723136170471F
:1016300004000020D34D62104FF0E023D3F8002DBA
:101640003D4B9A421CD04FF0E023D3F8002D3B4B8A
:101650009A421ED030B583B0394B1A78D2B201927B
:10166000FF221A701B78DBB28DF803309DF803302F
:1016700003F05003334A1370334B07221A601BE008
:101680004FF0500383F31188BFF36F8FBFF34F8F79
:10169000FEE74FF0500383F31188BFF36F8FBFF362
:1016A0004F8FFEE7284A1368013B13609DF8033013
:1016B0005B00DBB28DF803309DF8033013F0800F30
:1016C000F0D1214B1B68032B08D04FF0500383F35C
:1016D0001188BFF36F8FBFF34F8FFEE71B021A4ACB
:1016E000136003F4E0631360019BDBB2144A1370D0
:1016F0004FF0E024D4F8203D43F47003C4F8203DBB
:10170000D4F8203D43F07043C4F8203DFFF780FF3C
:1017100000250E4B1D60FFF7C1FED4F8343F43F0A7
:101720004043C4F8343FFFF7A5FE01F001F8FFF78E
:1017300081FE284603B030BD71C20F4170C20F4117
:1017400000E400E0EC030020E80300200800002093
:10175000EFF305830F2B0FD9114A9B5CDBB2114AC3
:1017600012789A4208D94FF0500383F31188BFF3DF
:101770006F8FBFF34F8FFEE74FF0E023D3F80C3DA0
:1017800003F4E063084A1268934208D94FF050030B
:1017900083F31188BFF36F8FBFF34F8FFEE770475E
:1017A000F0E300E0EC030020E8030020124A12F00E
:1017B000070F1ED0D11D21F00701C1F500531344BE
:1017C0000A460E480260002141601344083B23F0A2
:1017D00007030B48036059601960991A5160136040
:1017E000084B1960084B1960084B4FF000421A6013
:1017F00070474FF40053E4E7100400200804002071
:1018000004040020FC03002000040020F00300205A
:10181000164B1A461B688342FBD3516802EB010C3E
:10182000844509D0416800EB010C634509D0036091
:10183000904219D0106070474068014451601046D2
:10184000F0E710B40A4C2468A3420BD05B6819443B
:10185000416013681B680360904200D010605DF81F
:10186000044B70470460F7E7704700BF080400208E
:101870000404002038B5044600F024FE384B1B68F1
:10188000B3B1384B1B681C4250D1002C50D004F12E
:10189000080214F0070F02D022F007020832002AD3
:1018A00055D0314B1B68934253D330490C6804E048
:1018B000FFF77CFFE5E721461C466368934202D2AE
:1018C0002368002BF7D1264B1B68A34243D00D6839
:1018D000083523680B6063689B1A102B10D9A01879
:1018E00010F0070F08D04FF0500383F31188BFF3B7
:1018F0006F8FBFF34F8FFEE743606260FFF788FF93
:10190000626819490B689B1A0B60194909688B4278
:1019100001D217490B60134B1B681343636000230C
:101920002360144A13680133136002E0002500E0CD
:10193000002500F05BFE15F0070F0ED04FF05003AE
:1019400083F31188BFF36F8FBFF34F8FFEE700253E
:10195000EFE70025EDE70025EBE7284638BD00BF9F
:1019600004040020F00300200004002008040020EC
:10197000FC030020F8030020002834D038B50446CA
:10198000A0F1080550F8043C174A1268134208D128
:101990004FF0500383F31188BFF36F8FBFF34F8F66
:1019A000FEE750F8081C41B14FF0500383F3118853
:1019B000BFF36F8FBFF34F8FFEE723EA020340F8B8
:1019C000043C00F07FFD54F8041C084A13680B44E3
:1019D00013602846FFF71CFF054A136801331360A4
:1019E00000F004FE38BD7047F00300200004002022
:1019F000F40300200346406A18B11B6B1868C0F15D
:101A00000700704710B50446FFF77CFDA26BE36B3F
:101A10009A4204D00024FFF797FD204610BD012410
:101A2000F9E710B50446FFF76DFDA36B23B9012458
:101A3000FFF78AFD204610BD0024F9E770B5044683
:101A40001546866B026C5AB903681BB1002001363B
:101A5000A66370BD806800F0CFFF0023A360F6E7A7
:101A60006DB940680BF0F3FA6368226C134463604D
:101A7000A268934219D3236863602846E7E7C068E9
:101A80000BF0E5FAE368226C51429B1AE36022688E
:101A9000934202D2A3680B44E360022D01D00020E0
:101AA000D5E726B1013E0020D1E72846CFE7002048
:101AB000CDE70346026C6AB110B50846D9681144F7
:101AC000D9609C68A14201D31968D960D9680BF02C
:101AD000BEFA10BD704738B50546FFF713FD95F8FF
:101AE000454064B201E0013C64B2002C0ADD6B6A3F
:101AF00043B105F1240000F07FFE0028F3D000F090
:101B00000FFFF0E7FF2385F84530FFF71DFDFFF7D6
:101B1000F9FC95F8444064B201E0013C64B2002C49
:101B20000ADD2B6943B105F1100000F065FE0028C5
:101B3000F3D000F0F5FEF0E7FF2385F84430FFF71F
:101B400003FD38BD38B5E0B10D460446FFF7DAFCB9
:101B50002368E26B216C01FB0230A0600020A063CF
:101B60006360013A02FB0133E360FF2384F84430F1
:101B700084F84530FDB9236963B9FFF7E5FC01201E
:101B800038BD4FF0500383F31188BFF36F8FBFF35D
:101B90004F8FFEE704F1100000F02EFE0028ECD07D
:101BA0004FF0E0234FF08052C3F8042DBFF34F8F66
:101BB000BFF36F8FE1E704F11000FFF7F5FB04F1CD
:101BC0002400FFF7F1FBD8E738B51D46049C0B460F
:101BD00049B92460E063236401212046FFF7B2FF86
:101BE00084F84C5038BD2260F4E740B94FF0500300
:101BF00083F31188BFF36F8FBFF34F8FFEE7F0B50C
:101C000083B00C461546064601FB00F05030FFF746
:101C100031FE074638B100902B4600F150022146B4
:101C20003046FFF7D1FF384603B0F0BDF0B585B0C0
:101C3000019288B10F461D460446B1B1022D20D154
:101C4000E36B012B1DD04FF0500383F31188BFF3DA
:101C50006F8FBFF34F8FFEE74FF0500383F3118870
:101C6000BFF36F8FBFF34F8FFEE7036C002BE5D000
:101C70004FF0500383F31188BFF36F8FBFF34F8F83
:101C8000FEE700F053FE064658B9019B002B48D0F2
:101C90004FF0500383F31188BFF36F8FBFF34F8F63
:101CA000FEE700263DE02A4639462046FFF7C6FEFD
:101CB000636A7BB948B14FF0E0234FF08052C3F81C
:101CC000042DBFF34F8FBFF36F8FFFF73DFC012053
:101CD00005B0F0BD04F1240000F08EFD0028F4D022
:101CE0004FF0E0234FF08052C3F8042DBFF34F8F25
:101CF000BFF36F8FE9E7FFF727FC0020E8E702A8B2
:101D000000F0C0FD012619E0002384F8443021E0F2
:101D1000002384F8453023E02046FFF7DCFE00F086
:101D200065FCFFF7EFFBA26BE36B9A42BBD3022D7E
:101D3000B9D0019B002BDED0002EE0D0FFF704FCD1
:101D400000F0C0FBFFF7DEFB94F8442052B2B2F182
:101D5000FF3FD9D094F8452052B2B2F1FF3FD7D01F
:101D6000FFF7F2FB01A902A800F098FDD8B92046C0
:101D7000FFF748FE0028CFD0019904F1100000F0D1
:101D800023FD2046FFF7A7FE00F030FC0028C8D155
:101D90004FF0E0234FF08052C3F8042DBFF34F8F74
:101DA000BFF36F8FBDE72046FFF795FE00F01EFCE6
:101DB00000208DE748B108B5002181600160C16055
:101DC0000B460A46FFF732FF08BD704710B50246C2
:101DD00000210120FFF709FF0446FFF7EBFF204633
:101DE00010BD68B170B50C460546036C8BB14FF061
:101DF000500383F31188BFF36F8FBFF34F8FFEE75C
:101E00004FF0500383F31188BFF36F8FBFF34F8FF1
:101E1000FEE70368EBB1FFF79BFCEFF311864FF091
:101E2000500383F31188BFF36F8FBFF34F8FAA6BFB
:101E3000EB6B934226D995F845305BB20132AA6329
:101E4000B3F1FF3F11D001335BB285F8453001207B
:101E500019E08368002BDED04FF0500383F3118824
:101E6000BFF36F8FBFF34F8FFEE76B6A0BB9012093
:101E700009E005F1240000F0BFFC38B144B10120B5
:101E8000206000E0002086F3118870BD0120FAE791
:101E90000120F8E770B584B0019158B10446036C95
:101EA0008BB14FF0500383F31188BFF36F8FBFF3F3
:101EB0004F8FFEE74FF0500383F31188BFF36F8F0E
:101EC000BFF34F8FFEE700F031FD054650B9019B8F
:101ED0005BB14FF0500383F31188BFF36F8FBFF3F3
:101EE0004F8FFEE70026354655E0064653E0013B9E
:101EF000A36323683BB123694BB9FFF725FB012698
:101F0000304604B070BD00F029FEA060F3E704F194
:101F1000100000F071FC0028EFD04FF0E0234FF0EC
:101F20008052C3F8042DBFF34F8FBFF36F8FE4E7E8
:101F300046B14FF0500383F31188BFF36F8FBFF3A7
:101F40004F8FFEE7FFF700FBDAE702A800F09AFCEC
:101F500001252AE0002384F8443032E0002384F88D
:101F6000453034E0FFF7CEFAA06800F0EFFC0646FB
:101F7000FFF7EAFA3BE02046FFF7ADFD00F036FB45
:101F800009E02046FFF7A7FD00F030FB2046FFF7F1
:101F900048FD002842D1FFF7B5FAA36B002BA6D16C
:101FA000019B002BC4D0002DCFD0FFF7CDFA00F05D
:101FB00089FAFFF7A7FA94F844305BB2B3F1FF3F18
:101FC000C8D094F845305BB2B3F1FF3FC6D0FFF7FD
:101FD000BBFA01A902A800F061FC0028D1D120467B
:101FE000FFF71FFD0028C6D02368002BBAD0019947
:101FF00004F1240000F0E8FB2046FFF76CFD00F040
:10200000F5FA0028C7D14FF0E0234FF08052C3F813
:10201000042DBFF34F8FBFF36F8FBCE70EB90026BF
:102020006EE7FFF76FFA2046FFF7E4FC0146A06871
:1020300000F03AFDFFF788FAF1E72DE9F843B0B177
:102040000D4690460446D9B1FFF782FBEFF31187A6
:102050004FF0500383F31188BFF36F8FBFF34F8F9F
:10206000A66BCEB9002087F31188BDE8F8834FF046
:10207000500383F31188BFF36F8FBFF34F8FFEE7D9
:10208000036C002BE0D04FF0500383F31188BFF3B3
:102090006F8FBFF34F8FFEE794F844904FFA89F9A2
:1020A00029462046FFF705FD731EA363B9F1FF3FE4
:1020B00006D009F101035BB284F844300120D2E775
:1020C00023690BB90120CEE704F1100000F094FB66
:1020D00030B1B8F1000F05D00120C8F80000C2E708
:1020E0000120C0E70120BEE7084B1B681B6823B92D
:1020F000074B4FF0FF321A607047044B1B68DB68D8
:10210000DB685A68024B1A60704700BF80240020C9
:102110001824002010B50446006BFFF72DFC204664
:10212000FFF72AFC10BD2DE9F04780460D46174603
:102130009946089EDDF824A00A9C9200A521206BF8
:102140000AF0C0FE236B07F18042013A03EB8207DD
:1021500027F00707A5B34FF0000CBCF10F0F09D80B
:1021600015F80C3004EB0C0282F8343013B10CF18A
:10217000010CF2E7002384F84330062E00D906262E
:10218000E662E66400252565201DFFF718F904F1D5
:102190001800FFF714F92461C6F10706A66164620E
:1021A000656584F858504A4641463846FFF780F93D
:1021B0002060BAF1000F01D0CAF80040BDE8F087F6
:1021C000002384F83430D8E738B5002407E004EB66
:1021D000840293000E481844FFF7E6F80134062CF9
:1021E000F5D90C4D2846FFF7DFF80B4C2046FFF7DA
:1021F000DBF80A48FFF7D8F80948FFF7D5F809488F
:10220000FFF7D2F8084B1D60084B1C6038BD00BFBB
:10221000AC2400209824002084240020682400207E
:10222000542400203C240020802400207C24002012
:1022300010B50446FFF766F9224A136801331360AC
:10224000214B1B685BB1214B1B686BB91E4B1B6894
:10225000DA6AE36A9A4207D81B4B1C6004E01A4B07
:102260001C601368012B29D0194A136801331360CD
:102270006364E06A01238340164A11680B431360CC
:1022800000EB8000211D144B03EB8000FFF79AF850
:10229000FFF75AF90D4B1B687BB10B4B1B68DA6AD1
:1022A000E36A9A4209D24FF0E0234FF08052C3F81C
:1022B000042DBFF34F8FBFF36F8F10BDFFF784FF67
:1022C000D2E700BF38240020382500202C2400202D
:1022D0001C24002030240020AC2400200F4B1B685D
:1022E000D3B110B5FFF70EF90D4BDB68DC68201D8C
:1022F000FFF78CF80B4A1368013B1360074A136819
:10230000013B1360FFF720F92046FFF703FF034B63
:102310001B68002BE6D110BD704700BF5024002081
:10232000542400203824002008B5FFF7D7FF074BBE
:102330001B68012BF9D94FF0E0234FF08052C3F80E
:10234000042DBFF34F8FBFF36F8FEEE7AC24002057
:1023500070B504460D461D4B1E681D4B18680430B1
:10236000FFF754F848B91A4B1B68DB6A01229A4000
:1023700018490B6823EA02030B60B4F1FF3F0DD04C
:102380003444134B1B685C60A64210D9124B18688A
:102390000F4B19680431FFF720F870BD002DEFD006
:1023A0000B4B196804310D48FFF70CF8F5E70C4B9F
:1023B0001868074B19680431FFF70FF8094B1B68C1
:1023C000A342EAD9074B1C60E7E700BF3424002092
:1023D00038250020302400207C2400203C240020CC
:1023E00080240020182400202DE9F04385B0074602
:1023F0000E4614461D469000FFF73CFAF8B18146A0
:102400005C20FFF737FA804698B1C0F8309000237F
:10241000039302900D9B01930C9B00932B46224645
:1024200031463846FFF77FFE4046FFF701FF0120A7
:1024300007E04846FFF7A0FA4FF0FF3001E04FF009
:10244000FF3005B0BDE8F08300B583B0174B0193B2
:1024500000230093802216491648FFF7C5FF012884
:1024600005D0B0F1FF3F17D003B05DF804FB4FF08B
:10247000500383F31188BFF36F8FBFF34F8F0E4B61
:102480004FF0FF321A600D4B01221A600C4B0022F4
:102490001A60FFF7D1F8E7E74FF0500383F3118894
:1024A000BFF36F8FBFF34F8FFEE700BF14240020F0
:1024B00098FA000829230008182400202C24002062
:1024C00034240020024A136801331360704700BFB0
:1024D00010240020F8B53A4B1B68002B69D1394B0A
:1024E0001D6801351D60C5B9374B1B681B6843B1BA
:1024F0004FF0500383F31188BFF36F8FBFF34F8FFB
:10250000FEE7314A1168314B186810601960304A93
:10251000136801331360FFF7E7FD2E4B1B68AB42D6
:102520003DD900272C4B1B68DB6A03EB83039A0021
:102530002A4B9B58012B00D90127294B1B68002BE4
:102540003CD001273AE001271F4B1B681B6843B3AF
:102550001D4B1B68DB68DC6863689D4226D3261D23
:102560003046FEF753FFA36A1BB104F11800FEF7D3
:102570004DFFE36A01229A401A49086802430A6043
:1025800003EB83039A00314614481044FEF71AFF08
:10259000E26A114B1B68DB6A9A42D4D2D4E7002767
:1025A000D2E70C4B4FF0FF321A60BBE7094A1360C9
:1025B000B8E70D4A13680133136000273846F8BDA9
:1025C0001024002034240020802400207C240020BB
:1025D000202400201824002038250020AC240020CE
:1025E00024240020302400202824002038B5354B36
:1025F0001B6843B94FF0500383F31188BFF36F8F0B
:10260000BFF34F8FFEE7FEF77DFF2E4B1A68013AAE
:102610001A601B68002B4FD12B4B1B680BB9002491
:102620004BE00024294B1B681BB3284BDB68DC689C
:1026300004F11800FEF7EAFE251D2846FEF7E6FE27
:10264000E06A01238340224A11680B43136000EBC8
:10265000800029461F4B03EB8000FEF7B3FEE26AC1
:102660001D4B1B68DB6A9A42DCD31C4B01221A60AB
:10267000D8E70CB1FFF738FD194B1C6884B9174B2C
:102680001C68D4B14FF0E0234FF08052C3F8042D02
:10269000BFF34F8FBFF36F8F01240EE0013C07D0D3
:1026A000FFF718FF0028F9D00C4B01221A60F5E75C
:1026B0000B4B00221A60E2E70024FEF745FF20469C
:1026C00038BD00BF102400203824002068240020DA
:1026D00030240020AC2400203825002024240020B1
:1026E0002824002010B5A8B10446104B1B6843B144
:1026F0004FF0500383F31188BFF36F8FBFF34F8FF9
:10270000FEE7FFF7DFFE00212046FFF721FEFFF77F
:102710006DFF48B94FF0E0234FF08052C3F8042D0D
:10272000BFF34F8FBFF36F8F10BD00BF1024002089
:10273000204B1B681BB1204B01221A6070471E4BB7
:1027400000221A601D4B1B68B3FA83F3DBB2C3F19E
:102750001F0303EB83018A0019498A5842B94FF0DD
:10276000500383F31188BFF36F8FBFF34F8FFEE7E2
:10277000134803EB83018A000244516849685160A1
:1027800003EB830C4FEA8C0208320244914209D0D9
:1027900003EB83039A000A4B13445B68DA68094B26
:1027A0001A607047486862469100054A0A445060C2
:1027B000EEE700BF10240020242400203024002055
:1027C000AC2400203825002058B110B50C46094A29
:1027D00011681831FEF701FE01212046FFF7B8FD10
:1027E00010BD4FF0500383F31188BFF36F8FBFF319
:1027F0004F8FFEE73825002038B5C368DC6824B366
:1028000004F118052846FEF701FE184B1B682BBB88
:10281000251D2846FEF7FAFDE06A01238340144A8D
:1028200011680B43136000EB80002946114B03EB4A
:102830008000FEF7C7FDE26A0F4B1B68DB6A9A4215
:1028400011D901200D4B186038BD4FF0500383F3B0
:102850001188BFF36F8FBFF34F8FFEE729460848FB
:10286000FEF7B0FDE7E70020EEE700BF10240020F0
:1028700030240020AC24002038250020242400200F
:1028800068240020034B1B680360034B1B684360F4
:10289000704700BF2024002034240020F8B5C8B1C0
:1028A0000C460546F9B1FEF72DFE1B4B19686B6807
:1028B000C81A2268B2F1FF3F26D0184E36682F683A
:1028C000B74201D08B4224D9824215D8002323601D
:1028D00001241AE04FF0500383F31188BFF36F8F88
:1028E000BFF34F8FFEE74FF0500383F31188BFF320
:1028F0006F8FBFF34F8FFEE75B1A134423602846A8
:10290000FFF7C0FF002400E00024FEF71DFE204674
:10291000F8BD0124F9E700BF342400202024002062
:10292000014B01221A60704724240020054B1B68CC
:1029300033B1054B1B680BB1002070470220704774
:10294000012070472C24002010240020002848D0AB
:1029500038B50446C36A254A1268D26A934238D20F
:102960008269002A05DB214A1268D26AC2F1070295
:102970008261616903EB83031D4A02EB8303994281
:1029800005D01A4B1B68DB6AE362012038BD251DA8
:102990002846FEF73BFD38B9E36A01229A40154903
:1029A0000B6823EA02030B60104B1B68D86AE062D5
:1029B000012404FA00F30F4A11680B43136000EB83
:1029C000800029460A4B03EB8000FEF7FBFC204603
:1029D000DCE7C26C054B1B68DB6A9A4203D300201C
:1029E000D4E7002070470120D0E700BF3825002041
:1029F000AC2400203024002000284BD038B50446F9
:102A0000264B1B68834208D04FF0500383F3118894
:102A1000BFF36F8FBFF34F8FFEE7036D43B94FF0E6
:102A2000500383F31188BFF36F8FBFF34F8FFEE71F
:102A3000013B0365C16AC26C91422DD00BB10020ED
:102A400038BD051D2846FEF7E1FC68B9E36A03EBD3
:102A50008302920012498A5832B901229A401149E0
:102A60000B6823EA02030B60E06CE062C0F107032D
:102A7000A361012404FA00F30A4A11680B431360AE
:102A800000EB80002946064B03EB8000FEF79AFC22
:102A90002046D5E7002070470020D1E738250020E8
:102AA000AC2400203024002000284FD038B5044644
:102AB000036D43B94FF0500383F31188BFF36F8F59
:102AC000BFF34F8FFEE7C26C8A4200D20A46E16A2A
:102AD000914201D0012B00D038BD1D4B1B68A34291
:102AE0002BD0E262A369002B02DBC2F10702A261D4
:102AF000626901EB8101174B03EB81039A42EBD131
:102B0000251D2846FEF782FC38B9E36A01229A4067
:102B100011490B6823EA02030B60E06A012383403A
:102B20000D4A11680B43136000EB80002946094BE6
:102B300003EB8000FEF746FCCEE74FF0500383F333
:102B40001188BFF36F8FBFF34F8FFEE7704700BF51
:102B500038250020AC24002030240020054B1B68C1
:102B600023B1044B1A68136D01331365014B1868C8
:102B7000704700BF382500200D488546FEF7B0FAA3
:102B80000C480D490D4A002302E0D458C4500433C8
:102B9000C4188C42F9D30A4A0A4C002301E013609E
:102BA0000432A242FBD30AF023FAFEF707FBFEE74A
:102BB000008000200000002068030020B807010802
:102BC00068030020E45B0020FEE703460020186055
:102BD00058609A600120D8601961704710B40024D1
:102BE000046044608360C260016101205DF8044BB1
:102BF0007047F0B500270CE00CEB030511F803E07B
:102C000006F805E00133C5689D42F5D82944046003
:102C10000137974213D205686B1C8468B3FBF4F646
:102C200004FB16344368A3420BD00669002EEED095
:102C30000029ECD0C36803FB05FC0023E3E7012077
:102C4000F0BD0020FCE770B50C461646002516E0E6
:102C500001EB0E0C1CF803C004F803C00133C2687A
:102C60009A42F5D8144443680268934216D001335F
:102C70008268B3FBF2F102FB113343600135B542C8
:102C80000AD201690029EED0002CECD04368C2685A
:102C900002FB03FE0023E2E7012070BD0020FCE7F9
:102CA00003690268C06800FB02307047036842682D
:102CB0009B1A8268B3FBF2F002FB103070470023CE
:102CC00080F8E63280F8E5323F2280F8E42280F88E
:102CD000A432704738B5054690F8964104EB44108D
:102CE00004EB40002844432205F5297100F5CC701F
:102CF0000AF0ADF995F89731032B02D8013385F826
:102D0000973185F895410134634204F0030403F0E0
:102D1000030358BF5C4285F89641012385F894313E
:102D200038BD002303E08CF8002001339BB20F2B49
:102D30000BD800EB030CC25C3AB1A2F16101C9B23D
:102D40001929F0D8203AD2B2EDE7102B00D0704705
:102D5000013B0022C254FAE7064BB3F82C349842E8
:102D600005D2044BD3F8303453F8200070470020CC
:102D7000704700BF3C25002008B50346094AB2F859
:102D80002C2490420AD20846064AD2F8302452F83F
:102D90002310FDF745FA18B1002000E0002008BD1F
:102DA0000120FCE73C25002008B5084BB3F82C3483
:102DB000984202D39FED060A08BD044BD3F8303485
:102DC000002153F8200009F0D3F9F5E73C25002055
:102DD0000000000008B5084BB3F82C34984201D32A
:102DE000002008BD044BD3F830340022114653F8BC
:102DF000200009F08FFAF4E73C25002010B50446C6
:102E00000449007801F0E6FF0349207801F0E2FF71
:102E100010BD00BFA0FA0008A4FA000838B590F869
:102E2000973143B304460D4690F8E52222BB94F84F
:102E3000E62232BB012D29D094F99511013194F885
:102E4000973191FBF3F203FB121184F89511C9B28B
:102E500001EB411301EB43012144432201F5CC7105
:102E600004F529700AF0F3F894F8E63284F8E532B4
:102E7000002384F8943138BD0F49007801F0AAFF8F
:102E8000D5E70E49207801F0A5FFD3E794F89431F7
:102E90001BB194F9963184F8953194F9951194F811
:102EA00097311944013991FBF3F203FB121184F8B5
:102EB0009511C9B2CCE700BFACFA0008B4FA00081B
:102EC00070B582B006460024A0F8124100F58A755C
:102ED000C0F8144101AA0C4900F529700AF034F831
:102EE000234609E05C1CA4B245F8230001AA064968
:102EF00000200AF029F823460028F3D1A6F8123161
:102F000003B1012002B070BDBCFA000810B5034C3B
:102F10002070616001F032FF207210BD3C2500205E
:102F200038B5234B5B7A03B938BD054690F8E522E6
:102F30002049807A01F04EFF95F8E6221E49A87AD2
:102F400001F048FF95F8E4221C49A87A01F042FFFD
:102F500005F529721A49A87A01F03CFF95F99521E7
:102F60001849A87A01F036FF95F896211649A87AF3
:102F700001F030FF95F897211449A87A01F02AFF53
:102F800000240CE004EB441304EB430303F5CC737F
:102F90002B4422460E49A87A01F01CFF013495F813
:102FA0009731A342EEDC0B49A87A01F013FFBBE78F
:102FB0003C250020C4FA0008D4FA0008E4FA00080E
:102FC000F4FA000804FB000814FB000824FB0008C6
:102FD00034FB0008A0FA000808B50A460146024B77
:102FE000187801F0EDFE08BD3C2500200FB410B5A7
:102FF00082B004AB53F8042B0193084C4FF480715A
:10300000204609F051FF0246214614F8110C01F048
:10301000D7FE02B0BDE8104004B070474D25002037
:1030200038B50546FFF74CFF08B9002038BD1648F3
:10303000FFF7DCFFD5F81401FFF773FE0024B5F8A5
:10304000E832A342F1DD04EB8401890001F53A7115
:1030500029440431D5F81401FDF7E2F808B1013430
:10306000EDE7B5F81231013BA5F82C3405F58C736A
:10307000C5F8303404EB840405EB8404D4F8FC3246
:1030800005F22C409847D0E7A0FA000830B585B08B
:1030900004468DF80710037CABB9CBB21B2B30D0A4
:1030A0001CD8082B4BD00D2B40F0848090F8E632D2
:1030B0000BBB002384F8E63284F8E53284F8A432AE
:1030C0002046FFF79BFE237C013B032B00F2C880C8
:1030D000DFE813F0C400CC00CF0056017F2B69D18C
:1030E00090F8E5C290F8E6E2F445ECD2AEEB0C05C0
:1030F000EDB2012212E0FFF7EDFD2046FFF790FF51
:10310000D7E701230374DEE70CEB0203591E2344C7
:1031100093F8A402631883F8A40201329542F3DC09
:103120000EF1FF3E5FFA8EFE84F8E6E2A64400232D
:103130008EF8A4329449207801F04CFEC3E790F851
:10314000E6325BB390F8E50240B3834209D094F8CD
:10315000E6C2604522D2ACEB000E5FFA8EFE002282
:1031600011E0013BDBB284F8E6322344002283F80D
:10317000A422ECE78318591E234493F8A452631841
:1031800083F8A45201329645F4DC0CF1FF33DBB234
:1031900084F8E6322344002283F8A42294F8E5322E
:1031A000002B90D0013B84F8E5327849207801F07B
:1031B00011FE88E794F8E632591C94F8E422914213
:1031C00081DA94F8E522934216D094F8E5C294F897
:1031D000E6028445BFF477AFA0EB0C05EDB2002208
:1031E000954224DD831A591E214491F8A4122344E8
:1031F00083F8A4120132F3E701220DF107012078D0
:1032000001F0DEFD94F8E522A3189DF8071083F87D
:10321000A41294F8E6320133DBB284F8E6320132CC
:1032200084F8E5222344002283F8A422CDE79DF808
:10323000072004EB0C0383F8A4220130C0B284F809
:10324000E6020CF1010C84F8E5C22044002380F86A
:10325000A4324F49207801F0BDFD34E702232374E6
:103260002046FFF75DFE002005B030BD0323237428
:10327000F6E7002323749DF80730442B26D09DF8F1
:103280000730432B37D09DF80730412B4AD09DF8AB
:103290000730422B50D09DF80730312B56D09DF887
:1032A0000730342BDCD194F8E53294F8E6229342CF
:1032B00058D394F8E52294F8E6329A4259D894F813
:1032C000E63284F8E53204232374C9E794F8E52252
:1032D000002AD4D0013A84F8E5221B228DF8082078
:1032E0005B228DF809208DF80A30032202A920788C
:1032F00001F066FDC3E794F8E52294F8E6128A42ED
:10330000C1D2013284F8E5221B228DF808205B220D
:103310008DF809208DF80A30032202A9207801F0E7
:103320004FFDB0E701212046FFF778FD04F5297134
:10333000207801F04FFDAAE700212046FFF76EFD3F
:1033400004F52971207801F045FDA4E794F8E52201
:103350001049207801F03EFD002384F8E532042373
:1033600023749CE7D21A92B20B49207801F032FD07
:103370009FE7D21A92B20749207801F02BFD9EE711
:10338000002323746CE700BF44FB00084CFB0008DB
:1033900054FB0008ACFA000860FB000838B5094B84
:1033A0001C7A0CB9204638BD187801F0FBFC0028C7
:1033B000F8D0044D287801F0FCFC01462846FFF7C0
:1033C00065FEEFE73C25002010B50F48FFF70EFE25
:1033D0000E48FFF70BFE00240DE004EB8403980079
:1033E00000F53A700A4B18440430FFF7FFFD064819
:1033F000FFF7FCFD0134064BB3F8E832A342ECDCE6
:103400000448FFF7F3FD10BDA0FA000868FB0008B0
:103410003C25002088FB00082DE9F04383B0038899
:10342000446873B1012B12D810270022114620687E
:1034300008F070FF06462B48FFF7D8FDB046002481
:103440001BE02948FFF7D2FD03B0BDE8F08300225E
:103450001146606808F05EFF0746E6E731682348DA
:10346000FFF7C4FD624204F0030302F0030258BFF9
:103470005342032B0BD004360134BC42E4DA14F07F
:10348000030FEBD131461A48FFF7B0FDE6E71948C4
:10349000FFF7ACFD4FF0000917E01748FFF7A6FD56
:1034A0000135032D0DDC05F108036B4413F8041CF2
:1034B000A1F12003DBB25E2BEFD81048FFF796FD99
:1034C000EEE708F1040809F10109B9F1030F04DC82
:1034D000D8F8003001930025E3E70948FFF786FD9F
:1034E000C9E700BFC0FB0008A8FB0008D4FB000828
:1034F000C8FB0008DCFB0008E4FB0008E0FB000858
:10350000E8FB000808B5044B187801F04BFC08B93B
:10351000012008BD0020FCE73C2500202DE9F041FA
:10352000124BB3F8E8520F2D02D90020BDE8F0810C
:103530000E46AF0005EB8504A40004F53A749846E6
:103540001C4404340146204609F079FD2F4408EB61
:103550008707C7F8FC622046FFF7E3FBB8F8E832BC
:103560000133A8F8E8320120E0E700BF3C25002045
:1035700008B51248002303724372037480F8953132
:1035800080F8963180F8973180F894310C4BC0F870
:1035900034340C4BC0F838340B4BC0F83C340B4B74
:1035A000C0F84034FFF78BFB09490A48FFF7B6FF24
:1035B00009490A48FFF7B2FF012008BD3C25002059
:1035C000D52D0008A92D0008592D0008792D0008D7
:1035D000C9330008F0FB000819340008F8FB0008A4
:1035E00010B58CB004464FF4AD6300FB03F32833F1
:1035F000234A134401A9181D02F02EFE049B03B3B5
:103600001F4B4FF4AD6202FB04335A6842F00102D3
:103610005A60059BFBB11A4B4FF4AD6202FB0433B9
:103620005A6842F002025A60069BF3B1144B4FF401
:10363000AD6202FB04335A6842F004025A600CB0D7
:1036400010BD0F4B4FF4AD6202FB04335A6822F0F9
:1036500001025A60DDE70A4B4FF4AD6202FB04330E
:103660005A6822F002025A60DEE7054B4FF4AD6261
:1036700002FB04335A6822F004025A60DFE700BFFD
:103680008429002010B500242CB112491248FFF7FC
:1036900045FF012010BD11494FF4AD6004FB00F05F
:1036A0000B1801220A5400225A705A601A72DA600A
:1036B0001A615A619A61DA6100F1A80C90300844ED
:1036C00010234C2261440430FFF788FA0134E4B23D
:1036D000DAE700BF353C0008FCFB00088429002025
:1036E00058BB00B587B0844602BB0092154A4FF420
:1036F000AD6000FB0C22126A402A1BD0022203920A
:103700000191022202920493089B05934FF4AD634A
:1037100003FB0CF028300B4B18446946043002F0D0
:10372000FBFB60B1002007B05DF804FB4FF0804266
:103730000092DBE701220392E2E7002070470120BC
:10374000F1E700BF842900202DE9F04182B09DF807
:1037500020E018B1002002B0BDE8F08105464FF42A
:10376000AD6005FB00F000F12804534E34440434EE
:1037700006EB000C5148CCF82C000026CCF8306049
:103780004F4850F82200CCF834004E4850F8210041
:10379000CCF8380001208CF83C008CF83D008CF807
:1037A0003E004FEA03184848006800EB031750F842
:1037B0000800CCF840007868CCF84400B868CCF831
:1037C0004800F868CCF84C004FEA0E183F480068F3
:1037D00000EB0E1750F80800CCF850007868CCF8D1
:1037E0005400B868CCF85800F868CCF85C001C208D
:1037F000CCF860000820CCF86400CCF868608CF845
:1038000028108CF829208CF82A308CF82BE04023E3
:10381000CCF820302E4BCCF82430204602F092FA1F
:1038200008B1002097E700963346324631462846D5
:10383000FFF756FF00963346012231462846FFF730
:103840004FFF0096334602221146204602F097FBB6
:1038500008B100207FE7184B4FF4AD6202FB05333F
:103860003246596A204602F031FD08B1002072E765
:10387000114B4FF4AD6202FB0533196D9B6D32465F
:1038800003FB01F1204602F09BFB08B1002062E738
:10389000204602F0A6FB08B100205CE7204602F0BB
:1038A000B2FB38B9044B4FF4AD6202FB0533012083
:1038B000587050E700204EE7842900200064004043
:1038C000E8010108DC010108100000200C000020C4
:1038D00007000E00012801D90020704708B54FF4F9
:1038E000AD6303FB00F09030024B18440430FFF747
:1038F000DDF908BD8429002001285ED8F0B58BB021
:103900000D4616462F4B4FF4AD6202FB00335B6849
:1039100013F0040F53D102FB00F42834294B1C444C
:10392000043491F847302BB1012B05D14FF080437F
:10393000029301E00023029395F84830012B17D041
:10394000022B1BD00BB9079306932B68019300231E
:10395000099308930593039395F846201A4B53F85F
:1039600022300493204602F0ABFC70B9002027E01F
:103970004FF40013079300230693E6E74FF4001378
:1039800007934FF480130693DFE7FDF7BDFA074670
:10399000AA1D01A9204602F092FB08B100200FE009
:1039A000204602F08DFC30B9FDF7AEFAC01BB042E4
:1039B000F6D3002004E0012002E000207047002040
:1039C0000BB0F0BD84290020F4010108012801D9C1
:1039D0000020704708B54FF4AD6303FB00F0903052
:1039E000034B184401220430FFF72DF908BD00BF36
:1039F00084290020012801D90020704700B585B036
:103A00004FF4AD6303FB00F02830074B18446946C0
:103A1000043002F046FC20B9BDF8040005B05DF8A2
:103A200004FB0020FAE700BF84290020012801D907
:103A30000020704700B585B04FF4AD6303FB00F084
:103A40002830074B18446946043002F02AFC20B99C
:103A5000BDF8000005B05DF804FB0020FAE700BFE8
:103A60008429002001281BD838B50E4B4FF4AD62D5
:103A700002FB00335B7803B938BD0A4C02FB00F04F
:103A8000251800226A60283004440434204602F0DD
:103A9000D1FA204602F0B7FAEB680133EB60EBE7AE
:103AA000704700BF8429002010B50024204609E09B
:103AB000174B4FF4AD6202FB04331B7A2BB1012B81
:103AC00017D00134002CF3DD10BD114B4FF4AD6263
:103AD00002FB04335B6813F0040FF2D0E0B2FFF78F
:103AE000C1FF0B4B4FF4AD6202FB0433012018728F
:103AF000E7E7074B4FF4AD6202FB04335B6813F05A
:103B0000040FDED1024B02FB043300221A72D8E705
:103B1000842900202DE9F0438BB0074688464FF4F6
:103B2000AD6600FB06F606F190042C4D2C440434DF
:103B30002046FFF7B5F881463544831D6A46296A59
:103B4000404602F0E5FA68BB019B73BB009BC9F8D5
:103B50000030002389F84730039A214B53F8223074
:103B6000A9F80430069BB3F5001F25D0002389F87F
:103B70004830012200212046FFF73BF838B9174BA7
:103B80004FF4AD6202FB07331A6901321A61134B1D
:103B90004FF4AD6202FB0733D3F8903013B14846BF
:103BA0009847A8B90BB0BDE8F083009BC9F8003076
:103BB000012389F84730CFE7059BB3F5801F03D079
:103BC000012389F84830D4E7022389F84830D0E748
:103BD000012200212046FFF736F8E3E78429002080
:103BE0003402010801281CD810B50E4B4FF4AD6209
:103BF00002FB00335C6814F0010F06D114F0020FD1
:103C000007D114F0040F08D110BD074800F0BEFF23
:103C1000F4E7064800F0BAFFF3E7054800F0B6FF06
:103C2000F2E770478429002000FC00081CFC000813
:103C300038FC00082DE9F04194B004460388012BBC
:103C40000CD000252388012B31D02388012B74D080
:103C5000002D00F0508114B0BDE8F0814369AB49FC
:103C60000020984705460028ECD000271CE0A84E0D
:103C70004FF4AD6303FB07667178A648FFF7B6F90A
:103C80003169A548FFF7B2F97169A448FFF7AEF9A9
:103C9000B169A348FFF7AAF9F169A248FFF7A6F9AD
:103CA000F8B2FFF79FFF0137002FE0DDCAE7636935
:103CB0009D490020984706460028C6D00027FFF7F8
:103CC00021FC002837D00020FFF704FE0028F6D0A2
:103CD00001A90020FFF77AFE9449A1FB0731890969
:103CE0004FF47A7303FB11714F1C9148FFF77EF973
:103CF0009DF84B3053B98F48FFF778F9BDF808208D
:103D000001998D48FFF772F900250CE08B48FFF709
:103D10006DF9F3E705F150036B4413F8461C88482E
:103D2000FFF764F90135BDF80830AB42F2DC854895
:103D3000FFF75CF9C3E7354687E7636982490020EE
:103D400098478046002883D0714B5E6800273D4627
:103D500080E0FDF7D9F8054601228DF84C208DF85A
:103D60004B2008238DF84A304FF445710191ADF88E
:103D700008308DF80A2002228DF80B2003228DF8DE
:103D80000C2004228DF80D2005228DF80E2006222D
:103D90008DF80F2007228DF810208DF811300A229F
:103DA00001A90020FFF7A8FDF0B90020FFF722FECF
:103DB00010B9FFF73BFE58B10020FFF71BFE044689
:103DC0000020FFF733FE024621466048FFF70EF958
:103DD0005F4B1B68002B48D05D4C21685D48FFF7A6
:103DE00005F90023236040E05049A1FB0731890910
:103DF0004FF47A7303FB11714F1C5748FFF7F6F825
:103E00009DF84B3053B94B48FFF7F0F8BDF8082048
:103E100001994948FFF7EAF800240CE04748FFF70A
:103E2000E5F8F3E704F150036B4413F8461C4448EB
:103E3000FFF7DCF80134BDF80830A342F2DC41485A
:103E4000FFF7D4F8B1E7FFF72FFED8B90020FFF74E
:103E500041FDD8B9FFF756FB00284AD0FDF754F8CA
:103E6000431BB3F57A7FBFF474AF294B5968B14255
:103E7000E9D03A48FFF7BAF80020FFF7B3FE244B29
:103E80005E68E0E73648FFF7B1F8DFE701A90020F8
:103E9000FFF79CFD2549A1FB073189094FF47A738F
:103EA00003FB11714F1C2248FFF7A0F89DF84B301F
:103EB00053B92048FFF79AF8BDF8082001991E4829
:103EC000FFF794F800240CE01C48FFF78FF8F3E7A5
:103ED00004F150036B4413F8461C1948FFF786F8A9
:103EE0000134BDF80830A342F2DC1648FFF77EF833
:103EF000B0E74546ACE61B48FFF778F81A48FFF7ED
:103F000075F81A48FFF772F8A5E600BF54FC0008E0
:103F1000842900205CFC000874FC00088CFC00086C
:103F2000A4FC0008BCFC0008D4FC0008D34D6210BF
:103F3000DCFC0008ECFC0008FCFC0008F4FC0008B9
:103F400010FD0008A0FA000818FD000830FD000868
:103F50008029002044FD000820FD000850FD0008D5
:103F600064FD000878FD000884FD000890FD00084D
:103F700008B50020FFF734FB08BD0000054A1368B0
:103F800001331360036E23B1034A536843F01003F7
:103F900053607047802900208429002008B502481A
:103FA00002F01FFA08BD00BFB029002010B50C4672
:103FB00011F0010F0ED114F0020F03D0084A9369DB
:103FC0000133936114F0040F03D0054AD369013320
:103FD000D36110BD01460020FFF79CFDEBE700BF59
:103FE0008429002000B589B000230393049305932E
:103FF000069307930268174B9A4202D009B05DF806
:1040000004FB03F5D6339A6D42F000729A659A6DFF
:1040100002F000720192019ADA6C42F00202DA6454
:10402000DB6C03F002030293029B4FF44073039393
:10403000022304930923079303A9074802F096FA81
:1040400000221146152001F0ABFD152001F0B8FD4E
:10405000D4E700BF006400400004004808B501F048
:104060001DFA014B187008BDEC2E002008B501F0B8
:1040700051FA08BD08B501F02DFA08BD08B501F0E8
:1040800031FA08BD08B501F061FA08BD08B501F0C4
:104090003BFA08BD82B00023019302E0019B01338B
:1040A00001934FF47A7300FB03F3019A9342F5D81E
:1040B00002B0704710B500243CB10C490C48FFF722
:1040C0002DFA01200B4B187010BD00230A4A42F84C
:1040D00024300A4A13550A4800EB8400FDF702F920
:1040E000084B43F824000134E6E700BF29450008E7
:1040F0009CFD0008492F0020502F0020482F002051
:1041000060030108442F00202DE9F04786B00546E2
:1041100000EB8003384E06EB8306D6F80890CDF806
:1041200004904FF0110ACDF808A000240394032353
:104130000493D6F8048001A9404602F017FA8027BC
:104140000197CDF808A00394F66801A9304602F063
:104150000DFA01221FFA89F1404602F07FFB01228D
:104160003946304602F07AFB0520FFF793FF17E04F
:1041700005EB8502204B03EB82031F895E6800225A
:104180003946304602F06AFB0520FFF783FF012223
:104190003946304602F062FB0520FFF77BFF013411
:1041A000082CE5DD144E05EB850406EB8404B4F819
:1041B0000890D4F8048000224946404602F04EFBA5
:1041C0000520FFF767FF00228021E06802F046FB30
:1041D0000520FFF75FFF01224946404602F03EFB03
:1041E0000520FFF757FF01228021E06802F036FB2F
:1041F00006B0BDE8F08700BF4C03010838B500EBFE
:104200008002184B53F8225008B1002038BD0446F4
:10421000154B19540023154A1354154A2A60154AA0
:1042200052F821206A60AB600122EA602B616B6169
:10423000EB612B62FFF768FF284602F088FD2846F5
:1042400002F021FD08B10020E0E70021284603F03C
:104250000BFC0021284603F035FC0120034B1855C8
:10426000D4E700BF4C0301084C2F0020482F00204A
:10427000005400404403010870B504460D4600EBAD
:1042800080020C4B53F8226064210B4B53F8200042
:10429000FDF72DF80A231A466900304602F0EEFFBA
:1042A00008B9012070BD044B53F82400FDF74FF806
:1042B0000020F7E74C030108442F00202DE9F041CE
:1042C00084B0044600EB800C144850F82C8024B1D4
:1042D0000025284604B0BDE8F0810F4616461D466D
:1042E0004FF0FF310E4B53F82400FDF700F8790032
:1042F00089B20B9B0293BDF82830019300950123EE
:104300003246404602F0E2FE30B90125044B53F834
:104310002400FDF71CF8DCE70025F7E74C03010853
:10432000442F002010B582B0049C01940124009415
:10433000FFF7C4FF02B010BD2DE9F04184B0044680
:1043400000EB800C144850F82C8024B1002528463E
:1043500004B0BDE8F0810F4616461D464FF0FF3110
:104360000E4B53F82400FCF7C2FF790089B20B9B77
:104370000293BDF82830019300950223324640464F
:1043800002F0A4FE30B90125044B53F82400FCF7D9
:10439000DEFFDCE70025F7E74C030108442F00208F
:1043A00010B582B0049C019401240094FFF7C4FF6F
:1043B00002B010BD2DE9F04184B0044600EB800C42
:1043C000144850F82C8024B10025284604B0BDE8DC
:1043D000F0810F4616461D464FF0FF310E4B53F845
:1043E0002400FCF784FF790089B20B9B0293BDF88F
:1043F00028300193009501233246404602F092FD99
:1044000030B90125044B53F82400FCF7A0FFDCE78A
:104410000025F7E74C030108442F002000B585B0C4
:104420008DF80F30069B0193012300930DF10F03CC
:10443000FFF7C0FF05B05DF804FB00002DE9F04177
:1044400084B0044600EB800C144850F82C8024B152
:104450000025284604B0BDE8F0810F4616461D46EB
:104460004FF0FF310E4B53F82400FCF740FF79006A
:1044700089B20B9B0293BDF828300193009502236B
:104480003246404602F04EFD30B90125044B53F848
:104490002400FCF75CFFDCE70025F7E74C0301088C
:1044A000442F002000B585B08DF80F30069B019396
:1044B000012300930DF10F03FFF7C0FF05B05DF876
:1044C00004FB00002DE9F04182B0044600EB800CB3
:1044D000134850F82C5024B10025284602B0BDE8FE
:1044E000F0810F46164698464FF0FF310D4B53F8BA
:1044F0002400FCF7FCFE790089B2089B00931FFAA8
:1045000088F33246284602F03BFC30B90125054BC2
:1045100053F82400FCF71BFFDFE70025F7E700BF97
:104520004C030108442F00202DE9F047A4B00446B5
:104530000388022B5AD0052B3ED18368012098476F
:1045400010F0FF0500F08A80012D28BF0125A36827
:10455000022098471FFA80F9A3680320984706466F
:104560001FFA80FAA36804209847074605F1FF3830
:104570005FFA88F863698A4900209847002874D157
:104580006369884900209847002840F08880636963
:10459000854900209847002840F0BB806369834923
:1045A00000209847002840F0B680636980490020C9
:1045B0009847002840F0CB8001217E48FEF716FD89
:1045C00001217D48FEF712FD7C48FEF70FFD7C4877
:1045D000FEF70CFD7B48FEF709FD7B48FEF706FD64
:1045E0007A48FEF703FD24B0BDE8F0878368012018
:1045F000984710F0FF0519D0012D28BF0125013D76
:10460000EDB2636972490020984700BB6369714944
:10461000002098470028E6D001212846FFF7EEFD4C
:10462000B8B1691C6C48FEF7E1FCDCE70125E6E760
:1046300001347F2CD7D8E1B22846FFF71DFE0028B1
:10464000F6D02246691C6548FEF7D0FCF0E700244E
:10465000EFE7691C6248FEF7C9FCC4E7012576E76D
:1046600029466048FEF7C2FCBDE70024BBB2A34266
:10467000B9D90AEB04026423009304AB92B2494611
:104680004046FFF74FFE0028EAD09DF8103014FA9C
:1046900086F229465448FEF7A9FC0134E6E7FCF708
:1046A00033FC044664230093FBB25246494640461D
:1046B000FFF7B4FE50B1FCF727FC001B0090BBB223
:1046C000B2B229464948FEF791FC8CE72946454895
:1046D000FEF78CFC87E79DF8103014FA86F2294625
:1046E0004148FEF783FC0134BBB2A3427FF67BAFA7
:1046F0000AEB04026423009304AB92B2494640469D
:10470000FFF74EFE0028E6D129463648FEF76EFC3C
:1047100069E70024E8E7FCF7F7FB0446642300930D
:10472000FBB2524649464046FFF7BCFE50B1FCF78B
:10473000EBFB001B0090BBB2B2B229462C48FEF73F
:1047400055FC50E729462748FEF750FC4BE7FCF79D
:10475000DBFB04464FEA1A2A8DF808A08DF80960A1
:10476000FBB28DF80A305B428DF80B306423009366
:10477000032302AA49464046FFF7A4FE50B1FCF7C6
:10478000C3FB001B0090BBB2B2B229461848FEF72B
:104790002DFC28E729461348FEF728FC23E700BF35
:1047A000D4FC000828FE000854FE00085CFE000847
:1047B00088FE000894FE0008B0FE0008CCFE000849
:1047C000F8FE000824FF000854FF000884FF0008DA
:1047D000A0FD0008C4FD0008CCFD0008A8FD0008ED
:1047E000E0FD000814FE0008F8FD000830FE000897
:1047F00064FE00080268064B1B689A4200D07047AE
:10480000436C002BFBD0034A136801331360F6E7B7
:10481000F02E0020502F002008B5024803F0E2F8E7
:1048200008BD00BFF02E0020F0B589B0002303932F
:1048300004930593069307930268214B9A4201D093
:1048400009B0F0BD1F4CE36C43F00103E364E36C7B
:1048500003F001030093009BE36C43F00203E36465
:10486000E36C03F002030193019B4FF400430393B5
:1048700012270497012505950426079603A94FF0F2
:10488000904001F073FE8023039304970595002563
:104890000695079603A90C4801F068FEA36D43F442
:1048A0000013A365A36D03F400130293029B2A4631
:1048B0000521202001F074F9202001F081F9BFE7E3
:1048C00000540040001002400004004808B502688F
:1048D0000B4B9A4200D008BD0A4A936D23F4001393
:1048E00093654FF400414FF0904001F029FF802183
:1048F000054801F025FF202001F066F9EBE700BF35
:10490000005400400010024000040048012800D973
:10491000704708B5044B03EBC0010022898853F8A7
:10492000300001F09BFF08BD6403010810B586B09C
:104930000024019402940394049405940F4BDA6CC0
:1049400042F00402DA64DB6C03F004030093009B82
:10495000012302930DE00A4B03EBC40292880192FB
:1049600001A953F8340001F001FEE0B2FFF7CEFFD9
:104970000134012CEFDD012006B010BD0010024013
:1049800064030108012800D9704708B5044B03EB04
:10499000C002918853F8300001F065FF08BD00BFE8
:1049A000640301082DE9F04106460388012B0AD073
:1049B00000273388012B23D03388012B3ED0002FD2
:1049C0005AD0BDE8F0814369304900209847074636
:1049D0000028EED02E4C21882E48FEF707FB618878
:1049E0002D48FEF703FB2D48FEF700FB2C4C2188D9
:1049F0002C48FEF7FBFA61882B48FEF7F7FAD8E758
:104A000073692A490020984780460028D4D00025A1
:104A100006E01F4B986821462844FEF7DDFA25443E
:104A2000FEF770FD074638B1194B5C88641BC3D094
:104A3000402CEED94024ECE74746BDE773691C499A
:104A40000020984706460028B9D0002506E0144B00
:104A5000986821462844FEF7BFFA2544FEF752FD28
:104A6000074638B10E4B5C88641BA8D0402CEED9A9
:104A70004024ECE73746A2E70E48FEF7B7FA0E48A7
:104A8000FEF7B4FA0D48FEF7B1FA9AE754FC0008B5
:104A9000643C0020B4FF0008CCFF0008A0FA000826
:104AA000583C0020E4FF0008FCFF00081400010847
:104AB0001C00010824000108300001083C00010826
:104AC00010B50E4A0023138053804FF4806191800B
:104AD000D3800B4991600B4A138053804FF40061DF
:104AE0009180D380084B93600124084B1C700849C7
:104AF0000848FEF713FD204610BD00BF643C0020AF
:104B000058380020583C00205830002056300020F3
:104B1000A549000848000108003818BF0120014BD2
:104B2000187070471500002030B583B004469446D5
:104B3000C3881344083382889A4205D20023C38075
:104B40000CF108039A4219D3E088009123880E4A99
:104B50000CF10801A568284408F0FEF82388013309
:104B60002380E38882B21344E38063881844A188D9
:104B7000884205DC1A446280012002E0002000E047
:104B8000012003B030BD00BF4C0001080FB410B5C8
:104B900082B0164B1B7823B902B0BDE8104004B0B8
:104BA000704705AB0193049A4FF48071104808F0E8
:104BB0007BF904460F4B1B7813B10F4B1B7843B99D
:104BC0000E4B1B7863B9224609490D48FFF7ACFF2D
:104BD000E2E7024606490B4B187800F0F1F8EFE7E0
:104BE000224603490848FFF79FFFECE756300020B4
:104BF000542F002055300020140000201500002004
:104C0000583C002054300020643C002008B5134B71
:104C1000D3F8F03013F0010F0DD10022104BD3F870
:104C2000943013F0806F00D03AB10021012000F0E1
:104C300073F8012008BD0122F0E7012000F064F8BC
:104C4000411C012000F068F84FF4FA70FCF74EF9AF
:104C5000012000F059F8034B1860E6E700ED00E092
:104C600000100240703C0020014B1868704700BFE4
:104C7000703C002000B583B0134B019304F004F89E
:104C80004FF0E02200231361536193610FE00F4A5C
:104C900003F120004FF0FF3142F8201003F16000D3
:104CA00042F82010BFF34F8FBFF36F8F0133072BF4
:104CB000EDDD019B5B68019A126882F308889847D2
:104CC00003B05DF804FB00BF0000FF1F00E100E03F
:104CD00008B50B480B4B0360002343607F228260C2
:104CE000FF22C2600361436183614FF08042C26171
:104CF000036204F0E9FD08B9012008BD0020FCE7CB
:104D0000743C00200028004008B50146014804F02A
:104D100033FE08BD743C002008B50A46014602482F
:104D200004F023FE08BD00BF743C00200268064B5F
:104D30009A4200D07047054AD2F8903043F40043BD
:104D4000C2F89030F6E700BF002800400010024093
:104D50000023002B01DD0120704707494FF48562D5
:104D600003FB02F288184FF0000C01F802C04FF468
:104D7000614242600133ECE79C3C0020034668B985
:104D8000074A4FF4856000FB03F302EB030C01209C
:104D90008CF80800CCF80410D054704700207047FD
:104DA0009C3C002008B10020704708B5FFF762F96D
:104DB00008BD08B10020704708B5FFF75FF908BDCE
:104DC00008B10020704708B50B4611461846FFF79A
:104DD00059F908BD0EB410B5C3B0044645AB53F83D
:104DE000042B01934FF4807102A808F05DF802468D
:104DF00002A92046FFF7E4FF43B0BDE8104003B02E
:104E0000704708B10020704708B5FFF73FF908BDAB
:104E100008B503490348FEF781FB012008BD00BF28
:104E2000614E00085400010808B5FFF71FF908BDDE
:104E30000A4BD3F8BC3253B1084B93F89C32DBB227
:104E4000032B06D1054B5B682BB101207047002076
:104E50007047002070470020704700BFC44000200A
:104E6000F8B504460388012B09D000252388012BBF
:104E700028D02388012B4ED0002D79D0F8BD43696E
:104E8000404900209847054698B9EFE7FFF7D0FF63
:104E900001463D48FEF7AAF8FFF7C6FF01463B482A
:104EA000FEF7A4F802213A48FEF7A0F86420FCF7C8
:104EB0001DF8FEF727FB0028E8D102213548FEF750
:104EC00095F8D3E7636934490020984707460028DE
:104ED000CFD0FCF719F80646002504E01F212F4823
:104EE000FFF7D0F81F35FEF70DFB70B1FCF70CF89B
:104EF000831BB3F57A7FF1D3FCF706F80646A90ABF
:104F00002748FFF743FE0025E8E702212148FEF786
:104F10006DF83D46ADE763692249002098470028B7
:104F2000AAD0FBF7F1FF074600260EE0FBF7ECFFE7
:104F30000746B10A1C48FFF729FE00260EE0FFF7DE
:104F40009DF80134AC42FAD32E44FEF7DBFA50B19F
:104F5000FBF7DAFFC31BB3F57A7FE7D2FFF78AF8D6
:104F600005460024EEE702210A48FEF73FF885E7F0
:104F70000E48FEF73BF80E48FEF738F80D48FEF7EE
:104F800035F87BE754FC0008580001086C00010864
:104F9000800001088800010890000108A4000108B1
:104FA00094000108C8000108CC000108DC000108D9
:104FB000E8000108F400010808B5012803D000202A
:104FC000134B187008BD00221249134805F0C3FDA9
:104FD00008B10020F6E711490F4805F0D3FD08B1EC
:104FE0000020EFE70E490C4800F096F908B10020C8
:104FF000E8E7094805F0DDFD08B10020E2E7FFF72A
:105000002DF80848FFF7C2FD0120074B1870D7E7BD
:105010009543002078010020C4400020E4000020D7
:1050200030010020000101089443002008B5024827
:1050300003F01EFB08BD00BFB457002010B5D0F828
:10504000BC42D0F8C0325BB194F80002FF2807D010
:105050009B6894F8012221469847FF2384F8003288
:10506000002010BD43230380004870475C000020EF
:105070004323038000487047A0000020432303809F
:1050800000487047180000200A230380004870473A
:105090001C01002038B5D0F8BC5275B1044600F0B0
:1050A0008FFCC5F80C02D4F8C032DB6805F503713B
:1050B000D5F804029847002038BD0320FCE710B55E
:1050C000D0F8C442D0F8BC3253B301EB810200EBFC
:1050D000820292694AB101EB810C04EBCC04246A90
:1050E000B2FBF4FC04FB1C2272B10022C3F81422B0
:1050F000D0F8C0221469ACB10A4603F50471D3F8A4
:105100000802A047002010BD01EB810300EB8303E0
:1051100000249C612346224600F042FC2046F2E730
:105120000320F0E70020EEE7F0B583B006460C461A
:10513000D0F8BC7200238DF80730ADF804300B783E
:1051400013F0600527D0202D5BD1CA88DAB113F0A7
:10515000800F0CD0D0F8C0329B68394660789847F1
:10516000E2883946304606F0BDF900254CE04B7820
:1051700087F800328B7987F80132CA88394606F001
:10518000C6F9002540E0D0F8C0329B68002248787C
:105190009847002538E04F780B2F2ED8DFE807F02E
:1051A00006342D2D2D2D2D2D2D2D152490F89C32CE
:1051B000DBB2032B03D005F05BFE032524E00222C3
:1051C00001A906F08FF93D461EE090F89C32DBB253
:1051D000032B03D005F04CFE032515E001220DF151
:1051E000070106F07FF90FE090F89C32DBB2032B49
:1051F0000AD005F03DFE032506E005F039FE032543
:1052000002E005F035FE0325284603B0F0BD38B5B1
:105210000446812100F087FB0025258701212046D7
:1052200000F081FBA4F878518221204600F07BFB3E
:10523000A4F84C50A4F84E50D4F8BC324BB1D4F87A
:10524000C0325B689847D4F8BC0200F0C3FBC4F8D6
:10525000BC52002038BD70B504464FF4077000F012
:10526000B5FBB8B30646C4F8BC02237CBBBB4FF405
:10527000007302228121204600F04AFB0125258788
:105280004FF4007302222946204600F041FBA4F8A7
:1052900078511023A4F84E3008230322822120469F
:1052A00000F036FB0123A4F84C30D4F8C0321B6860
:1052B00098470023C6F81432C6F81832257C15BB6F
:1052C0004FF40073D6F804220121204600F070FB51
:1052D000284670BD0023C4F8BC320225F8E74023FD
:1052E00002228121204600F013FB0125258740235F
:1052F00002222946204600F00BFBA4F87851102327
:10530000A4F84E30C8E74023D6F8042201212046F5
:1053100000F04EFB0025DBE719B1C0F8C0120020F9
:10532000704703207047D0F8BC32C3F80812C3F8A6
:10533000102200207047D0F8BC32C3F804120020BD
:105340007047D0F8BC2292B108B5D2F814320BB134
:10535000012008BD0123C2F81432D2F81032C36212
:10536000D2F80822812100F01BFB0020F1E7032086
:10537000704710B5D0F8BC2292B1047C44B94FF408
:105380000073D2F80422012100F012FB204610BD68
:105390004023D2F80422012100F00AFB0024F5E7A3
:1053A0000324F3E70020014B187070479743002057
:1053B00021281AD0222828D0202814D10B78164A68
:1053C0001360487843EA00231360887843EA004377
:1053D0001360C87843EA006313600B7913714B794B
:1053E00053718B799371002070470B4B1A780A70B8
:1053F0005A784A709A788A70DA78CA701A790A717B
:105400005A794A719B798B71EDE74B8803F0010360
:10541000024A1370E7E700BF2801002097430020ED
:105420000020704770B505460D4E0A6801463046AB
:10543000FDF7DFFBB4683046FDF738FC241A013C69
:105440003F2C04D8074B01221A70002070BD064C77
:1054500029462046FFF76FFF2046FFF78AFFF4E753
:10546000AC4B002096430020C440002010B5074CF0
:10547000002207492046FFF756FF06492046FFF75E
:105480005AFF0020044B187010BD00BFC44000201C
:10549000C04B0020A84F00209743002008B5084BC0
:1054A00000221A704FF4806206490748FDF78DFB11
:1054B0004FF4806205490648FDF787FB012008BDCF
:1054C0009743002098470020AC4B002098430020D1
:1054D000984B002008B50248FDF7E8FB08BD00BF67
:1054E000AC4B002000B583B000238DF807300122BB
:1054F0000DF107010348FDF7A6FB9DF8070003B077
:105500005DF804FBAC4B0020014B1868704700BFEE
:10551000280100200B4BD3F8BC3263B10A4B18783A
:1055200040B1084B93F89C32DBB2032B05D1054BFD
:105530005B6823B17047002070470020704700204F
:10554000F8E700BFC4400020974300202DE9F04158
:1055500007460D46FFF7DEFF18B900263046BDE8C6
:10556000F081FBF7D1FC804600260AE0ACB9FFF7DA
:10557000D1FF0028F2D0FBF7C7FCA0EB0803632B98
:10558000ECD8AE42EAD209488468FDF78FFB241AB2
:10559000013CA542EAD82C46E8E7224639460348B2
:1055A000FDF727FB27442644E1E700BF984B002086
:1055B00070B51C4B1B788BB91B48FDF777FB044675
:1055C00010F03F0F02D138B1441E05D0174BD3F86D
:1055D000BC32D3F81432ABB1002070BD14488468DB
:1055E000FDF764FB241A013C3F2CE5D90F4C11490F
:1055F0002046FFF7A0FE2046FFF7BBFE094B002226
:105600001A70D9E70C4E224631460748FDF71BFBBE
:10561000064D224631462846FFF785FE2846FFF70D
:1056200090FED9E796430020984B0020C44000200C
:10563000AC4B0020A84F0020C04B002012230B8051
:10564000004870476401002004230B800048704725
:1056500060010020002393421ED200B510E00CF13F
:10566000370C01F813C000014FEA430C0CF1010C98
:105670004FF0000E01F80CE00133DBB2934209D287
:105680004FEA107CB0F1204FE9D20CF1300C01F858
:1056900013C0E8E75DF804FB7047000038B50B4B1A
:1056A000D3F89005D3F89445D3F89835C01800D1B5
:1056B00038BD074D08222946FFF7CCFF042205F12B
:1056C00010012046FFF7C6FFF2E700BF0070FF1F82
:1056D0004601002008B51A230B80FFF7DFFF0148C1
:1056E00008BD00BF4401002008B50A4628B9054995
:1056F000054805F0DAFE034808BD0249024805F0F6
:10570000D4FEF8E7905300201C01010810B50A46AA
:10571000034C2146034805F0C8FE204610BD00BFDB
:10572000905300203401010808B50A4628B90549FC
:10573000054805F0BAFE034808BD0249024805F0D5
:10574000B4FEF8E7905300204801010808B50A4666
:1057500028B90549054805F0A8FE034808BD0249D7
:10576000024805F0A2FEF8E790530020540101081A
:10577000032805D8DFE800F0050402050120704782
:105780000320704702680E4B9A4200D0704700B564
:1057900083B003F5DA339A6D42F400029A659B6D8B
:1057A00003F400030193019B00220621142000F062
:1057B000F7F9142000F004FA03B05DF804FB00BF11
:1057C000005C004008B500F52671D0F8D80205F05D
:1057D00005FA08BD08B501EB810300EBC303D3F85C
:1057E0006421D0F8D80205F025FA08BD08B501EB10
:1057F000810300EBC3035A6AD0F8D80205F056FAC9
:1058000008BD08B5D0F8D80205F0F6FA08BD10B505
:1058100004464379022B09D10121D4F8D80205F0BE
:10582000D1FAD4F8D80205F0A0FA10BDFBF770FB4E
:10583000F2E7000010B50446D0F8D80205F0C5FA2A
:10584000637A23B1044A136943F006031361034BDF
:1058500000221A7010BD00BF00ED00E0B05700201C
:1058600008B5437A23B1054A136923F0060313618F
:10587000D0F8D80205F0B3FA08BD00BF00ED00E093
:1058800010B503461C48C0F8D832C3F8C4021B4BFD
:1058900003600823037102234371C3710123037260
:1058A000002343728372C37202F0C4F908BB124C26
:1058B000142300221146204603F0F0F8542300225E
:1058C0008021204603F0EAF894230022812120461B
:1058D00003F0E4F8D42300220121204603F0DEF88F
:1058E0004FF48A7300228221204603F0D7F800206B
:1058F00010BDFBF70DFBDAE7B4570020005C004059
:1059000008B5D0F8C40202F0F0F9FFF731FF08BD86
:1059100008B594461A466346D0F8C40202F081FFE7
:10592000FFF726FF08BD08B5D0F8C40202F0BCFF9F
:10593000FFF71EFF08BD08B5D0F8C40203F036F823
:10594000FFF716FF08BD08B5D0F8C40203F067F8EA
:10595000FFF70EFF08BDD0F8C43211F0800F08D158
:1059600001F07F0101EB810103EBC10393F85201C8
:10597000704701F07F0101EB810103EBC103987CCB
:105980007047000008B5D0F8C40202F05EFEFFF7D1
:10599000EFFE024B01221A7008BD00BFB057002075
:1059A00008B5D0F8C40202F0DBFFFFF7E1FE08BD46
:1059B00008B5D0F8C40202F0ADFFFFF7D9FE08BD6C
:1059C00008B5D0F8C40202F0C2FF08BD0048704715
:1059D000905500207047000010B5FDF7C9FD044642
:1059E000FFF76EF80440E4B2FFF772F90440FFF7E6
:1059F0000DF90440FEF79AFF0440FFF735F902283D
:105A000025D01448FFF7C2F813491448FFF7BEF831
:105A100013491448FFF7BAF8FFF7FAF904400120D8
:105A2000FFF7CAFA0440FFF793F904404FF46141CD
:105A30000020FFF7A3F90440FDF724FE0440FEF721
:105A400039FB04400020FFF767F8204610BDFFF740
:105A500011F9D6E7640101087C01010888010108F9
:105A6000A0010108AC01010810B5032000F086F880
:105A70000020FBF73FFB10B10124204610BD044677
:105A8000FBF7AEFAF9E70000034A13680349096817
:105A90000B441360704700BF905A0020980100200B
:105AA000014B1868704700BF905A002038B5044673
:105AB000FFF7F6FF0546B4F1FF3F02D0044B1B6829
:105AC0001C44FFF7EDFF401BA042FAD338BD00BFD6
:105AD00098010020002807DB00F01F024009012385
:105AE0009340024A42F82030704700BF00E100E0D6
:105AF00000280CDB00F01F024009012393402030F6
:105B0000034A42F82030BFF34F8FBFF36F8F7047C7
:105B100000E100E0002808DB0901C9B200F16040A3
:105B200000F5614080F80013704700F00F00090194
:105B3000C9B2014B1954704714ED00E000B500F0F4
:105B40000700C0F1070CBCF1040F28BF4FF0040C94
:105B5000031D062B0FD9C31E4FF0FF3E0EFA0CF0AB
:105B600021EA000199400EFA03FE22EA0E0241EA00
:105B700002005DF804FB0023EEE70000074AD3684B
:105B800023F4E0631B041B0C000200F4E0600343F9
:105B900043F0BF6343F40033D360704700ED00E08F
:105BA00010B50446054BD868C0F30220FFF7C6FFC6
:105BB00001462046FFF7AEFF10BD00BF00ED00E03C
:105BC00008B5FFF787FF08BD08B5FFF791FF08BDCF
:105BD00008B590F82530DBB2022B09D00423C3634B
:105BE000012380F82530002280F82420184608BDC3
:105BF0000268136823F00E0313600268136823F031
:105C000001031360826C136823F480731360436C88
:105C100003F01F02016C012393404B60C36C026DC3
:105C20005A60436D33B11A6822F480721A60836D32
:105C3000C26D5A60012380F82530002380F824309B
:105C4000836B13B198470020D1E70020CFE790F88D
:105C50002500704710B4154B03640168D1F880200B
:105C600022F4F812446B42EA0442C1F88020104A40
:105C700042640168D1F8802022F07062846B42EAAD
:105C80000462C1F880200B4A8264D832C264D832E0
:105C900002651832426502E0002243F8042B064AEE
:105CA0009342F9D95DF8044B704700BF00A400404F
:105CB00070A40040B0A400404FA7004070B54C68ED
:105CC000ECB90D698C6825430C6845EA8445CC69BC
:105CD0000E6A44EA06648E6934434E693443CE68E2
:105CE00044EA0644406D03EBC30300EBC30E40F8E7
:105CF0003350CEF804400EF1080E002019E00C6974
:105D00008D6825430C68254345F08045DFE702EBAD
:105D1000000C9CF803409CF802301B0443EA046327
:105D20009CF8014043EA0423145C23434EF8043BEF
:105D30000430CB68024CE35C8342E8D870BD00BFFE
:105D400074030108002800F0E38038B5044690F899
:105D50005C30D3B12268936923F010039361FFF79D
:105D60009FFE054623689A6912F0080F12D0FFF7CC
:105D700097FE401B0A28F5D9236E43F001032366E2
:105D8000032384F85C30012038BD80F85D30FEF7D5
:105D900029F9DFE79A6942F001029A61FFF780FE74
:105DA000054623689A6912F0010F0DD1FFF778FEBE
:105DB000401B0A28F5D9236E43F001032366032311
:105DC00084F85C300120DFE79A6942F002029A61B0
:105DD0002268504B9A4242D0237C012B45D0226846
:105DE000936943F040039361637C012B43D02268A5
:105DF000936923F480439361A37C012B41D02268F3
:105E0000936943F4805393612268936923F4407348
:105E1000A1680B4393612268936923F0A403936103
:105E20002268136923F010031361E368012B2ED05D
:105E3000002B31D0022B54D02268936943F08003A9
:105E400093612268136943F010031361E368032B25
:105E500022D12268936943F0200393611CE06268B9
:105E6000A3F58063C3F80025B6E72268936923F0A1
:105E700040039361B8E72268936943F480439361D8
:105E8000BAE72268936923F480539361BCE72268E0
:105E9000936943F004039361A3695A1EE369013BCC
:105EA0001B0243EA4263226A013A13436269013AE0
:105EB000216843EA0243CB61A368B3F5407F16D063
:105EC0002268D2F8C030E16B0B43C2F8C0302046E4
:105ED000FFF7C0FE0020A0652066012384F85C3037
:105EE00052E72268936943F020039361D4E7A36AE1
:105EF000013BE26A013A43EA0223226B013A43EA98
:105F00000213626A013A216843EA0243CB60D7E791
:105F1000012070470064004090F85C30013BDBB228
:105F2000012B05D9036E43F002030366012070477D
:105F30000B68A3B110B4CA680B6943EA42724B699B
:105F40008C6843EA8473406C496800EBC10C40F8EC
:105F50003120CCF8043000205DF8044B70478A688B
:105F6000CB68DB0643EA82730A6943EA02434A6963
:105F70001343026C496842F821300020704790F8C2
:105F80005CC05FFA8CFCBCF1010F05D0036E43F0DE
:105F9000040303660120704710B40468D4F880003D
:105FA00020F03F00920042EA011242EA4303019AC4
:105FB0001A430243C4F8802000205DF8044B704768
:105FC00090F85C30DBB2012B05D0036E43F0040384
:105FD000036601207047036842EA01229A640020A8
:105FE000704790F85C30DBB2012B05D0036E43F0B4
:105FF00004030366012070470268D36843F400037A
:10600000D3600020704790F85C30DBB2012B05D0E4
:10601000036E43F00403036601207047022380F8F7
:106020005C300268936923F00103936100230366E7
:106030001846704790F85C30DBB2022B39D1026809
:10604000936943F00103936100230268916911F0A1
:10605000010F0CD10A2B01D80133F6E7036E43F090
:1060600001030366032380F85C30012070479369C5
:1060700023F01003936100230268916911F0080F67
:106080000CD00A2B01D80133F6E7036E43F001036D
:106090000366032380F85C3001207047936943F066
:1060A0000203936100238365012280F85C20184677
:1060B0007047036E43F0080303660120704738B54C
:1060C000044690F85C30DBB2022B1BD10368D3F896
:1060D000C40010F4001F05D0236E43F40073236640
:1060E000012014E0D3F8C450C5F301452B462046E7
:1060F000FFF7E4FD22680123AB40C2F8CC30A36572
:10610000002004E0036E43F008030366012038BD5D
:1061100070B590F85C40E4B2022C40F095804029C4
:106120000BD00468D4F8985015F00F0F27D1036EE8
:1061300043F48073036601208BE00468D4F8905028
:1061400015F00F0F05D1036E43F480730366012031
:106150007FE0D4F8906016F0807605D0D4F88060A7
:1061600016F4007600D00126D4F89040C4F3012440
:106170002644846C06EBC60504EBC50E14E0D4F887
:10618000986016F0807605D0D4F8806016F480769A
:1061900000D00126D4F89840C4F301242644C46CEE
:1061A00006EBC60504EBC50EDEF8004004F08044A3
:1061B000546064BBDEF80040C4F38A441460DEF827
:1061C000004004F000549460DEF8004004F0004405
:1061D0001461BEF80440D461BEF8064004F00F0418
:1061E000D460DEF8044004F480145461DEF8044006
:1061F00004F4001494619EF8074004F07F041462D4
:10620000DEF80440E40F54624FF0000C0CE0DEF8BE
:10621000004024F060441460D1E70EEB0C04247AB3
:1062200003F80C400CF1010CD4680A4D2C5D644558
:10623000F3D8402904D00368C3F89C60002008E02C
:106240000368C3F89460F9E7036E43F0080303663C
:10625000012070BD7403010803685B6C03F0070242
:106260000A60C3F302224A6003F018028A60C3F393
:106270004012CA60C3F380120A61C3F3C0124A61BC
:10628000C3F3C0228A61C3F30032CA61C3F3403250
:106290000A62C3F380324A62C3F306438B62002072
:1062A000704703681B6CDAB20A60C3F306224A60C7
:1062B000C3F3C0328A60C3F30743CB60002070474A
:1062C0000368D3F8C40000F00700704790F85C3012
:1062D000013BDBB2012B05D9036E43F002030366D9
:1062E0000120704770B40468A36D11F0070602D056
:1062F00013F0010F23D011F0380F02D013F0020F6A
:106300001DD011F4E07F02D013F0040F17D011F468
:10631000F05F02D013F0080F11D011F4604F02D0DB
:1063200013F0100F0BD011F4403F02D013F0200FE8
:1063300005D011F47C0F06D013F0400F03D1E56DAA
:1063400045F00105E56516B113F0010F23D111F0F9
:10635000380F02D013F0020F1DD111F4E07F02D0EC
:1063600013F0040F17D111F4F05F02D013F0080FEF
:1063700011D111F4604F02D013F0100F0BD111F4B2
:10638000403F02D013F0200F05D111F47C0F07D04D
:1063900013F0400F04D00468E36D43F00203E3659B
:1063A00011F0800F05D00468D4F8DC301343C4F832
:1063B000DC3011F4807F05D00468D4F8E03013435A
:1063C000C4F8E0300268536D0B435365002070BC85
:1063D0007047704770477047704770477047704705
:1063E00070472DE9F84F044603681A6D02F4E05A2D
:1063F0005A6D0AEA020A1A6D02F007095A6D09EA93
:1064000002091A6D02F038085A6D08EA02081E6D7A
:1064100006F471065A6D16401F6D07F460275A6D19
:106420001740D3F854B01D6D15F0400F02D01BF08B
:10643000400F41D115F4807F02D01BF4807F40D102
:10644000BAF1000F4AD1B9F1000F4FD1B8F1000FE6
:1064500054D115F4007F02D01BF4007F56D115F003
:10646000800F02D01BF0800F58D115F4005F02D0CE
:106470001BF4005F5ED115F4004F02D01BF4004FF7
:1064800060D115F4804F0AD01BF4804F07D02368E9
:106490004FF480421A65236E43F080032366002F79
:1064A00058D126B123681E65236E33432366236EBD
:1064B000002B56D1BDE8F88F40221A65FFF790FFF8
:1064C000B8E72368D3F8D810D3F8E0204FF48070F1
:1064D000186511402046FFF780FFB1E72368C3F835
:1064E00050A051462046FFF774FFACE72368C3F87D
:1064F000509049462046FDF759FDA7E72368C3F8A9
:10650000508041462046FFF765FFA2E723684FF41D
:1065100000721A652046FFF75EFFA0E72368D3F8F4
:10652000D410D3F8DC208020186511402046FFF7F6
:1065300053FF9AE723684FF400521A652046FFF78D
:106540004DFF98E723684FF400421A652046FFF795
:1065500046FF96E723681F6539462046FDF708FD8C
:106560009FE72046FDF70AFDA4E70000F0B583B0E1
:10657000002362E085685E000324B44025EA040538
:10658000CC68B4402C438460456825EA0C054C680F
:10659000C4F300149C402C4344605FE0DD080835E0
:1065A00050F8254003F0070C4FEA8C0C4FF00F0E0B
:1065B0000EFA0CFE24EA0E0E0C6904FA0CF444EAFE
:1065C0000E0440F8254060E0052400E0002404FAB1
:1065D0000EF42C430CF1020C554D45F82C40554C53
:1065E000A568D44325EA02064F6817F4801F01D03E
:1065F00042EA05064F4DAE60ED6804EA05064F68B5
:1066000017F4001F01D042EA05064A4DEE606D689E
:1066100004EA05064F6817F4003F01D042EA050678
:10662000444D6E602D682C404E6816F4803F01D0BA
:1066300042EA05043F4A146001330A6832FA03F45F
:1066400074D04FF0010C0CFA03FC1CEA0202F3D0E8
:106650004C6804F00304013C012C8BD94C6804F015
:106660000304032C0CD0C4685D004FF0030C0CFA3B
:1066700005FC24EA0C0C8C68AC4044EA0C04C460B1
:106680004C6804F00304022C88D004684FEA430EDF
:106690004FF0030C0CFA0EFC24EA0C0C4C6804F0CE
:1066A000030404FA0EF444EA0C0404604C6814F485
:1066B000403FC1D0204C256E45F001052566246E73
:1066C00004F001040194019C4FEA930C0CF10205C3
:1066D000174C54F8255003F0030E4FEA8E0E0F248A
:1066E00004FA0EF425EA0405B0F1904F3FF46EAFC2
:1066F000124CA04212D004F58064A04210D004F5E0
:106700008064A0420ED004F58064A0420CD004F551
:106710008064A0423FF458AF062458E7012456E7AE
:10672000022454E7032452E7042450E703B0F0BDE9
:106730000000014000040140001002400004004835
:10674000002331FA03F200F08180F0B52EE0052538
:1067500000E0002505FA0CF5A5425BD004685D0059
:106760004FF0030C0CFA05FC44EA0C0404604FEAF9
:10677000D30E0EF1080E50F82E4003F00706B600B7
:106780000F25B54024EA050440F82E40C46824EAE9
:106790000C04C460446824EA02024260826822EA6F
:1067A0000C028260013331FA03F24ED001229A408A
:1067B00012EA0107F6D04FEA930E0EF10205244CBF
:1067C00054F8254003F0030C4FEA8C0C0F2505FA12
:1067D0000CF63440B0F1904FBBD01E4DA84211D002
:1067E00005F58065A8420FD005F58065A8420DD05B
:1067F00005F58065A8420BD005F58065A842A6D0B6
:106800000625A7E70125A5E70225A3E70325A1E7BC
:1068100004259FE7104C256825EA07052560656873
:1068200025EA07056560E56825EA0705E560A568CE
:1068300025EA0705A560064F0EF1020457F824501B
:1068400025EA060547F8245088E7F0BD704700BFE9
:106850000000014000040048000401400AB18161C9
:10686000704781627047436901EA030221EA03012C
:1068700041EA02418161704703689A6912F0020F90
:1068800001D000229A6203689A6912F0010F03D1C5
:106890009A6942F001029A61704710B4019CC1F3F9
:1068A000090141EA02411943214321F000410268F4
:1068B0005368640D04F4806444F07F7444F45834E5
:1068C00044F47F7444F0030423EA04030B4353604D
:1068D0005DF8044B704711F0010F09D090F841307A
:1068E00003F02803282B01D0F22302E0422300E02A
:1068F000002311F0020F09D043F0440C90F841201E
:1069000002F02802282A09D043F0F40311F4004FC2
:1069100006D1102906D143F0900305E06346F5E760
:1069200043F0B803202907D0402908D001680A683D
:1069300022EA03030B60704743F02003F6E743F0BD
:106940004003F3E72DE9F041044603689E6916F021
:1069500010067CD00D4690461022DA61002637469C
:106960002368986910F0200F30D17FBBB5F1FF3F4D
:10697000F6D0FFF795F8A0EB0800A84201D8002D4B
:10698000EED121684B6803F4804394F84220D2B2E0
:10699000886910F4004F02D00BB9202A0ED1236869
:1069A0009B6913F0200FDBD1FFF77AF8A0EB08000A
:1069B0001928F4D946F020060127D1E74B6843F4A3
:1069C00080434B60FFF76CF88046E8E70FB9202260
:1069D000DA6146F0040601252268936913F4807F8A
:1069E00005D046F001064FF48071D161012513F402
:1069F000806F06D046F0080622684FF48061D161AE
:106A0000012513F4007F24D046F0020623684FF4DA
:106A10000072DA6101252046FFF72EFF22685368D5
:106A200023F0FF7323F48B3323F4FF7323F001036C
:106A30005360636C33436364202384F84130002344
:106A400084F8423084F840302846BDE8F0810025C3
:106A5000C2E7002DF8D0DEE770B504460D461646B5
:106A600023689B6913F0020F22D132462946204643
:106A7000FFF768FFF0B9B5F1FF3FF1D0FFF710F86D
:106A8000801BA84201D8002DEAD123689B6913F02E
:106A9000020FE5D1636C43F020036364202384F884
:106AA0004130002384F8423084F84030012000E077
:106AB000002070BD0120FCE72DE9F843054688461B
:106AC00017461E46DDF820902B689C6938EA0404BE
:106AD0000CBF01230023BB4227D14A46314628463A
:106AE000FFF730FF20BBB6F1FF3FEDD0FEF7D8FF38
:106AF000A0EB0900B04201D8002EE5D12B689B69BC
:106B000038EA03030CBF01230023BB42DCD16B6CCA
:106B100043F020036B64202385F84130002385F87F
:106B2000423085F84030012000E00020BDE8F883C5
:106B30000120FBE72DE9F04182B0044690461D4656
:106B4000089E099F194B00934FF08073EAB2FFF73C
:106B5000A4FE3A4631462046FFF77EFFF8B9012DE4
:106B60000ED123685FFA88F29A62009733460022BA
:106B700080212046FFF7A0FFA8B902B0BDE8F08150
:106B800023684FEA18229A623A4631462046FFF7B8
:106B900063FF30B923685FFA88F29A62E5E7012063
:106BA000EBE70120E9E70120E7E700BF00200080D4
:106BB0002DE9F04182B0044690461D46089E099F8B
:106BC000184B00930023EAB2FFF767FE3A463146BE
:106BD0002046FFF741FFF8B9012D0ED123685FFA77
:106BE00088F29A6200973346002240212046FFF740
:106BF00063FFA8B902B0BDE8F08123684FEA18220C
:106C00009A623A4631462046FFF726FF30B923689C
:106C10005FFA88F29A62E5E70120EBE70120E9E7F5
:106C20000120E7E70020008070B504460D461646B7
:106C300004E023689B6913F0200F12D023689B693E
:106C400013F0200F1BD1324629462046FFF77AFE6B
:106C5000B8B9FEF725FF801BA842EAD8002DEDD178
:106C6000E7E7636C43F020036364202384F841303A
:106C7000002384F8423084F84030012000E00020F6
:106C800070BD0120FCE700285FD010B5044690F8E5
:106C90004130002B48D0242384F841302268136807
:106CA00023F0010313606368226823F070631361AB
:106CB0002268936823F400439360E368012B38D083
:106CC000A368226843F404439360E368022B36D040
:106CD0002268536823F4006353602268536843F0CA
:106CE000007343F4004353602268D36823F40043E5
:106CF000D360236962691343A169226843EA0123CF
:106D0000D360E369216A22680B4313602268136829
:106D100043F00103136000206064202384F84130B5
:106D2000206384F8420010BD80F84030FDF77CFD00
:106D3000B1E7A368226843F400439360C5E7226883
:106D4000536843F400635360C7E701207047A8B15C
:106D500010B50446242380F841300268136823F0FC
:106D600001031360FDF7B2FD0020606484F8410068
:106D7000206384F8420084F8400010BD0120704771
:106D80002DE9F04782B00F460A9E90F84110C9B233
:106D9000202940F0B78004469046994690F840304C
:106DA000012B00F0B3804FF0010A80F840A0FEF7FD
:106DB00077FE05460090192352464FF400412046C5
:106DC000FFF77AFE002840F0A380212384F84130A9
:106DD000102384F8423000236364C4F82480A4F8AC
:106DE0002A906363638D9BB2FF2B1ED9FF232385FB
:106DF0004FF08073228DEAB1226898F800109162FA
:106E0000626A01326262628D92B2013A92B2628526
:106E1000228D013A92B22285013241490091D2B2CB
:106E200039462046FFF739FD18E0638D23854FF082
:106E30000073DFE73A490091D2B239462046FFF7A6
:106E40002CFD0BE0628D92B22285002300934FF05F
:106E50000073D2B239462046FFF71FFD638D9BB207
:106E6000002B33D02A4631462046FFF7F5FD002897
:106E700050D1626A236812789A62636A013363624E
:106E8000638D9BB2013B9BB26385238D013B9BB21B
:106E90002385628D92B2002AE0D0002BDED10095CE
:106EA0003346002280212046FFF706FEA0BB638DFB
:106EB0009BB2FF2BC6D9FF222285002300934FF0FF
:106EC000807339462046FFF7E8FCC7E72A4631467B
:106ED0002046FFF7A9FE08BB23682022DA6121685B
:106EE0004B6823F0FF7323F48B3323F4FF7323F0F9
:106EF00001034B6084F84120002384F8423084F879
:106F0000403000E0022002B0BDE8F0870220FAE73E
:106F10000120F8E70120F6E70120F4E70120F2E77D
:106F2000002000802DE9F04F83B00E46BDF834A05C
:106F30000E9D90F84110C9B2202940F0BB80044654
:106F4000904699460C9BCBB1BAF1000F16D090F841
:106F50004030012B00F0B2804FF0010B80F840B0C0
:106F6000FEF79EFD0746009019235A464FF4004154
:106F70002046FFF7A1FD30B101209CE04FF40073E3
:106F80006364012097E0212384F84130402384F892
:106F90004230002363640C9A6262A4F82AA06363FF
:106FA000019700954B46424631462046FFF7C2FD09
:106FB00070B9638D9BB2FF2B0FD9FF22228500236E
:106FC00000934FF0807331462046FFF766FC21E0C6
:106FD000002384F8403058466DE0628D92B22285DD
:106FE000002300934FF00073D2B231462046FFF7E2
:106FF00054FC0FE0628D92B22285002300934FF083
:107000000073D2B231462046FFF747FC638D9BB236
:10701000002B33D03A4629462046FFF71DFD0028B5
:107020004ED1626A236812789A62636A013363629E
:10703000638D9BB2013B9BB26385238D013B9BB269
:107040002385628D92B2002AE0D0002BDED100971A
:107050002B46002280212046FFF72EFD90BB638D3A
:107060009BB2FF2BC6D9FF222285002300934FF04D
:10707000807331462046FFF710FCC7E73A462946A1
:107080002046FFF7D1FDF8B923682022DA61216894
:107090004B6823F0FF7323F48B3323F4FF7323F047
:1070A00001034B6084F84120002384F8423084F8C7
:1070B000403000E0022003B0BDE8F08F0220FAE784
:1070C0000120F8E70120F6E70120F4E72DE9F04F71
:1070D00083B00E46BDF834A00E9D90F84110C9B2A1
:1070E000202940F0BC800446904699460C9BCBB1C9
:1070F000BAF1000F16D090F84030012B00F0B380A9
:107100004FF0010B80F840B0FEF7CAFC0746009034
:1071100019235A464FF400412046FFF7CDFC30B109
:1071200001209DE04FF400736364012098E0222366
:1071300084F84130402384F84230002363640C9A81
:107140006262A4F82AA06363019700954B46424609
:1071500031462046FFF72CFD70B9638D9BB2FF2BA3
:107160000FD9FF222285444B00934FF080733146A4
:107170002046FFF792FB21E0002384F84030584678
:107180006EE0628D92B222853B4B00934FF000730C
:10719000D2B231462046FFF780FB0FE0628D92B2FB
:1071A0002285002300934FF00073D2B2314620466F
:1071B000FFF773FB638D9BB2002B34D000972B46F7
:1071C000002204212046FFF777FC00284DD12368D8
:1071D0005A6A636A1A70636A01336362228D013AE4
:1071E00092B22285638D9BB2013B9BB26385638D16
:1071F0009BB2002BDED0002ADCD100972B468021E9
:107200002046FFF759FC90BB638D9BB2FF2BC5D97D
:10721000FF222285002300934FF0807331462046E1
:10722000FFF73BFBC6E73A4629462046FFF7FCFC42
:10723000F8B923682022DA6121684B6823F0FF73D4
:1072400023F48B3323F4FF7323F001034B6084F8A2
:107250004120002384F8423084F8403000E00220CE
:1072600003B0BDE8F08F0220FAE70120F8E7012023
:10727000F6E70120F4E700BF002400802DE9F04389
:1072800085B01D460023039390F84130DBB2202BDC
:1072900040F0898006468846914603689B6913F44E
:1072A000004F40F0828090F84030012B7FD00123C6
:1072B00080F84030242380F841300023436441E0CB
:1072C000C8F3090343F0007343F4005343E0336809
:1072D0009C69C4F340149B69C3F30013C4B9BBB9E0
:1072E000B5F1FF3FF3D0FEF7DBFBC01BA84201D88E
:1072F000002DECD1202386F84130736C43F020033D
:107300007364002386F84030012005B0BDE8F083A7
:1073100033689B6913F0100F2AD000972B46002288
:1073200020213046FFF7C8FB002844D133681022E3
:10733000DA6133682022DA61039B01330393039BF4
:107340004B4526D2F368012BBAD0C8F3090343F0AA
:10735000007343F4205332685360FEF7A1FB0746E5
:1073600033689C69C4F340149B69C3F30013B5E709
:1073700000972B46002220213046FFF79DFBC0B925
:1073800032682023D36186F84130002386F84030EC
:10739000BBE786F84120736C13437364002386F8BF
:1073A00040300120B1E70220AFE70220ADE7022024
:1073B000ABE70120A9E70120A7E77047704710B5A8
:1073C000044603681A68002180F8421012F4804FC6
:1073D0000ED01A6822F480421A6094F84130DBB271
:1073E000292B0DD094F84130DBB22A2B18D010BDD8
:1073F00012F4004FF1D01A6822F400421A60ECE750
:10740000282384F841302123236301212046FFF7FC
:1074100062FA002384F840302046FFF7CEFFE6E70B
:10742000282384F841302223236302212046FFF7DA
:1074300052FA002384F840302046FFF7BFFFD6E71A
:107440007047F8B5044690F8413003F02803282B24
:1074500006D003680822DA61002380F84030F8BDC6
:1074600003689E69C6F300469A69120C02F0FE0595
:107470009A68C2F30902DF6807F0FE07C1680229B3
:1074800022D185EAD21515F0060F10D1816C013199
:107490008164816C0229E2D1002181640820D861D5
:1074A00084F8401031462046FFF7CAFFD7E74FF473
:1074B0000041FFF710FA002384F840303A46314685
:1074C0002046FFF7BDFFCAE74FF40041FFF703FA7C
:1074D000002384F840302A4631462046FFF7B0FFAB
:1074E000BDE7704710B50446174BC3620023036322
:1074F000202280F8412080F84230436311F0040FCD
:1075000013D003685A6A436A1A70436A01334362AC
:10751000038D53B1013B0385438D9BB2013B9BB26D
:107520004385436C43F00403436448F2030120465F
:10753000FFF7D1F923681022DA61002384F8403084
:107540002046FFF7CEFF10BD0000FFFF704708B5D3
:1075500090F84130DBB2602B06D00023036380F843
:107560004030FDF747F908BD202380F84130002363
:10757000036380F84030FFF7E9FFF4E710B50446F5
:1075800090F84130002280F842204548E062628550
:10759000626C0A436264283BDBB2022B19D80321D8
:1075A0002046FFF798F9282384F841303D4B636368
:1075B000236BA26B1AB1112B30D0212B2ED0E26B92
:1075C0001AB1122B4BD0222B49D02046FFF7BFFF18
:1075D00010BD48F203012046FFF77DF92046FFF772
:1075E0004BF994F84130DBB2602B14D0202384F89F
:1075F000413023689A6912F0200F0CD09A6912F07A
:10760000100F05D01022DA61636C43F00403636449
:1076100023682022DA6100236363C9E723681A68BC
:1076200012F4804F03D01A6822F480421A60A06BD3
:10763000FEF70DFB01280ED0A36B1B4A9A630023B3
:1076400084F84030A06BFEF7C3FA0028C0D0A06BCE
:10765000836B9847BCE72046FFF779FFB8E72368BC
:107660001A6812F4004F03D01A6822F400421A601C
:10767000E06BFEF7ECFA01280ED0E36B0A4A9A633E
:10768000002384F84030E06BFEF7A2FA00289FD078
:10769000E06B836B98479BE72046FFF758FF97E71F
:1076A0000000FFFF9D7800084F7A0008F8B50446F7
:1076B0000D4602681668C76A90F841302021D161F2
:1076C000213B092B0CD8DFE803F0057A0B0B0B0BE1
:1076D0000B81057A48F20101FFF7FDF821232363AE
:1076E0002268536843F4004353602268536823F0D0
:1076F000FF7323F48B3323F4FF7323F001035360F0
:107700002046FFF7B9F816F4804F66D02268136858
:1077100023F480431360A36B1BB11B685B689BB2AF
:10772000638515F0040F11D025F0040523685A6A0B
:10773000636A1A70636A01336362238D33B1013B5C
:107740002385638D9BB2013B9BB26385638D9BB2A6
:107750001BB1636C43F00403636415F0100F13D086
:1077600016F0100F10D0638D9BB2002B5AD194F8F5
:107770004130DBB2282B40D094F84130DBB2292BCA
:1077800043D023681022DA61002384F84230636317
:10779000636C002B56D1E36A13F5803F60D194F8F7
:1077A0004130DBB2222B6BD0202384F84130002300
:1077B000236384F840302046FFF7FFFD5FE048F286
:1077C0000201FFF788F82223236389E748F20301C7
:1077D000FFF781F80023236382E716F4004FA0D05F
:1077E0002268136823F400431360E36B002B98D0E6
:1077F0001B685B689BB2638593E7B7F1007FBBD1E1
:1078000029462046FFF76EFEBEE717F5803FB8D049
:1078100023681022DA612046FFF72EF82046FFF792
:10782000CEFDB1E723681022DA61636C43F00403F4
:10783000636417B1B7F1807FA6D1616C2046FFF772
:107840009DFEA1E7616C2046FFF798FE94F8413059
:10785000DBB2282B13D129462046FFF743FE0EE06A
:107860002046FFF7ACFD0C4BE362202384F8413047
:107870000023236384F840302046FFF732FEF8BD32
:10788000202384F841300023236384F840302046CD
:10789000FFF794FDF3E700BF0000FFFF10B50446BB
:1078A000C06A94F84030012B00F09A80012384F8DC
:1078B000403011F0200F02D012F0200F16D111F03D
:1078C000100F3ED012F0100F3BD0638D9BB243BB24
:1078D00094F84130DBB2282B0FD094F84130DBB262
:1078E000292B11D023681022DA6102E02046FFF72D
:1078F000DDFE002084F8400010BDB0F1007FECD127
:107900002046FFF7EFFDF4E710F5803FEAD023684B
:107910001022DA612046FEF7AFFF2046FFF74FFD49
:10792000E7E723681022DA61636C43F004036364C1
:1079300010B1B0F1807FDCD1616C2046FFF71EFEF4
:10794000D7E711F0040F1FD012F0040F1CD0638D85
:107950009BB273B123685A6A636A1A70636A01330F
:107960006362238D013B2385638D9BB2013B9BB2F8
:107970006385638D9BB2002BBBD110F5803FB8D0DF
:107980002046FFF71CFDB4E711F0080F02D012F0FB
:10799000080F18D111F0020FABD012F0020FA8D0CF
:1079A000638D9BB29BB1626A236812789A62636AA4
:1079B00001336362638D9BB2013B9BB26385238D70
:1079C000013B238595E72046FFF73BFD91E7B0F1AA
:1079D000807F01D000288CD12046FFF7F0FC88E79B
:1079E000022089E710B502689369116813F4807F5B
:1079F00009D011F0800F06D0446C44F001044464B7
:107A00004FF48074D46113F4806F0AD011F0800FAA
:107A100007D0426C42F00802426402684FF480646E
:107A2000D46113F4007F0AD011F0800F07D0436CAB
:107A300043F00203436403684FF40072DA61416C5F
:107A400011F00B0F00D110BDFFF798FDFBE708B553
:107A5000806A836B0BB100229A63C36B0BB1002267
:107A60009A63FFF774FD08BD034690F84120D2B237
:107A7000202A23D190F84020012A21D0012280F829
:107A80004020242280F841200068026822F0010290
:107A900002601868026822F4805202601868026866
:107AA0001143016019680A6842F001020A6020224D
:107AB00083F84120002083F840007047022070477F
:107AC00002207047034690F84120D2B2202A21D1EB
:107AD00090F84020012A1FD0012280F84020242263
:107AE00080F841200068026822F0010202601868F4
:107AF000026822F4706242EA0122026019680A6890
:107B000042F001020A60202283F84120002083F81D
:107B100040007047022070470220704738B512F4C9
:107B2000804F43D00468B4F8503091F800C04FEA59
:107B3000CC0E1EFA83F32344B3F80244C4F30904C1
:107B40008B69A34228D31B1B8B618B697BB90568AA
:107B500035F82C309BB223F4804323F0700383F478
:107B6000005343F4004343F0800325F82C3012F017
:107B7000400F0ED002680D7832F825309BB223F406
:107B8000E04323F0700343F4004343F0C00322F8C2
:107B9000253024B9204638BD00238B61D5E7234624
:107BA0000A894969006802F0BEFFF3E70468B4F887
:107BB000503091F800C04FEACC0E1EFA83F32344F4
:107BC000B3F80644C4F309048B69A3422FD31B1BEB
:107BD0008B618B697BB9056835F82C309BB223F437
:107BE000804323F0700383F4005343F4004343F0D5
:107BF000800325F82C3012F0400F0FD1026891F865
:107C000000C032F82C309BB223F4E04323F0700321
:107C100043F4004343F0C00322F82C30002CB9D0C9
:107C200023464A894969006802F07DFFB2E70023D4
:107C30008B61CEE7002856D010B5044690F89132FB
:107C40003BB1032384F89132206802F07DF80023D1
:107C500015E080F89032FDF795FDF2E703EB830223
:107C600004EBC2020121517413740021D17411621A
:107C70005162013303EB8302D200A150DBB22079C1
:107C80009842EBD8002316E003EB830204EBC20218
:107C9000002182F8511182F8503182F85311C2F854
:107CA0006011C2F8641103EB830204EBC202C2F854
:107CB00068110133DBB29842E6D8234653F8040B2F
:107CC00093E8060002F04AF800232373012384F8A6
:107CD0009132A37A012B01D0002010BD204600F084
:107CE000F9FE0020F9E70120704790F89032012B4F
:107CF0000ED010B50446012380F89032006802F0DF
:107D00001AF8206802F02CFC002084F8900210BDC4
:107D10000220704770B505460C46164612F0400F1B
:107D200000F020810268B2F8503009784FEAC10CA7
:107D30001CFA83F31344B3F80224C2F30902A369C3
:107D400093422CD99B1AA361A06958B316F4804FB3
:107D50000DD0286830F821309BB223F4E04323F0A3
:107D6000700343F4404343F0800320F8213094F83B
:107D70002430012B00F08D802A68217832F82130E0
:107D80009BB223F4E04323F0400383F0300343F439
:107D9000004343F0800322F82130002070BD00230F
:107DA000A361D1E76378002B48D12A68B2F850303C
:107DB00012FA83F36344B3F80224C2F30902A3F86E
:107DC0000224B3F802246FEA42426FEA524292B2AE
:107DD000A3F802242A686378002B3BD1B2F8503014
:107DE00012FA83F3227803EBC203B3F80624C2F33A
:107DF0000902A3F80624B3F806246FEA42426FEAA8
:107E0000524292B2A3F80624E378022B2FD02178B5
:107E10002846FDF7EBFC16F4804FBED02A68217887
:107E200032F821309BB223F4E04323F0700343F493
:107E3000404343F0800322F82130AEE7012BC9D143
:107E40002A68B2F8503012FA83F363440022A3F890
:107E50000224BFE7012BD7D1B2F8503012FA83F3D6
:107E6000227803EBC2030022A3F80624CCE72A6899
:107E7000217832F821309BB223F4E04323F0400311
:107E800083F0200343F4004343F0800322F82130C1
:107E9000BDE7636913446361E3691344E361216AE5
:107EA000236999421DD3C91A21626278002A44D1FC
:107EB0002968B1F8502011FA82F2217802EBC10250
:107EC000B2F80214C1F30901A2F80214ABB9B2F876
:107ED00002146FEA41416FEA514189B2A2F80214DB
:107EE0002DE021B9002384F824301346DDE7002378
:107EF00084F8243023620B46D7E73E2B0DD859086F
:107F000013F0010F00D00131B2F8020480B28902EF
:107F100089B20143A2F8021411E0580913F01F0FAF
:107F200000D10138B2F8021489B2800280B2014354
:107F300041F40041A2F8021401E0012A06D09BB2EC
:107F400022896169286802F01AFB15E72968B1F8EF
:107F5000502011FA82F2217802EBC10299B2A2F804
:107F60000214ECE70268B2F850300978C80010FA41
:107F700083F31344B3F80624C2F30902A3699342BE
:107F800046D39B1AA361A369002B44D016F4804FFB
:107F90000DD1286830F821309BB223F4E04323F060
:107FA000700343F4404343F0800320F8213094F8F9
:107FB0002430012B7FF4E0AE636913446361E3690D
:107FC0001344E361216A23699942C0F09C80C91A75
:107FD000216229686278002A40F0C180B1F85020FF
:107FE00011FA82F2217802EBC102B2F80614C1F351
:107FF0000901A2F80614002B40F09180B2F8061493
:108000006FEA41416FEA514189B2A2F80614A8E033
:108010000023A361B7E76378002B49D12A68B2F83F
:10802000503012FA83F30344B3F80224C2F3090276
:10803000A3F80224B3F802246FEA42426FEA5242E4
:1080400092B2A3F802242A686378002B3CD1B2F8DC
:10805000503012FA83F3227803EBC203B3F80624FC
:10806000C2F30902A3F80624B3F806246FEA4242D9
:108070006FEA524292B2A3F80624E378022B30D082
:1080800021782846FDF7B2FB16F4804F7FF485AEC9
:108090002A68217832F821309BB223F4E04323F0A0
:1080A000700343F4404343F0800322F8213074E628
:1080B000012BC8D12A68B2F8503012FA83F3034476
:1080C0000022A3F80224BEE7012BD6D1B2F850302B
:1080D00012FA83F3227803EBC2030022A3F80624EA
:1080E000CBE72A68217832F821309BB223F4E043B1
:1080F00023F0400383F0200343F4004343F0800364
:1081000022F82130BCE721B9002384F8243013463B
:108110005FE70023236284F824300B4659E73E2BA7
:108120000DD8590813F0010F00D00131B2F8060440
:1081300080B2890289B20143A2F8061411E05809FD
:1081400013F01F0F00D10138B2F8061489B2800273
:1081500080B2014341F40041A2F8061401E0012A73
:1081600006D09BB262896169286802F008FA03E6CA
:10817000B1F8502011FA82F2217802EBC10299B2D3
:10818000A2F80614EDE72DE9F04105462868B0F89D
:10819000443013F4004F00F05582B0F84440A3B2CD
:1081A00014F00F0440F09F8013F0100F4AD00388A2
:1081B0009AB213F4006F75D112F4004FE6D0038821
:1081C00023F070031B051B0D43F080030380286818
:1081D000B0F8503095F85021D20012FA83F30344DE
:1081E000B3F80634C3F30903C5F86C318BB1D5F885
:1081F000641171B1B5F8562102F095FCD5F86431DF
:10820000D5F86C211344C5F8643100212846FDF7E8
:10821000E1FA2A68138899B213F4006FB6D101F419
:108220004051B1F5405FB1D013889BB223F4804335
:1082300023F0700383F4405343F4004343F080037E
:108240001380A3E703889BB223F4E14323F0700378
:108250006FEA43436FEA53439BB203802968B1F846
:1082600050302A7CD20012FA83F30B44B3F8023464
:10827000C3F30903EB626A6A1A446A620021284662
:10828000FDF7B4FA2B7B002B80D0AB6A002B7FF478
:108290007DAF2B7B2A6843F08003A2F84C3000238B
:1082A0002B7373E7B0F8503095F85021D20012FAD2
:1082B00083F30344B3F80634C3F30903C5F86C3100
:1082C000B5F8562105F5267102F02DFC2A681388B1
:1082D00023F070031B051B0D43F080031380284619
:1082E000FDF770FA52E730F824309EB213F4004FD5
:1082F0004ED116F0800F3FF449AF04EB8401C90062
:10830000103129442A6832F824309BB223F4E14327
:1083100023F070036FEA43436FEA53439BB222F8A2
:10832000243004EB840305EBC303DB7C012B00F05A
:10833000E98016F4807F40F080812868B0F85030E2
:1083400004EB840205EBC202167CF20012FA83F3FE
:108350000344B3F80234C3F30903621C02EB820244
:1083600055F832209A4240F24B81671C07EB870791
:10837000D21A45F83720621C02EB820255F83220EF
:10838000002A40F0448131462846FDF72FFAFDE6E9
:1083900030F8243023F070031B051B0D43F08003DD
:1083A00020F8243004EB8401C90001F5A87105EB25
:1083B000010804EB840305EBC30393F85C31002B45
:1083C00040D12868B0F8503004EB840205EBC202BB
:1083D00092F85021D20012FA83F30344B3F80674E2
:1083E000C7F3090717BB04EB840305EBC303D3F8FA
:1083F0006C213A44C3F86C21D3F864213A44C3F8A1
:108400006421D3F868313BB104EB840305EBC3036B
:10841000D3F860319F4270D204EB840305EBC303B1
:1084200093F850112846FDF7D5F962E704EB840173
:1084300005EBC1013B46B1F85621D1F8641102F0B9
:1084400072FBD0E704EB840305EBC30393F85331CD
:10845000022B33D0296804EB840205EBC20292F8A8
:10846000500131F820309BB223F4E04323F0700335
:1084700043F4004343F0C00321F82030286892F809
:10848000503130F8232012F4804F1ED0B0F8502025
:10849000DB0013FA82F30344B3F80274C7F309074D
:1084A000002FA0D004EB840105EBC1013B46B1F8DD
:1084B0005821D1F8641102F036FB94E73246414668
:1084C0002846FFF72BFB07468DE7B0F85020DB006E
:1084D00013FA82F30344B3F80674C7F30907002FB5
:1084E00081D004EB840105EBC1013B46B1F85A2170
:1084F000D1F8641102F017FB75E74146286802F0D5
:1085000050F8F6E6631C03EB8303DB000022EA501D
:1085100004EB840305EBC3031B7F1BB316F0400F72
:108520003BD004EB840305EBC3035B7C1BBB2A68D5
:10853000B2F8503012FA83F304EB840205EBC20266
:10854000127C03EBC203B3F80224C2F30902A3F8BE
:108550000224B3F802246FEA42426FEA524292B216
:10856000A3F8022404EB840405EBC404217C284610
:10857000FDF73CF90AE6012BF4D12A68B2F8503035
:1085800012FA83F304EB840205EBC202127C03EBC4
:10859000C2030022A3F80224E4E72A6804EB840360
:1085A00005EBC3035B7CD3B9B2F8503012FA83F306
:1085B00004EB840205EBC202127C03EBC203B3F8A6
:1085C0000624C2F30902A3F80624B3F806246FEACE
:1085D00042426FEA524292B2A3F80624C2E7012B4C
:1085E000C0D1B2F8503012FA83F304EB840205EBE9
:1085F000C202127C03EBC2030022A3F80624B1E7F7
:10860000621C02EB8202D2000027AF50B3E604EBFB
:10861000840205EBC202566A1E445662013404EB22
:10862000840205EBC202526804EB840405EBC40427
:108630001344636001F0B5FFA8E532462846FFF712
:1086400069FBA3E50020BDE8F08190F89032012B92
:108650000CD010B50446012380F8903201730068F5
:1086600001F078FF002084F8900210BD02207047CE
:1086700010B50446006801F07EFF10F4004F23D1CE
:1086800010F4806F24D110F4804F32D110F4005FC9
:1086900039D110F4805F40D110F4006F67D110F031
:1086A000800F40F0818010F4007F40F0AD8010F426
:1086B000807F27D02268B2F844309BB223F48073C5
:1086C0009BB2A2F844301DE02046FFF75CFD19E0A4
:1086D0002268B2F844309BB223F480639BB2A2F8C4
:1086E00044302046FDF793F800212046FFF7ADFF08
:1086F00008E02268B2F844309BB223F480439BB276
:10870000A2F8443010BD2268B2F844309BB223F482
:1087100000539BB2A2F84430F4E72268B2F840302C
:108720009BB223F004039BB2A2F840302268B2F857
:1087300040309BB223F008039BB2A2F8403094F87B
:10874000C832012B0CD02046FDF78AF82268B2F817
:1087500044309BB223F480539BB2A2F84430D1E75B
:10876000002184F8C812204600F0CAF9EBE722681D
:10877000B2F840309BB243F00803A2F840302268C0
:10878000B2F844309BB223F400639BB2A2F84430A9
:108790002268B2F840309BB243F00403A2F84030A4
:1087A0002046FDF747F8ADE72268B2F844309BB2A7
:1087B00023F080039BB2A2F8443094F8C832FBB98E
:1087C0002268B2F840309BB243F00403A2F8403074
:1087D0002268B2F840309BB243F00803A2F8403060
:1087E000012184F8C8122368B3F85430C3F38D0311
:1087F00003F03C03C4F8CC32204600F081F981E755
:108800002046FDF717F87DE72268B2F844309BB2A6
:1088100023F400739BB2A2F844302046FCF7F1FF2A
:1088200070E710B50446084611F0800F27D101F01B
:10883000070C0CEB8C01C90001F5A87E04EB0E01BE
:108840000CEB8C0C04EBCC0C4FF0000E8CF851E1CF
:1088500000F007000870C2F30A020A61CB70022B15
:108860001DD094F89032012B1CD0012384F8903253
:10887000206801F084FA002084F8900210BD01F015
:10888000070C0CEB8C01C900103121440CEB8C0C53
:1088900004EBCC0C4FF0010E8CF811E0D8E700236C
:1088A0000B71DEE70220E9E710B504460A4611F035
:1088B000800F1FD101F0070000EB8003DB0003F500
:1088C000A873E11800EB800004EBC000002380F8DF
:1088D000513102F007020A7094F89032012B17D040
:1088E000012384F89032206801F0D6FC002084F83F
:1088F000900210BD01F0070000EB8003DB00103395
:10890000E11800EB800004EBC00001234374E0E7B2
:108910000220EEE710B501F0070C0CEB8C01C9004A
:1089200001F5A8710CEB8C0E00EBCE0ECEF8642195
:10893000CEF868310024CEF86C418EF851418EF8A3
:1089400050C10144006801F02CFE204610BD01F02A
:10895000070101EB810100EBC100D0F86C01704709
:1089600038B501F0070C0CEB8C01C90010310CEB91
:108970008C0E00EBCE0ECEF824200CF1010202EB9F
:10898000820440F8343001258EF83450CEF830306F
:1089900000EBC402002454608EF811508EF810C011
:1089A0000144006801F0FDFD204638BD0B4601F092
:1089B0000702017991422ED310B5044613F0800FBF
:1089C0001DD103EB8301C90001F5A871014403EB3C
:1089D000830300EBC303002083F8510101238B7054
:1089E0000A7094F89032012B17D0012384F890324A
:1089F000206801F03CFD002084F8900210BD02EBDD
:108A00008201C9001031014402EB820300EBC30371
:108A100001205874E2E7012070470220EEE70B4680
:108A2000017903F00F02914234D310B5044613F0DC
:108A3000800F21D103F0070202EB8201C90001F58A
:108A4000A871014402EB820200EBC202002082F80E
:108A5000510100228A7003F007030B7094F89032E2
:108A6000012B19D0012384F89032206801F024FDF5
:108A7000002084F8900210BD03F0070202EB82018F
:108A8000C9001031014402EB820200EBC202012056
:108A90005074DEE7012070470220ECE711F0800FF0
:108AA0000BD001F0070101EB8101C900103108442E
:108AB00052B90273C3800020704701EB8101C900E5
:108AC00001F5A8710844F3E70122027303811B0C2E
:108AD0004381F0E7034602680121C0F8D01200206C
:108AE00083F8C802B2F854309BB20B43A2F854305A
:108AF000B2F854309BB243F00203A2F854307047EE
:108B000070470000024A136843F480731360704793
:108B100000700040002836D13E4B1B6803F4C06350
:108B2000B3F5806F08D03B4AD2F8803023F48073CD
:108B3000C2F8803000207047364AD2F8803023F4E3
:108B40008073C2F88030136823F4C06343F4007369
:108B50001360314B1B68322202FB03F32F4AA2FB46
:108B600003239B0C013300E0013B2A4A526912F4B3
:108B7000806F01D0002BF7D1264B5B6913F4806F17
:108B800044D100207047B0F5007F08D0214A136817
:108B900023F4C06343F480631360002070471D4BCF
:108BA0001B6803F4C063B3F5806F08D0194AD2F88C
:108BB000803043F48073C2F8803000207047154A3B
:108BC000D2F8803043F48073C2F88030136823F405
:108BD000C06343F4007313600F4B1B68322202FB27
:108BE00003F30E4AA2FB03239B0C013300E0013B7D
:108BF000084A526912F4806F01D0002BF7D1054B5F
:108C00005B6913F4806F03D1002070470320704725
:108C100003207047007000400400002083DE1B43E7
:108C2000024A936843F480439360704700700040A9
:108C3000124BDA6802F00302DB68C3F3031301335B
:108C4000032A11D00E48B0FBF3F00C4BDB68C3F3E2
:108C5000062303FB00F0094BDB68C3F341630133D8
:108C60005B00B0FBF3F070470648B0FBF3F0034B3A
:108C7000DB68C3F3062303FB00F0ECE700100240BF
:108C80000024F40000127A0038B5FCF709FF04460E
:108C90002C4A136843F4807313602A4B1B6813F447
:108CA000806F07D1FCF7FCFE001B0228F5D90324D6
:108CB000204638BD234D6B6843F080436B60FCF762
:108CC000EFFE04460123AB601E4B9B6803F00C03D0
:108CD000042B08D0FCF7E4FE001B41F288339842D5
:108CE000F2D90324E4E7184B184A1A60184B1868A5
:108CF000F8F700FA044608B10124D9E7114B4FF404
:108D000080721A601A60FCF7CBFE05460D4B1B689B
:108D100013F0007F06D0FCF7C3FE401B0228F5D9F4
:108D20000324C5E7074B4FF48052DA6000229A61B2
:108D30004FF0FF321A62D3F8942042F40002C3F8D5
:108D40009420B5E700100240040000200024F40045
:108D50009C010020002800F04F8270B582B00446CC
:108D6000036813F0010F37D0A44A936803F00C0393
:108D7000D26802F003020C2B23D0082B23D06368A7
:108D8000B3F5803F4ED0B3F5A02F51D09B4B1A685E
:108D900022F480321A601A6822F480221A60636812
:108DA000002B52D0FCF77CFE0546944B1B6813F455
:108DB000003F11D1FCF774FE401B6428F5D9032055
:108DC00023E2032AD9D18D4B1B6813F4003F03D053
:108DD0006368002B00F01282236813F0020F5DD04D
:108DE000864A936803F00C03D26802F003020C2B4E
:108DF0003AD0042B3AD0E368002B75D07F4A136831
:108E000043F480731360FCF74BFE05467B4B1B68F5
:108E100013F4806F5FD1FCF743FE401B0228F5D9A5
:108E20000320F2E1754A136843F480331360B6E718
:108E300003F18043A3F53C331A6842F480221A60A0
:108E40001A6842F480321A60A9E7FCF729FE054649
:108E50006A4B1B6813F4003FBED0FCF721FE401B99
:108E60006428F5D90320D0E1022AC2D1634B1B68E4
:108E700013F4806F03D0E368002B00F0C1815F4AD8
:108E8000536823F0FE43216943EA016353605C4B5E
:108E90001868F8F72FF9002840F0B481236813F020
:108EA000080F4CD063699BB3544AD2F8943043F016
:108EB0000103C2F89430FCF7F3FD05464F4BD3F89D
:108EC000943013F0020F3AD1FCF7EAFD401B022860
:108ED000F4D9032099E1494A536823F0FE432169FC
:108EE00043EA01635360D9E7444A136823F480736B
:108EF0001360FCF7D5FD0546404B1B6813F4806FEB
:108F0000CCD0FCF7CDFD401B0228F5D903207CE135
:108F10003A4AD2F8943023F00103C2F89430FCF7B7
:108F2000BFFD0546354BD3F8943013F0020F06D041
:108F3000FCF7B6FD401B0228F4D9032065E1236845
:108F400013F0040F00F081802C4B9B6D13F0805FB9
:108F500036D12A4B9A6D42F080529A659B6D03F090
:108F600080530193019B0125264B1B6813F4807FDE
:108F700028D0A368012B39D0052B45D01F4BD3F83F
:108F8000902022F00102C3F89020D3F8902022F024
:108F90000402C3F89020A368002B43D0FCF780FDA7
:108FA0000646164BD3F8903013F0020F4CD1FCF765
:108FB00077FD801B41F288339842F2D9032024E1E7
:108FC0000025D1E70F4A136843F480731360FCF760
:108FD00067FD06460B4B1B6813F4807FC9D1FCF775
:108FE0005FFD801B0228F5D903200EE1034AD2F869
:108FF000903043F00103C2F89030CCE700100240FB
:109000009C01002000700040884BD3F8902042F073
:109010000402C3F89020D3F8902042F00102C3F874
:109020009020B8E7FCF73CFD0646804BD3F8903023
:1090300013F0020F08D0FCF733FD801B41F2883398
:109040009842F2D90320E0E0E5B9236813F0200F3D
:1090500035D0A369E3B1754AD2F8983043F00103E3
:10906000C2F89830FCF71CFD0546704BD3F89830D9
:1090700013F0020F23D1FCF713FD401B0228F4D993
:109080000320C2E0694A936D23F080539365DCE7C7
:10909000664AD2F8983023F00103C2F89830FCF702
:1090A000FFFC0546614BD3F8983013F0020F06D051
:1090B000FCF7F6FC401B0228F4D90320A5E0E36985
:1090C000002B00F0A180594A926802F00C020C2A91
:1090D00064D0022B13D0554A136823F080731360B9
:1090E000FCF7DEFC0446514B1B6813F0007F4ED0AA
:1090F000FCF7D6FC001B0228F5D9032085E04B4A7B
:10910000136823F080731360FCF7CAFC0546474BD5
:109110001B6813F0007F06D0FCF7C2FC401B02283E
:10912000F5D9032071E0414AD36841491940236AC7
:10913000606A013843EA0013A06A43EA0023206B07
:109140004008013843EA4053606B4008013843EA65
:109150004063E06A43EAC0631943D160136843F097
:1091600080731360D36843F08073D360FCF798FC7E
:1091700004462E4B1B6813F0007F06D1FCF790FCD1
:10918000001B0228F5D903203FE000203DE0274ADC
:10919000D168284B0B40D360002036E0012B36D03D
:1091A000224BDB6803F00301226A914231D103F0C4
:1091B000F002616A0139B2EB011F2CD103F4FE42C7
:1091C000A16AB2EB012F28D103F07842E16AB2EB39
:1091D000C16F24D103F4C001226B5208013AB1EBF4
:1091E000425F1ED103F0C063626B5208013AB3EBD9
:1091F000426F18D1002008E001207047012004E0F0
:10920000012002E0012000E0002002B070BD01203A
:10921000FBE70120F9E70120F7E70120F5E701204E
:10922000F3E70120F1E70120EFE700BF0010024063
:109230000C809F01FCFFEEFE1E4B9B6803F00C03AD
:10924000042B33D01B4B9B6803F00C03082B2FD04F
:10925000184B9B6803F00C030C2B01D000207047C7
:10926000144BDA6802F00302DB68C3F30313013323
:10927000032A11D01048B0FBF3F00E4BDB68C3F3A8
:10928000062303FB00F00B4BDB68C3F341630133A0
:109290005B00B0FBF3F070470848B0FBF3F0054B00
:1092A000DB68C3F3062303FB00F0ECE702487047DA
:1092B00002487047001002400024F40000127A00B7
:1092C000002800F0E680F8B50C460546744B1B6894
:1092D00003F00F038B420BD2714A136823F00F0384
:1092E0000B431360136803F00F038B4240F0D380ED
:1092F0002E6816F001065FD06B68032B2FD0022B6F
:109300004DD0684B1B6813F4806F00F0C680FFF7E8
:1093100093FF654B98424DD9624A936823F0F0035E
:1093200043F08003936080265E4A936823F0030332
:1093300069680B439360FCF7B3FB0746594B9B6886
:1093400003F00C036A68B3EB820F35D0FCF7A8FB7F
:10935000C01B41F288339842F0D9032078E0514B8A
:109360001B6813F0007F01D1012071E0FFF760FC62
:109370004D4B98421AD94B4B9B6813F0F00F05D018
:109380002E6816F00206CFD0AB688BB9454A9368B9
:1093900023F0F00343F0800393608026C4E7414B41
:1093A0001B6813F4003FB2D1012051E00026BBE757
:1093B0000026B9E70026B7E72B6813F0020F48D064
:1093C00013F0040F04D0374A936843F4E0639360CA
:1093D0002B6813F0080F06D0324A936823F47C53AD
:1093E00043F4E06393602F4A936823F0F003A96885
:1093F0000B4393602A4B1B6803F00F03A34230D842
:109400002B6813F0040F06D0264A936823F4E06318
:10941000E9680B4393602B6813F0080F07D0214ACB
:10942000936823F46053296943EAC1039360FFF70B
:1094300003FF1C4B9B68C3F303131C4AD35C03F06C
:109440001F03D8401A4B18601A4B1868F7F752FEE2
:10945000F8BD802ECED1134A936823F0F0039360B9
:10946000C8E70F4A136823F00F0323431360FCF788
:1094700017FB06460A4B1B6803F00F03A342BFD03D
:10948000FCF70EFB801B41F288339842F2D903208F
:10949000DEE7012070470120DAE70120D8E700BFAE
:1094A000002002400010024000B4C404CC010108B6
:1094B000040000209C010020014B1868704700BF89
:1094C0000400002008B5FFF7F7FF054B9B68C3F3C6
:1094D0000223044AD35C03F01F03D84008BD00BF39
:1094E00000100240C40101080F2303600B4B9A686F
:1094F00002F0030242609A6802F0F00282609A6809
:1095000002F4E062C2609B68DB0803F4E06303617D
:10951000034B1B6803F00F030B6070470010024001
:1095200000200240F0B583B00446036813F4002F16
:1095300069D0AE4B9B6D13F0805F1ED1AB4B9A6D23
:1095400042F080529A659B6D03F080530193019B1A
:109550000126A74A136843F480731360FCF7A0FA4E
:109560000546A34B1B6813F4807F08D1FCF798FADB
:10957000401B0228F5D9032502E00026E9E7002573
:1095800045BB9A4BD3F8903013F4407318D0226C3B
:109590009A4212D0954AD2F8903023F44073D2F810
:1095A000901041F48031C2F89010D2F8901021F45C
:1095B0008031C2F89010C2F8903013F0010F10D132
:1095C00045B98A4AD2F8903023F44073216C0B439A
:1095D000C2F89030C6B1854A936D23F080539365ED
:1095E00012E0FCF75DFA0746804BD3F8903013F099
:1095F000020FE5D1FCF754FAC01B41F288339842C0
:10960000F2D90325DCE70025236813F0010F08D009
:10961000764AD2F8883023F0030361680B43C2F81E
:109620008830236813F0020F08D0704AD2F88830CF
:1096300023F00C03A1680B43C2F88830236813F0B1
:10964000040F08D0694AD2F8883023F03003E1686B
:109650000B43C2F88830236813F0080F08D0634A20
:10966000D2F8883023F0C00321690B43C2F8883058
:10967000236813F0200F08D05C4AD2F8883023F416
:10968000406361690B43C2F88830236813F0400FD0
:1096900008D0564AD2F8883023F44053A1690B43CE
:1096A000C2F88830236813F0800F08D04F4AD2F8F0
:1096B000883023F44043E1690B43C2F888302368C3
:1096C00013F4807F08D0494AD2F8883023F440331D
:1096D000216A0B43C2F88830236813F4007F08D056
:1096E000424AD2F8883023F44023616A0B43C2F81F
:1096F0008830236813F4806F0CD03C4AD2F888304D
:1097000023F44013A16A0B43C2F88830A36AB3F56F
:10971000801F57D0236813F4006F0CD0334AD2F85F
:10972000883023F44003E16A0B43C2F88830E36ACF
:10973000B3F5800F4BD0236813F4805F0CD02B4A15
:10974000D2F8883023F04073216B0B43C2F8883085
:10975000236BB3F1807F3FD0236813F4005F0CD0FC
:10976000224AD2F8883023F04063616B0B43C2F881
:109770008830636BB3F1006F33D0236813F4804FEC
:109780000CD01A4AD2F8883023F04063A16B0B4307
:10979000C2F88830A36BB3F1006F2BD0236813F4A9
:1097A000004F0CD0114AD2F8883023F04053E16BBF
:1097B0000B43C2F88830E36BB3F1805F1FD02846BB
:1097C00003B0F0BDD36843F48013D360A2E7D3683D
:1097D00043F48013D360AEE7D36843F48013D360BF
:1097E000BAE7D36843F48013D360C6E700100240A1
:1097F00000700040D36843F48013D360CEE7D36891
:1098000043F48033D360DAE738B5044603680A4A84
:10981000DA60FCF745F905462368DB6813F0200F92
:1098200007D1FCF73DF9401BB0F57A7FF4D903204E
:1098300000E0002038BD00BF5F00010070B5036884
:10984000DA6812F0400F02D00025284670BD0446A9
:10985000DA6842F08002DA60FCF722F90646002559
:109860002368DB6813F0400FEFD1032DEDD0FCF738
:1098700017F9831BB3F57A7FF2D9032584F82550B5
:10988000EEE710B504460268D36823F08003D36086
:1098900003689A6912F0200F06D1FFF7B5FF90B167
:1098A000032084F825000EE09A6922F020029A61D4
:1098B000FFF7AAFF10B1032084F8250022689369FE
:1098C00043F02003936110BD00284CD038B5044606
:1098D00090F8253063B1022384F825302368DA68D4
:1098E00012F0100F09D00020012384F8253038BD74
:1098F00080F82430FBF71AFAEDE7CA225A6223688F
:1099000053225A622046FFF799FF28B12368FF22AD
:109910005A620028EBD1E7E72268936923F08E634F
:1099200023F04003936121688A69636820690343D7
:10993000A069034313438B61E368A168226843EA8B
:10994000014313612046FFF79CFF0028DED1216808
:109950008B6923F06043226AE5692A4365692A43DB
:1099600013438B61D2E701207047890001F18041E8
:1099700001F514510A607047890001F1804101F539
:10998000145108687047704790F83D30DBB2012BE6
:1099900032D1022380F83D300268D36843F00103DE
:1099A000D3600368174A934218D0B3F1804F15D0A3
:1099B000A2F59432934211D002F5806293420DD009
:1099C00002F59632934209D002F54062934205D0E7
:1099D0001A6842F001021A600020704799680A4A2A
:1099E0000A40062A0AD0B2F5803F09D01A6842F030
:1099F00001021A6000207047012070470020704764
:109A000000207047002C014007000100704770479C
:109A10007047704770B505460368DE681C6914F02E
:109A2000020F10D016F0020F0DD06FF002021A6173
:109A30000123037703689B6913F0030F7CD0FFF7C2
:109A4000E6FF00232B7714F0040F12D016F0040F5A
:109A50000FD02B686FF004021A6102232B772B685A
:109A60009B6913F4407F6DD02846FFF7D0FF002399
:109A70002B7714F0080F12D016F0080F0FD02B68B8
:109A80006FF008021A6104232B772B68DB6913F04F
:109A9000030F5ED02846FFF7BAFF00232B7714F0A0
:109AA000100F12D016F0100F0FD02B686FF01002AD
:109AB0001A6108232B772B68DB6913F4407F4FD0A2
:109AC0002846FFF7A4FF00232B7714F0010F02D0E4
:109AD00016F0010F4BD114F4025F02D016F0800F84
:109AE0004DD114F4807F02D016F0800F4FD114F0C6
:109AF000400F02D016F0400F51D114F0200F02D0C9
:109B000016F0200F53D114F4801F02D016F4801FDA
:109B100055D114F4001F02D016F4001F57D114F4CD
:109B2000800F02D016F4800F59D114F4000F02D028
:109B300016F4000F5BD170BDFFF768FF2846FFF7F2
:109B400067FF7EE72846FFF761FF2846FFF760FFC3
:109B50008DE72846FFF75AFF2846FFF759FF9CE795
:109B60002846FFF753FF2846FFF752FFABE72B6865
:109B70006FF001021A612846F7F70CFBABE72B6880
:109B80006FF402521A61284600F0CFF8A9E72B685B
:109B90006FF480721A61284600F0C8F8A7E72B68B6
:109BA0006FF040021A612846FFF733FFA5E72B68E4
:109BB0006FF020021A61284600F0B6F8A3E72B6880
:109BC0006FF480121A61284600F0B1F8A1E72B6803
:109BD0006FF400121A61284600F0AAF89FE72B687C
:109BE0006FF480021A61284600F0A3F89DE72B6805
:109BF0006FF400021A61284600F09CF89BE7000011
:109C00000368304A90420ED0B0F1804F0BD0A2F5DD
:109C10009432904207D002F58062904203D002F560
:109C20009632904203D123F070034A681343254AC9
:109C300090421AD0B0F1804F17D0A2F594329042E2
:109C400013D002F5806290420FD002F59632904216
:109C50000BD002F54062904207D002F5806290423C
:109C600003D002F58062904203D123F44073CA68A6
:109C7000134323F080034A69134303608B68C36274
:109C80000B6883620F4B98420FD003F50063984234
:109C90000BD003F54063984207D003F580639842E8
:109CA00003D003F58063984201D10B69036301235C
:109CB0004361036913F0010F03D0036923F001032B
:109CC00003617047002C014060B310B5044690F862
:109CD0003D3013B3022384F83D30214651F8040B84
:109CE000FFF78EFF012384F8483084F83E3084F873
:109CF0003F3084F8403084F8413084F8423084F8B2
:109D0000433084F8443084F8453084F8463084F891
:109D1000473084F83D30002010BD80F83C30FFF71C
:109D200032FED7E701207047704770477047704791
:109D300070477047704703460020A3F844004BF675
:109D40008072A3F840207047B0F8403023F47E536F
:109D50005B045B0CA0F840300020704782B00346E3
:109D600002A800E906000122A3F840200020A3F881
:109D70004000A3F84400A3F8500002B0704710B5AB
:109D8000034691F800C030F82C2092B222F4EC4245
:109D900022F0700292B2C878032861D8DFE800F0A0
:109DA000555C0258002048F2800E42EA0E0223F869
:109DB0002C2091F800C033F82C2092B222F4E0421B
:109DC00022F070024CEA020242EA0E0223F82C2032
:109DD0000A7B002A40F0DC804A78002A51D0B3F890
:109DE000502013FA82F20C7802EBC402B1F806C0DC
:109DF0004FEA5C0C4FEA4C0CA2F800C40C7833F824
:109E0000242012F0400F0CD033F8242092B222F418
:109E1000E04222F0700242F4004242F0C00223F815
:109E20002420CA78012A1DD0097833F8212092B263
:109E300022F4E04222F0400282F0200242F400428A
:109E400042F0800223F82120C3E142F40072AAE725
:109E500042F4C0620020A6E742F480620020A2E73C
:109E60000120A0E7097833F8212092B222F4E042E1
:109E700022F0400242F4004242F0800223F8212006
:109E8000A7E1B3F8502013FA82F20C7802EBC40277
:109E9000B1F806C04FEA5C0C4FEA4C0CA2F804C4BF
:109EA000B3F8502013FA82F20C7802EBC402B2F835
:109EB00006C4CCF3090CA2F806C40C6974BBB2F852
:109EC00006C46FEA4C4C6FEA5C4C1FFA8CFCA2F89B
:109ED00006C40C7833F8242012F4804F0CD033F8E9
:109EE000242092B222F4E04222F0700242F4404276
:109EF00042F0800223F824200978C9BB33F82120DE
:109F000092B222F4804222F0700282F4405242F473
:109F1000004242F0800223F821205AE13E2C12D860
:109F20004FEA540C14F0010F01D00CF1010CB2F8FF
:109F30000644A4B24FEA8C2C1FFA8CFC44EA0C04B1
:109F4000A2F80644C5E74FEA541C14F01F0F01D1D4
:109F50000CF1FF3CB2F80644A4B24FEA8C2C1FFA75
:109F60008CFC44EA0C0444F40044A2F80644B0E734
:109F700033F8212092B222F4804222F0700282F45F
:109F8000005242F4004242F0800223F8212020E1F6
:109F9000CA78022A74D091F800C033F82C2092B20B
:109FA00022F4E24222F0700242F4004242F08002C7
:109FB00023F82C20B3F8502013FA82F291F800C055
:109FC00002EBCC02B1F808C04FEA5C0C4FEA4C0C33
:109FD000A2F800C4B3F8502013FA82F291F800C03E
:109FE00002EBCC02B1F80AC04FEA5C0C4FEA4C0C11
:109FF000A2F804C44A78002A40F0F7800C7833F8BD
:10A00000242012F4804F0CD033F8242092B222F492
:10A01000E04222F0700242F4404242F0800223F813
:10A0200024200C7833F8242012F0400F0CD033F8A1
:10A03000242092B222F4E04222F0700242F4004264
:10A0400042F0C00223F824204A78002A51D1B3F804
:10A05000502013FA82F20C7802EBC402B2F80244E8
:10A06000C4F30904A2F802440C69C4B9B2F802446A
:10A070006FEA44446FEA5444A4B2A2F802443AE0BE
:10A080000C7833F8242092B222F4E04222F07002DD
:10A0900042F4014242F0800223F824208AE73E2C59
:10A0A00012D84FEA540C14F0010F01D00CF1010C3E
:10A0B000B2F80244A4B24FEA8C2C1FFA8CFC44EA9A
:10A0C0000C04A2F8024416E04FEA541C14F01F0FCF
:10A0D00001D10CF1FF3CB2F80244A4B24FEA8C2C3F
:10A0E0001FFA8CFC44EA0C0444F40044A2F8024435
:10A0F00001E0012A1BD04A78002A4DD1B3F8502044
:10A1000013FA82F20C7802EBC402B2F80644C4F3EC
:10A110000904A2F806440C69A4B9B2F806446FEA2F
:10A1200044446FEA5444A4B2A2F8064436E0B3F8BB
:10A13000502013FA82F20C7802EBC4020C8AA2F8C7
:10A140000244D8E73E2C12D84FEA540C14F0010F09
:10A1500001D00CF1010CB2F80644A4B24FEA8C2CE9
:10A160001FFA8CFC44EA0C04A2F8064416E04FEAFD
:10A17000541C14F01F0F01D10CF1FF3CB2F806443F
:10A18000A4B24FEA8C2C1FFA8CFC44EA0C0444F471
:10A190000044A2F8064401E0012A1BD091F800C057
:10A1A00033F82C2092B222F4804222F0700282F422
:10A1B000405248F28004224323F82C20097833F8D7
:10A1C000212092B222F4E04222F04002224323F8FE
:10A1D000212010BDB3F8502013FA82F20C7802EB64
:10A1E000C4020C8AA2F80644D8E70C7833F824207D
:10A1F00012F4804F0CD033F8242092B222F4E042C3
:10A2000022F0700242F4404242F0800223F82420FF
:10A210000C7833F8242012F0400F0CD033F82420AF
:10A2200092B222F4E04222F0700242F4004242F084
:10A23000C00223F82420CA78012A1ED00C7833F8F3
:10A24000242092B222F4E04222F0400282F0200266
:10A2500042F4004242F0800223F82420097833F8C7
:10A26000212092B222F4804222F0700242F4004295
:10A2700042F0800223F82120ABE70C7833F8242049
:10A2800092B222F4E04222F0400242F4004242F054
:10A29000800223F82420E1E70B7B002B46D14B788A
:10A2A00013B30A7830F8223013F0400F0CD030F896
:10A2B00022309BB223F4E04323F0700343F40043C5
:10A2C00043F0C00320F822300A7830F822309BB2E5
:10A2D00023F4E04323F0400343F4004343F08003BE
:10A2E00020F82230002070470A7830F8223013F42A
:10A2F000804F0CD030F822309BB223F4E04323F09F
:10A30000700343F4404343F0800320F822300A787E
:10A3100030F822309BB223F4804323F0700343F4DF
:10A32000004343F0800320F82230DBE74B78002B1A
:10A330004ED10A7830F8223013F4804F0CD030F828
:10A3400022309BB223F4E04323F0700343F44043F4
:10A3500043F0800320F822300A7830F8223013F0DE
:10A36000400F0CD030F822309BB223F4E04323F0AE
:10A37000700343F4004343F0C00320F822300A780E
:10A3800030F822309BB223F4E04323F0700343F40F
:10A39000004343F0C00320F822300A7830F822301E
:10A3A0009BB223F4804323F0700348F2800C43EA0D
:10A3B0000C0320F822300A7830F822309BB223F4C4
:10A3C000E04323F0400343EA0C0320F8223089E7FE
:10A3D0000A7830F8223013F4804F0CD030F8223055
:10A3E0009BB223F4E04323F0700343F4404343F073
:10A3F000800320F822300A7830F8223013F0400F22
:10A400000CD030F822309BB223F4E04323F07003E9
:10A4100043F4004343F0C00320F822300A7830F8B8
:10A4200022309BB223F4E04323F0700343F4404313
:10A4300043F0800320F822300A7830F822309BB2B3
:10A4400023F4E04323F0400348F2800C43EA0C037A
:10A4500020F822300A7830F822309BB223F480436F
:10A4600023F0700343EA0C0320F822303AE74B78DC
:10A470008BB10A7830F822309BB223F4E04323F00A
:10A48000400383F0100343F4004343F0800320F8BB
:10A490002230002070470A7830F822309BB223F433
:10A4A000804323F0700383F4805343F4004343F06C
:10A4B000800320F82230ECE74B7833B30A7830F889
:10A4C000223013F0400F0CD030F822309BB223F42E
:10A4D000E04323F0700343F4004343F0C00320F84B
:10A4E0002230CB78012B33D00A7830F822309BB25F
:10A4F00023F4E04323F0400383F0200343F40043BC
:10A5000043F0800320F8223022E00A7830F822302D
:10A5100013F4804F0CD030F822309BB223F4E04388
:10A5200023F0700343F4404343F0800320F82230CB
:10A530000A7830F822309BB223F4804323F0700372
:10A5400083F4405343F4004343F0800320F8223067
:10A550000020704711B98023A0F84C3000207047CC
:10A56000B0F858306FEA43436FEA53439BB2A0F808
:10A57000583000207047B0F8440080B27047013373
:10A580005B08024402F5806208E0087891F801C097
:10A5900040EA0C2022F8020B0231013B002BF4D1DF
:10A5A000704770B505460C464B78012B1AD00B7BD3
:10A5B000002B40F092828B69002B40F06582CB78B3
:10A5C000002B40F061820A7830F822309BB223F4ED
:10A5D000E04323F0700343F4014343F0800320F889
:10A5E00022305FE28E690A69964200D91646217BC5
:10A5F00041B3E178022947D0226A921B2262227875
:10A6000035F8221011F0400F00F0F681002B40F0D9
:10A61000E381B5F8503015FA83F303EBC202B2F8C8
:10A620000634C3F30903A2F80634002E40F0B481C7
:10A63000B2F806346FEA43436FEA53439BB2A2F881
:10A640000634D2E1B6B23346E28861692846FFF7A4
:10A6500096FFB5F8503015FA83F3227803EBC20366
:10A66000A3F80264227835F822309BB223F4E04349
:10A6700023F0400383F0300343F4004343F08003AE
:10A6800025F82230002024E2236A9A4280F0668175
:10A69000227835F822309BB223F4E04323F0700394
:10A6A00043F4014343F0800325F82230236A9B1BC7
:10A6B0002362237835F8232012F0400F00F0A780A2
:10A6C0006278B2BBB5F8502015FA82F202EBC303F0
:10A6D000B3F80624C2F30902A3F806244EB9B3F86E
:10A6E00006246FEA42426FEA524292B2A3F806246D
:10A6F00021E03E2E0DD8720816F0010F00D0013275
:10A70000B3F8061489B2920292B20A43A3F806245F
:10A7100011E0710916F01F0F00D10139B3F80624BA
:10A7200092B2890289B20A4342F40042A3F8062495
:10A7300001E0012A29D0B3B2628961692846FFF796
:10A740001EFF636933446361236A2269934226D9F9
:10A750009B1B23626378002B45D1B5F8503015FA66
:10A7600083F3227803EBC203B3F80224C2F3090295
:10A77000A3F80224BEB9B3F802246FEA42426FEA9A
:10A78000524292B2A3F802242FE0B5F8502015FAF5
:10A7900082F202EBC303B2B2A3F80624CBE7002295
:10A7A00022621E46D6E73E2E0DD8720816F0010F23
:10A7B00000D00132B3F8021489B2920292B20A4375
:10A7C000A3F8022411E0710916F01F0F00D101391E
:10A7D000B3F8022492B2890289B20A4342F40042D9
:10A7E000A3F8022401E0012B06D0B3B222896169EB
:10A7F0002846FFF7C4FE35E7B5F8503015FA83F365
:10A80000227803EBC203B2B2A3F80224EDE7627828
:10A81000B2BBB5F8502015FA82F202EBC303B3F8CD
:10A820000224C2F30902A3F802244EB9B3F80224A9
:10A830006FEA42426FEA524292B2A3F8022421E048
:10A840003E2E0DD8720816F0010F00D00132B3F879
:10A85000021489B2920292B20A43A3F8022411E0D0
:10A86000710916F01F0F00D10139B3F8022492B21A
:10A87000890289B20A4342F40042A3F8022401E0AB
:10A88000012A29D0B3B2228961692846FFF777FEF1
:10A89000636933446361236A2269934226D99B1B0F
:10A8A00023626378002B45D1B5F8503015FA83F355
:10A8B000227803EBC203B3F80624C2F30902A3F81B
:10A8C0000624BEB9B3F806246FEA42426FEA524248
:10A8D00092B2A3F806242FE0B5F8502015FA82F2C0
:10A8E00002EBC303B2B2A3F80224CBE70022226238
:10A8F0001E46D6E73E2E0DD8720816F0010F00D086
:10A900000132B3F8061489B2920292B20A43A3F854
:10A91000062411E0710916F01F0F00D10139B3F8B8
:10A92000062492B2890289B20A4342F40042A3F893
:10A93000062401E0012B06D0B3B262896169284682
:10A94000FFF71DFE8EE6B5F8503015FA83F3227836
:10A9500003EBC203B2B2A3F80624EDE7217835F881
:10A96000212092B222F4E24222F0700242F400422C
:10A9700042F0800225F82120B5F8502015FA82F225
:10A98000217802EBC1029BB2A2F8023422896169EC
:10A990002846FFF7F4FD65E63E2E0DD8730816F045
:10A9A000010F00D00133B2F8061489B29B029BB2AA
:10A9B0000B43A2F8063418E0710916F01F0F00D1FE
:10A9C0000139B2F806349BB2890289B20B4343F4D1
:10A9D0000043A2F8063408E0B5F8503015FA83F3C6
:10A9E00003EBC203B2B2A3F80624B3B26289616971
:10A9F0002846FFF7C4FD35E6B3BBB5F8503015FA6D
:10AA000083F303EBC202B2F80234C3F30903A2F8E2
:10AA100002344EB9B2F802346FEA43436FEA53434B
:10AA20009BB2A2F8023428E03E2E0DD8730816F02F
:10AA3000010F00D00133B2F8021489B29B029BB21D
:10AA40000B43A2F8023418E0710916F01F0F00D171
:10AA50000139B2F802349BB2890289B20B4343F444
:10AA60000043A2F8023408E0B5F8503015FA83F339
:10AA700003EBC203B2B2A3F80224B3B22289616924
:10AA80002846FFF77CFDEDE5227835F822309BB2B1
:10AA900023F4E24323F0700343F4004343F08003C4
:10AAA00025F82230A3692269934213D99B1AA36126
:10AAB000227835F822309BB223F4804323F07003D0
:10AAC00083F4405343F4004343F0800325F82230DD
:10AAD000002070BD0023A361EAE7CB78022B04D0ED
:10AAE000012B1ED100238B61E2E7CB69002BDFD065
:10AAF0000A7830F8221044F2400303EA01008B4345
:10AB000001D00028D4D135F822309BB223F4E043A1
:10AB100023F0700343F4004343F0C00325F82230D0
:10AB2000C6E70120D5E710B45C08024402F5806254
:10AB300007E032F8020B0870C0F3072048700231BA
:10AB4000013C002CF5D113F0010F01D013880B70DC
:10AB50005DF8044B704798B108B503460020C3F870
:10AB6000B802C3F8C002C3F8CC0209B1C3F8B412EA
:10AB7000012183F89C121A701846FAF781FE08BD6D
:10AB80000320704710B582B00023ADF8063061B1E4
:10AB90000446C0F8B812CB6A4BB10DF106009847D5
:10ABA000C4F8CC02002002B010BD0320FBE7002057
:10ABB000F9E708B5FAF7A4FE08BD08B5D0F8B83231
:10ABC00013B11B68984708BD0320FCE708B5D0F80F
:10ABD000B8320BB15B689847002008BD38B5044611
:10ABE00000F2AA25284600F02FF90123C4F8943278
:10ABF000B4F8B032C4F8983294F8AA1201F01F03E6
:10AC0000012B07D0022B0AD073B92946204600F049
:10AC1000EAFA38BD2946204600F01DFBF9E729462F
:10AC2000204600F04CFBF4E701F080012046FAF7E3
:10AC300082FEEEE738B504460D4641BB1346D0F818
:10AC40009422032A01D0084638BDD0F85C11D0F810
:10AC50006021914209D890F89C32DBB2032B0FD0CF
:10AC6000204600F06BFC2846EEE7891AC0F85C111C
:10AC70008A4228BF0A46194600F058FC2846E3E7F6
:10AC8000D0F8B8321B69002BEAD09847E8E790F873
:10AC90009C32DBB2032B01D00020D5E7D0F8B832CC
:10ACA0009B690BB19847CFE70020CDE738B5044644
:10ACB0000D4600294AD11346D0F89422022A05D025
:10ACC00094F8A032012B3CD0284638BDC269016AF5
:10ACD0008A420ED88A4218D094F89C32DBB2032BF9
:10ACE00027D080212046FAF726FE204600F031FCCE
:10ACF000E6E7521AC261194600F001FC00231A4629
:10AD000019462046FAF754FEDAE783699942E3D8F8
:10AD1000D0F898229342DFD20022114600F0EFFBD8
:10AD20000021C4F898120B460A462046FAF740FE66
:10AD3000C6E7D4F8B832DB68002BD2D0204698475B
:10AD4000CFE7002384F8A0322846BEE790F89C3273
:10AD5000DBB2032B01D00020B7E7D0F8B8325B6933
:10AD60000BB19847B1E70020AFE7012380F89C3290
:10AD70000023C0F894324360C0F8A432D0F8B8324F
:10AD8000F3B170B50446D0F8BC221AB15B680BB1C0
:10AD9000002198474023002211462046FAF7B8FDCB
:10ADA0000126A4F864614025C4F860512B460022B6
:10ADB00080212046FAF7ACFDA6842562002070BDF4
:10ADC0000320704701740020704790F89C32DBB27A
:10ADD00080F89D32042380F89C320020704790F860
:10ADE0009C32DBB2042B01D00020704790F89D32DA
:10ADF000DBB280F89C32F7E7D0F8B82262B108B530
:10AE000090F89C32DBB2032B01D0002008BDD3693F
:10AE100023B198470020F9E7032070470020F5E7A9
:10AE20000346002002E00130C0B201331A78002A44
:10AE3000F9D1704708B54B88012B00D008BDC0F888
:10AE4000A43200F07BFBF9E70B7803704B7843707A
:10AE50008B78CA7843EA022343800B794A7943EA24
:10AE6000022383808B79CA7943EA0223C380704727
:10AE700010B504468021FAF75EFD00212046FAF75E
:10AE80005AFD10BD30B583B004460D460023ADF821
:10AE900006304A88130A013B0E2B00F2BC80DFE823
:10AEA00003F0153044BABA9EABBABABABABABABA53
:10AEB0000800D0F8B432DB6923B10DF10601007C43
:10AEC00098470AE02946FFF7D3FF18E0D0F8B432DC
:10AED0001B680DF10601007C9847EA88002A00F003
:10AEE000A380BDF80630002B00F099809A4228BF5D
:10AEF0001A46ADF806200146204600F0F3FA03B0EA
:10AF000030BD037C43B9D0F8B8329B6A0DF106001E
:10AF1000984702234370E0E7D0F8B832DB6A0DF1BE
:10AF20000600984702234370D7E7D2B2052A52D8C9
:10AF3000DFE802F003101D2A3744D0F8B4325B6812
:10AF400023B10DF10601007C9847C6E72946FFF7BB
:10AF50008FFFD4E7D0F8B4329B6823B10DF106011E
:10AF6000007C9847B9E72946FFF782FFC7E7D0F88A
:10AF7000B432DB6823B10DF10601007C9847ACE7E1
:10AF80002946FFF775FFBAE7D0F8B4321B6923B141
:10AF90000DF10601007C98479FE72946FFF768FFFF
:10AFA000ADE7D0F8B4325B6923B10DF10601007C46
:10AFB000984792E72946FFF75BFFA0E7D0F8B43245
:10AFC0009B6923B10DF10601007C984785E729466E
:10AFD000FFF74EFF93E72946FFF74AFF8FE7037C11
:10AFE00033B9D0F8B8325B6B0DF10600984774E7BF
:10AFF0002946FFF73DFF82E7037C43B9D0F8B8321A
:10B000001B6B0DF1060098470723437065E729463F
:10B01000FFF72EFF73E72946FFF72AFF6FE7294660
:10B020002046FFF725FF6AE7204600F087FA66E72B
:10B0300038B504468B88FBB9CB88EBB94B887F2B9E
:10B040001AD803F07F0590F89C32DBB2032B0CD0AA
:10B0500080F89E522946FAF795FC204600F06EFAD9
:10B0600035B1022384F89C3209E0FFF701FF06E0C6
:10B07000012384F89C3202E02046FFF7F9FE38BD38
:10B0800070B504460E468D782E4B1D70012D10D8DC
:10B0900090F89C32DBB2022B0FD0032B23D0FFF7AA
:10B0A000E7FE284B19782046FFF790FD0325284638
:10B0B00070BDFFF7DDFE0325F9E78DB14560294638
:10B0C000FFF77BFD054620B131462046FFF7D0FE55
:10B0D000EDE7204600F032FA032384F89C32E6E7DD
:10B0E00000F02CFAE3E7CDB141688D4225D0C9B21A
:10B0F000FFF76CFD134B197861602046FFF75DFD8B
:10B100000546B0B131462046FFF7B2FE2179204610
:10B11000FFF75CFD022384F89C32C8E7022380F825
:10B120009C3245602946FFF751FD204600F006FAA3
:10B13000BDE7204600F002FAB9E700F0FFF900256C
:10B14000B5E700BF945A002008B5CB88012B0BD17E
:10B1500090F89C32DBB2022B09D9032B11D10122CA
:10B16000011D00F0BFF901E0FFF782FE08BD5BB2F0
:10B170003BB10146002341F8083F012200F0B2F93B
:10B18000F4E7FFF775FEF1E708B590F89C32013B54
:10B19000022B12D8CB88022B0CD10123C360D0F82C
:10B1A000A4320BB10323C360022200F10C0100F0B2
:10B1B00099F908BDFFF75CFEFBE7FFF759FEF8E7DA
:10B1C00008B590F89C32013B022B09D84B88012B23
:10B1D00000D008BD0023C0F8A43200F0AFF9F8E7B2
:10B1E000FFF746FEF5E738B50C7804F06004202C34
:10B1F00006D0402C04D054B1FFF73AFE002404E0FE
:10B20000D0F8B8329B6898470446204638BD4D7840
:10B21000092D1DD8DFE805F012191C161C08051CA5
:10B220000F0BFFF72FFEF0E7FFF702FFEDE7FFF749
:10B2300027FF0446E9E7FFF787FFE6E7FFF7A4FFEC
:10B240002C46E2E7FFF7F6FDDFE7FFF7B9FFDCE7A3
:10B25000FFF70EFED9E770B505460C460B7803F0F4
:10B260006003202B07D0402B05D023B1FFF700FE51
:10B270000026304670BD95F89C32013B022B18D851
:10B280002379012B0FD8D5F8B8329B682146284680
:10B2900098470646E388002BEBD10028E9D12846E1
:10B2A00000F04CF9E5E721462846FFF7E1FD0026CE
:10B2B000DFE721462846FFF7DBFD0026D9E7F8B592
:10B2C00006460D468B880C7804F06004202C08D0CC
:10B2D000D9B2402C05D06CB12946FFF7C9FD002436
:10B2E00006E0D6F8B8329B682946304698470446AF
:10B2F0002046F8BD6F78012F2FD0032F05D0002FE7
:10B3000059D02946FFF7B4FDF2E790F89C32DBB242
:10B31000022B05D0032B12D02946FFF7A9FDE7E742
:10B3200009B1802904D129463046FFF7A1FDDFE7A6
:10B33000FAF701FB80213046FAF7FDFAD8E76B886F
:10B3400023B919B1802901D0EB881BB1304600F038
:10B35000F5F8CDE7FAF7EFFAF8E790F89C32DBB2B0
:10B36000022B05D0032B12D02946FFF781FDBFE742
:10B3700009B1802904D129463046FFF779FDB7E7A6
:10B38000FAF7D9FA80213046FAF7D5FAB0E76B8898
:10B39000002BADD111F07F0F0AD1304600F0CEF86E
:10B3A000D6F8B8329B6829463046984704469FE74E
:10B3B000FAF7C9FAF1E790F89C22D2B2022A06D035
:10B3C000032A29D02946FFF753FD3C4690E709B1EF
:10B3D000802913D113F0800F15D101F07F0101EB0B
:10B3E0008101890001F5A8713144043100230B600B
:10B3F0000222304600F076F83C4679E72946FFF70E
:10B4000037FD3C4674E701F07F0101EB81018900C3
:10B41000103131440431E9E75BB2002B1FDB01F04E
:10B420000F0202EB820200EB8202B2F8642122B327
:10B43000002B27DB01F07F0303EB83039C0004F563
:10B44000A8743444043409B1802924D10023236032
:10B4500002222146304600F045F83C4648E701F01C
:10B460000F0202EB820200EB8202928C002ADFD1F3
:10B470002946FFF7FDFC3C463AE72946FFF7F8FC72
:10B480003C4635E701F07F0303EB83039C00103457
:10B4900034440434D7E73046FAF75DFA10B101239B
:10B4A0002360D5E700232360D2E7D0B170B50D4605
:10B4B00016460446FFF7B4FC431C5B009BB2338086
:10B4C0002B7003236B70022307E0EA5401345A1CEB
:10B4D000D2B20021A9540233DBB22278002AF4D17F
:10B4E00070BD704708B513460222C0F894228361EC
:10B4F000C3610A460021FAF753FA002008BD08B5D7
:10B5000013460A460021FAF74BFA002008BD08B599
:10B5100013460322C0F89422C0F85831C0F85C31B9
:10B520000A460021FAF744FA002008BD08B5134680
:10B530000A460021FAF73CFA002008BD08B50422AB
:10B54000C0F8942200231A461946FAF729FA002077
:10B5500008BD08B50522C0F8942200231A461946F2
:10B56000FAF726FA002008BD70B504460D4645ECF2
:10B57000104B164603F09CFB51EC100B7EB1C5F34B
:10B580000A53C3F16B03002B09DD1B0503F17F5543
:10B59000002405F5401522462B46F5F765F841ECE9
:10B5A000100B70BD000000002DE9F04F9FB00C465D
:10B5B000179200221A9205904FF0000A4FF0000BEC
:10B5C0000A46199211782B294AD038D80D2932D839
:10B5D000082932D800293BD000220E92199D2A78E2
:10B5E000302A40F0B2806A7802F0DF02582A6ED129
:10B5F00002930E9B01931AAB00938F4A05981BABE5
:10B6000019A902F04FFC10F00F06044605D0062ED3
:10B6100028D10135002319950E93179B002B40F07C
:10B620008E850E9BCBB152460BF1004343EC102BA1
:10B630001FB0BDE8F08F2029CED10132C1E72D29FE
:10B64000CAD101210E91511C19915278002AC5D1FD
:10B65000179B1994002B40F0708552465B46E5E736
:10B660000021EFE71A9A3AB135211CA803F01AFC21
:10B670001A99059802F0F0FF013E1B9A042E06D895
:10B68000DFE806F014031D201400DDE91CABE10522
:10B6900048BF4BF0004B2BF000431B0D1B05002B4C
:10B6A000BBD101F09FFC22230360B6E7DDE91CA3B8
:10B6B00002F2334223F4801343EA025BE7E7DFF848
:10B6C00080B1E4E76FF0004B4FF0FF3ADFE7199BE2
:10B6D0005A1C19925B78302BF9D0002B9DD0012396
:10B6E00000270893199B0C930B97B9460A221998C7
:10B6F0000578A5F13003D9B2092928D94F4901228B
:10B7000001F0E8FB002832D000202A460A904D467E
:10B710000346652A01D0452A14D11DB9089A02436F
:10B7200096D00025199C621C199262782B2A7AD037
:10B730002D2A7ED04FF0000CA2F13001092940F2F1
:10B74000858019944FF00008A5E00023C8E7B9F1FF
:10B75000080FD8BF0B9900F10100DABF02FB0133DB
:10B760000B9302FB073709F101091990BFE7199BF9
:10B770005A1C19925A78B9F1000F3BD00A904D46E5
:10B78000A2F13003092B12D90123C2E7199B5A1CDD
:10B7900019925A780130302AF8D0A2F13103082BDF
:10B7A00000F2D284199B0A9000200C930546303A8F
:10B7B00000F1010318D00A9919440A912E464FF05E
:10B7C0000A0E711CA1EB050C634515DC20EAE07044
:10B7D0002B18082B05F1010505441ADC0B990A23E7
:10B7E00003FB01230B930023199A511C19915278E2
:10B7F0001846C5E74846CEE7082E05DC0B9E0EFB33
:10B8000006F60B960E46DCE71029D8BF0EFB07F7AD
:10B81000F8E70F2BDCBF0A2303FB0727E3E700232E
:10B820000A9301237AE74FF0000CA21C1992A27828
:10B8300082E74FF0010CF8E76C050108840301086A
:10B840000000F07F199A511C19915278302AF9D0D2
:10B85000A2F1310108293FF675AF303A0992199AE1
:10B860000F924FF00A08199A561C19965278A2F1B5
:10B87000300EBEF1090F39D90F99761A082E44F609
:10B880001F6803DC09998845A8BF8846BCF1000FF2
:10B8900001D0C8F10008002D4ED1089908437FF46B
:10B8A000BCAE002B7FF4D4AE692A28D025DC492A0F
:10B8B00025D04E2A7FF4CCAE9A4919A802F014FD87
:10B8C00000283FF4C5AE199B1B78282B2ED1964932
:10B8D0001CAA19A802F01CFD052827D11D9BDDF824
:10B8E00070A043F0FF4B4BF4E00B96E6099908FB80
:10B8F0000121A1F130020992B5E76E2ADAE78B49FE
:10B9000019A802F0F1FC00283FF4A2AE199B884967
:10B91000013B19A8199302F0E7FC10B9199B0133F8
:10B920001993DFF81CB24FF0000A76E6814801F067
:10B930009FFB5BEC10AB70E60A9B0B98A8EB030334
:10B94000B9F1000F08BFA946102D09932C46A8BFD6
:10B950001024F4F70FFE092D82468B4613DC099B59
:10B96000002B3FF45AAE099B78DD162B5FDC724941
:10B9700001EBC301D1E9000152465B46F4F774FEC6
:10B9800082468B4649E66C4B03EBC40353E9122312
:10B99000F4F76AFE824638468B46F4F7EBFD024622
:10B9A0000B4650465946F4F7A9FC0F2D82468B46AC
:10B9B000D5DD099B2C1B1C44002C40F3938014F014
:10B9C0000F030AD05C4901EBC30152465B46D1E943
:10B9D0000001F4F749FE82468B4634F00F0473D021
:10B9E000B4F59A7F49DD0024A0460B94A146059A40
:10B9F000DFF84CB1222313604FF0000A0B9B002BA1
:10BA00003FF40BAE1A99059802F026FE05984946B8
:10BA100002F022FE0598414602F01EFE0B990598A1
:10BA200002F01AFE0598214602F016FEF5E5099A85
:10BA3000C5F125039342BCDB3F4CC5F10F0504EB78
:10BA4000C50152465B46D1E90001F4F70DFE099BA2
:10BA50005D1B04EBC504D4E900238FE71633A8DB94
:10BA60000A9BA3EB0808344B03EBC808D8E9002372
:10BA700050465946F4F722FF82E700232F4F241146
:10BA8000504659461E46012C21DC0BB182468B469E
:10BA90002A49ABF1547B01EBC60152465B46D1E922
:10BAA0000001F4F7E1FD264B0A460B4025498B4285
:10BAB000824698D8A1F580118B4286BFDFF888B006
:10BAC0004FF0FF3A02F1547B0023089376E0E2073F
:10BAD00004D5D7E90023F4F7C7FD0123013664102C
:10BAE0000837D0E7F0D0644214F00F020AD0124BAE
:10BAF00003EBC20350465946D3E90023F4F7DEFEB8
:10BB000082468B462411DFD01F2C1FDD0024A04667
:10BB10000B94A146059A22234FF0000A4FF0000B28
:10BB200013606BE793030108580501088B030108B4
:10BB3000C503010854050108E0060108B80601081C
:10BB40000000F07F0000A07CFFFFEF7F14F01003E7
:10BB500018BF6A23A94E0893504659460023E707A9
:10BB600004D5D6E90023F4F77FFD0123641006F124
:10BB70000806F4D10BB182468B46089BB3B1CBF3D8
:10BB80000A52C2F16B03002B59460FDD1F2B56DD05
:10BB9000342BDEBF4FF0FF33C2F14B0293404FF026
:10BBA000000ACCBF4FF05C7B03EA010B00220023AC
:10BBB00050465946F4F7C0FF0028A7D10B9B0093CD
:10BBC0000C9905982B464A4602F0AEFD0B900028D2
:10BBD0003FF409AF099A0A9B002AA3EB0803A8BF08
:10BBE00000231293002422EAE2731693A0460B9BD3
:10BBF0000598596802F0F0FC814600283FF4F7AE42
:10BC00000B9B1A69023203F10C0192000C3001F017
:10BC10001EFA4BEC10AB05981CAA1BA9CDE90CAB86
:10BC200003F0B6F81A9000283FF4E1AE0598012120
:10BC300002F010FE804648B94FF00008D7E64FF0FA
:10BC4000FF3202FA03F303EA0A0AAFE71B9D1C9ACC
:10BC5000002DABBF129B169B169E129FACBFEF1818
:10BC60005E1B089BED1A1544654B013D9D42C2F1D8
:10BC7000360250DA5B1B1F2BA2EB03024FF00101CF
:10BC80003DDC01FA03F3139300231093BD18089BC6
:10BC9000AF4216441E443B46A8BF2B46B342A8BF42
:10BCA0003346002BC2BFED1AF61AFF1A129B002B67
:10BCB00016DD414605981A4602F084FE80460028AB
:10BCC000BAD001461A9A059802F0DAFD0A900028C7
:10BCD0003FF48DAE1A99059802F0BEFC0A9B1A93A8
:10BCE000002D1DDC099B002B23DD4946169A059883
:10BCF00002F068FE8146E0B94FF0000977E6C5F131
:10BD00007F4505F57F0505F57B45E23501FA05F32D
:10BD100010931391BAE70023109301231393B5E70F
:10BD20001A9905982A4602F0A7FE1A900028D9D140
:10BD30005DE6002E07DD49460598324602F09CFE7E
:10BD400081460028D8D0002F08DD414605983A46A4
:10BD500002F092FE804600283FF449AE1A990598F9
:10BD60004A4602F011FF044600283FF440AEC36883
:10BD70000F930023C360414602F0EAFE002845DA33
:10BD80000F9B53EA0A036BD1CBF31303002B67D14C
:10BD90002BF000431B0D1B05B3F1D66F60D963690F
:10BDA00013B92369012B5BDD21460122059802F0BE
:10BDB00063FE4146044602F0CBFE002850DD2BF026
:10BDC0000043089A1B0D1B05002A6AD0B3F1D66FF9
:10BDD00067D8B3F15C7F7FF69DAE0A4B504659465B
:10BDE0000022F4F741FC084B0B4082468B46002BA7
:10BDF0007FF408AE059A2223136003E6800501084C
:10BE000002FCFFFF000050390000F07FCDF828B0A1
:10BE100065D10F9ACBF313035AB39F4A93422BD1A8
:10BE2000089B514603B39D4B5A461340B3F1D46F60
:10BE30004FF0FF321BD81B0DC3F16B0302FA03F363
:10BE4000994219D1964B0A9A9A4202D101313FF494
:10BE5000CEAD924B0A9A1A4002F5801B4FF0000AB1
:10BE6000089B002BB9D1CDE54FF0FF33E8E713462F
:10BE7000E6E753EA0A03A2D0109BDBB10A9A134209
:10BE8000EED00F9B089A50465946BBB1FFF76CFBAA
:10BE9000DDE90C0153EC102BF4F730FA82468B46A7
:10BEA000DEE7A3F580136FEA135B6FEA0B5B4FF0DD
:10BEB000FF3AD5E7139B13EA0A0FE1E7FFF754FBBC
:10BEC000DDE90C0153EC102BF4F716FA00220023E5
:10BED00082468B46F4F730FE0028C1D01AE6414670
:10BEE000204602F0ADFF57EC106B00224FF080436C
:10BEF00030463946F4F734FE00286FD00F9B002BF4
:10BF00007AD1BAF1000F58D10A9BC3F31303002B67
:10BF10005AD1644B002230463946F4F717FE002808
:10BF200059D130463946604B0022F4F79DFB064656
:10BF30000F4607F1004306960793DDE90623574DA8
:10BF4000CDE910230A9B1D40584B9D4240F0B28022
:10BF50000A9BA3F1547B4BEC10AB02F0A9FEDDE988
:10BF6000062351EC100BF4F77FFB52465B46F4F7C7
:10BF7000C5F90B4649494E4A19409142824642D979
:10BF80000D9A474B9A4203D10C9B01333FF42FADDE
:10BF9000DFF80CB14FF0FF3A1A99059802F05CFBFC
:10BFA0000598494602F058FB0598414602F054FBBB
:10BFB0000598214602F050FB19E6BAF1010F03D1B2
:10BFC0000A9B002B3FF4A6AD9FED2B7B354F8DEDEB
:10BFD000067B0026B1E7344F0026AAE7324B3046F5
:10BFE00039460022F4F740FB0F9B06460F46002B14
:10BFF0009FD0CDE90667A0E79FED217B8DED067B05
:10C0000057EC176B99E703F1547B089BCDF828B0E8
:10C01000002BC1D12BF000431B0D1B059D42BBD152
:10C0200030463946F4F768FEF4F7F0FA02460B465C
:10C0300030463946F4F760F90B460246CDE90C2349
:10C04000CBF313060F9B46EA0A061E436FD00EA3DE
:10C05000D3E90023F4F77AFD00287FF4D3AC0CA3D6
:10C06000D3E90023DDE90C01F4F78EFD002893D01D
:10C07000C8E400BFAFF30080000000000000F0BF84
:10C08000000000000000F03F9535A094FFFFDF3F67
:10C0900035E5AF350000E03FFFFF0F000000F07F07
:10C0A000FFFFEF7F0000F03F0000E03F0000E07F77
:10C0B000FFFF9F7C089B23B3B5F1D46F21D828A341
:10C0C000D3E9002330463946F4F74AFDA0B139469A
:10C0D0003046F4F7A1FD012838BF0120F4F74AFAF1
:10C0E0000F9B06460F46FBB901F1004314901593D0
:10C0F000DDE91423CDE91023119B03F1D6635B1B0B
:10C1000011939DED0C0BDDE910AB02F0D1FD504613
:10C1100053EC102B5946F4F7A7FADDE90C23F4F79A
:10C12000EDF882468B4670E7CDE91467E0E70EA391
:10C13000D3E90023F4F70AFD98E700230E93179A3A
:10C14000199B1360FFF76DBA652A3FF468AB452A67
:10C150003FF465AB0123FFF7A0BB00BFAFF3008046
:10C160000000C0FFFFFFDF419535A094FFFFCF3FE8
:10C170002DE9F041DFF8BC80294B0A462DED028BFA
:10C180000146D8F80000FFF70FFA55EC104B224695
:10C190002B4620462946F4F701FD90B1002D214899
:10C1A00009DA00F06DFFB1EE408AB0EE480ABDEC4E
:10C1B000028BBDE8F081BDEC028BBDE8F04100F0E0
:10C1C0005FBF20462946F4F747FD08EE100ADFED71
:10C1D000167AB0EEC87AB4EE677AF1EE10FA11DD95
:10C1E00025F00047114B4FF0FF3220463946F4F757
:10C1F000D5FC80B90D4B4FF0FF3220463946F4F79D
:10C20000AFFC40B918EE103A13F0FF4FCDD1084BF8
:10C210002B40002BC9D0D8F8003022221A60C4E786
:10C22000AC01002054050108FFFF7F7FFFFFEF7F77
:10C230000000F07F180300202DE9F043344E8646BD
:10C240000D46284615F8014B375D17F00807F8D161
:10C250002D2C10D12C780127851C33F0100015D11E
:10C26000302C0DD1287800F0DF00582808D16C78E8
:10C27000023510230AE02B2C04BF2C78851CECE738
:10C28000002BF6D1302C14BF0A2308234FF0FF38BF
:10C290000026B8FBF3F803FB08F96FEA09093046FA
:10C2A000A4F1300CBCF1090F10D86446A3421EDD86
:10C2B000B6F1FF3F07D0804516D301D1A14513DB6E
:10C2C00000FB0340012615F8014BE9E7A4F1410CFE
:10C2D000BCF1190F01D8373CE8E7A4F1610CBCF1BF
:10C2E000190F04D8573CE1E74FF0FF36EBE7731C1A
:10C2F00006D12223CEF80030304632B9BDE8F083B3
:10C3000007B14042002AF9D006B1691E1160F5E775
:10C31000A905010813460A46014602480068FFF7CE
:10C320008BBF00BF180300202DE9FF4757EC106BAF
:10C33000002F0C4619463B46BBBF07F100431F4682
:10C3400000232D230B700D9BDDF830A0914623F0C8
:10C350002008BCBF32461646B8F1460F05D0B8F1EA
:10C36000450F00D10134022100E0032103AB01930A
:10C3700002AB009347EC106B5346224600F010FFCF
:10C38000B8F1470F054619D119F0010F0ED000EB97
:10C3900004090022002330463946F4F7CDFB08B1EA
:10C3A000CDF80C903022039B4B451ED3039B0E9A75
:10C3B0005B1B2846136004B0BDE8F087B8F1460F58
:10C3C00000EB0409E5D10378302B0AD100220023C9
:10C3D00030463946F4F7B0FB18B9C4F10104CAF885
:10C3E0000040DAF800309944D3E7591C03911A70E1
:10C3F000D9E7F7B50029BABF49422D232B230929D4
:10C400000270437029DD0DF107031D460A271A4605
:10C41000B1FBF7F607FB1614303402F8014C0C465A
:10C42000632C03F1FF333146F1DC3031941E03F805
:10C43000011C411C2346AB420AD30DF109039B1A90
:10C44000AC4288BF002302330344181A03B0F0BD86
:10C4500013F8016B01F8016FEDE730233031837081
:10C46000C170031DF1E700002DE9F04F8DB00C46BF
:10C47000DDF8588016461F46054600F069FD036842
:10C4800004931846F3F72CFF00230A93D8F80030E2
:10C490000590073323F0070303F1080294F818A06E
:10C4A000D4F800B0C8F80020D3E9008929F000438F
:10C4B0000793CDF81880C4E91289DDE906019C4B89
:10C4C0004FF0FF32F4F76AFB70BBDDE90601984BD1
:10C4D0004FF0FF32F4F744FB30BB0022002340460C
:10C4E0004946F4F733FB10B12D2384F84330914AC9
:10C4F000914BBAF1470F8CBF9046984603232361B6
:10C500002BF0040323604FF00009009733460BAA79
:10C510002146284600F0D2F9013040F08D804FF0DE
:10C52000FF300DB0BDE8F08F42464B4640464946CD
:10C53000F4F734FB40B14B46002BBCBF2D2384F8ED
:10C5400043307E4A7E4BD4E763680AF0DF020692EE
:10C550005A1C3BD1062363604BF4806200232260A7
:10C5600003930AABCDE901A309AB0093616849ECE1
:10C57000108B0DF123032846FFF7D6FE069B099981
:10C58000472B804629D1C81C02DB6368994241DDF4
:10C59000AAF1020A5FFA8AFA0139524604F1500000
:10C5A0000991FFF726FF0A9A1318012A8146236191
:10C5B00002DC2268D20701D5013323619DF82330C4
:10C5C000002BA2D02D2384F843309EE7069A472AF9
:10C5D000C2D1002BC0D10123BDE7BAF1650FDBD971
:10C5E000BAF1660F18D1002963680BDD216113B918
:10C5F0002268D00702D501330B442361A1654FF0B7
:10C600000009DBE713B92268D20701D50233F4E74A
:10C610000123F2E74FF0670A0A9B994205DB236882
:10C620002161D807EAD54B1CE7E70029D4BFC1F147
:10C63000020201221344E0E723685A0507D4236964
:10C64000424631462846B84701302BD167E7BAF158
:10C65000650F40F2DD80D4E9120100220023F4F7D7
:10C660006BFA002833D0374A012331462846B847B1
:10C6700001303FF454AFDDE90938434502DB23685C
:10C68000D8070FD5DDE9042331462846B8470130E5
:10C690003FF445AF4FF0000908F1FF3804F11A0AE2
:10C6A000C84509DC23689B0700F10381E0680B9B08
:10C6B0009842B8BF184634E701235246314628460F
:10C6C000B84701303FF42BAF09F10109E8E7099BB6
:10C6D000002B39DC1B4A012331462846B84701307C
:10C6E0003FF41DAFDDE9093959EA030302D123689C
:10C6F000D907D7D5DDE9042331462846B8470130AC
:10C700003FF40DAF4FF0000A04F11A0B099B5B4296
:10C71000534501DC4B4693E701235A4631462846F0
:10C72000B84701303FF4FBAE0AF1010AEEE700BF63
:10C73000FFFFEF7F8A0301088603010892030108C7
:10C740008E03010896030108A36DDDF828A0534568
:10C75000A8BF5346002B994636DC4FF0000B29EA60
:10C76000E97904F11A02A36D0693A3EB09035B4573
:10C7700031DC099B9A453ADC2368DA0737D4099BF8
:10C78000AAEB0309069BAAEB03039945A8BF9946A8
:10C79000B9F1000F33DC4FF0000829EAE97904F120
:10C7A0001A0B099BAAEB0303A3EB090343457FF78D
:10C7B00079AF01235A4631462846B84701303FF445
:10C7C000AEAE08F10108ECE7424631462846B847CC
:10C7D0000130C2D1A3E60123314628460692B8476C
:10C7E00001303FF49CAE069A0BF1010BBBE7DDE98B
:10C7F000042331462846B8470130C0D18FE6069A57
:10C800004B46424431462846B8470130C3D186E6FC
:10C81000DDF828A0BAF1010F01DCDB0736D50123D2
:10C82000424631462846B84701303FF478AEDDE94C
:10C83000042331462846B84701303FF470AED4E9AE
:10C840001201002200230AF1FF3AF4F775F9C0B98A
:10C85000534608F1010231462846B84701300CD151
:10C860005DE601235A4631462846B84701303FF479
:10C8700056AE08F10108D045F3DB4B4604F15002F7
:10C88000DFE64FF0000804F11A0BF4E701234246FB
:10C89000E1E701234A4631462846B84701303FF4D4
:10C8A0003EAE08F10108E3680B995B1A4345F0DCE2
:10C8B000FCE64FF0000804F11909F4E72DE9F04710
:10C8C000164698468A680B69DDF820909342B8BFF7
:10C8D0001346336091F8432007460C460AB10133F2
:10C8E00033602368990642BF33680233336025689A
:10C8F00015F0060506D104F1190AE36832689B1A9F
:10C90000AB4226DC94F843302268003B18BF012379
:10C9100092062BD404F1430241463846C847013001
:10C920001ED02368226903F00603042B02BFE568CA
:10C930003368ED1AA3680CBF25EAE575002593421C
:10C94000C4BF9B1AED1800261A34B5421AD1002034
:10C9500008E00123524641463846C847013003D11A
:10C960004FF0FF30BDE8F0870135C6E7E1185A1CEB
:10C97000302081F84300224494F8451082F8431097
:10C980000233C7E70123224641463846C8470130F3
:10C99000E6D00136D9E700002DE9FF470F7E0C9E57
:10C9A000782F914680460C469A4601F1430207D8FB
:10C9B000622F0AD8002F00F0D180582F00F0B880E5
:10C9C00004F1420684F842703AE0A7F16303152BA4
:10C9D000F6D801A151F823F031CA000845CA000871
:10C9E000C1C90008C1C90008C1C90008C1C90008FF
:10C9F00045CA0008C1C90008C1C90008C1C900086A
:10CA0000C1C9000843CB00086FCA0008FDCA00086E
:10CA1000C1C90008C1C9000865CB0008C1C9000828
:10CA20006FCA0008C1C90008C1C9000805CB0008C9
:10CA300033681A1D1B68326004F1420684F84230E4
:10CA400001239CE033682068191D3160060601D57A
:10CA50001D6803E04506FBD5B3F90050002D03DA4D
:10CA60002D236D4284F8433058480A2311E0216891
:10CA70003368080653F8045B02D4490648BFADB2D8
:10CA80006F2F5248336014BF0A230823002184F813
:10CA900043106668A660002E05DB21682E4321F056
:10CAA000040121604BD01646B5FBF3F103FB11578F
:10CAB000C75D06F8017D2F46BB420D46F4D9082B11
:10CAC0000BD12368DF0708D5236961689942DEBF6F
:10CAD000302306F8013C06F1FF36921B2261CDF8A7
:10CAE00000A04B4603AA21464046FFF7E7FE01306F
:10CAF0004AD14FF0FF3004B0BDE8F087236843F01F
:10CB0000200323603248782784F845702368316811
:10CB10001F0651F8045B02D45F0648BFADB2316016
:10CB2000D90744BF43F0200323601DB11023ADE7B4
:10CB30002648E9E7236823F020032360F6E716463A
:10CB4000BDE7336825686169181D30602E061B68D3
:10CB500001D5196002E06806FBD519800023236126
:10CB60001646BCE733681A1D32601E6862680021F1
:10CB70003046F3F765FB08B1801B60606368236192
:10CB8000002384F84330AAE72369324649464046E9
:10CB9000D0470130ADD023689B0713D4E068039BD6
:10CBA0009842B8BF1846A6E7012332464946404698
:10CBB000D04701309DD00135E36803995B1AAB4241
:10CBC000F2DCEBE7002504F11906F5E7980301080C
:10CBD000A9030108002310B50446C0E90033C0E9E9
:10CBE0000433836081814366C281836119460822D0
:10CBF0005C3000F067F90D4B63620D4BA3620D4B87
:10CC0000E3620D4B23630D4B24629C4206D003F17B
:10CC10006802944202D0D0339C4205D104F15800FE
:10CC2000BDE8104000F008BA10BD00BFC5CD000837
:10CC3000E7CD00081FCE000843CE0008985A002018
:10CC4000024A0349034800F069B800BFA001002070
:10CC5000FDF200081C03002041680C4B994210B5FE
:10CC6000044601D002F04AFBA168094B994202D068
:10CC7000204602F043FBE168064B994204D020466F
:10CC8000BDE8104002F03ABB10BD00BF985A00202A
:10CC9000005B0020685B002010B50B4B0B4C0C4A6E
:10CCA0001A60204600220421FFF794FF04F1680077
:10CCB00001220921FFF78EFF04F1D0000222BDE816
:10CCC00010401221FFF786BFD05B0020985A002049
:10CCD00041CC0008014800F0B0B900BFD95B00208A
:10CCE000014800F0ABB900BFD95B002010B5044685
:10CCF000FFF7F0FF236A1BB1BDE81040FFF7F0BF5C
:10CD0000044B2362044B1B68002BF5D1FFF7C4FFD3
:10CD1000F2E700BF59CC0008D05B00202DE9F843B2
:10CD20000746884614460026D4E90195B9F1010961
:10CD300005D52468002CF7D13046BDE8F883AB89CF
:10CD4000012B07D9B5F90E30013303D029463846F7
:10CD5000C04706436835E9E70CB430B5184B0C1EE4
:10CD60001D689DB008DA8B232B604FF0FF301DB09B
:10CD7000BDE8304002B070474FF40273ADF8143094
:10CD80004FF000031B9314BF04F1FF3323460493B9
:10CD900007934FF6FF7302900690ADF81630209A75
:10CDA00021AB02A92846019302F028F9431CBCBF1D
:10CDB0008B232B60002CDAD0029B00221A70D6E75E
:10CDC0001803002010B50C46B1F90E1000F0E6F87B
:10CDD0000028ABBF636DA3891B1823F48053ACBF3D
:10CDE0006365A38110BD2DE9F0411F468B89DB05EA
:10CDF00005460C46164605D5B1F90E100223002251
:10CE000000F0BAF8A389B4F90E1023F48053A3817B
:10CE100032463B462846BDE8F04100F0D1B810B597
:10CE20000C46B1F90E1000F0A7F8431CA38915BFFA
:10CE3000606523F4805343F48053A38118BFA3811A
:10CE400010BDB1F90E1000F087B830B51446002CB3
:10CE50009BB005461A4605DA8B2303604FF0FF307E
:10CE60001BB030BD4FF40273ADF80C304FF000032F
:10CE7000199314BF04F1FF332346029305934FF631
:10CE8000FF7300910491ADF80E3069461E9B02F0CD
:10CE9000B5F8431CBCBF8B232B60002CE0D0009B5B
:10CEA00000221A70DCE7000007B5009313460A461B
:10CEB000014603480068FFF7C8FF03B05DF804FBB4
:10CEC0001803002002440346934200D1704703F840
:10CED000011BF9E710B56AB10139841810F8012B6C
:10CEE00011F8013F9A4203D1A04201D0002AF5D1A6
:10CEF000D01A10BD1046FCE7F0B5044608B9146816
:10CF000044B1204614F8015B0F4617F8016B1EB9B7
:10CF100065B91560002005E0B542F6D1002BF0D1CF
:10CF200014600370F0BD1C460CE01DB9274614F8D0
:10CF3000013B0E4616F8015BAB42F6D1002BF2D056
:10CF400000233B701460EDE70123FFF7D5BF00001D
:10CF5000004870479C02002038B5064D0023044667
:10CF600008462B60F4F78CF8431C02D12B6803B100
:10CF7000236038BDD45B002038B5074D0446084611
:10CF8000114600222A601A46F4F784F8431C02D1A5
:10CF90002B6803B1236038BDD45B002038B5074D42
:10CFA00004460846114600222A601A46F4F74AF859
:10CFB000431C02D12B6803B1236038BDD45B002031
:10CFC00038B5074D04460846114600222A601A4625
:10CFD000F4F748F8431C02D12B6803B1236038BD35
:10CFE000D45B0020014B1868704700BF1803002075
:10CFF00070B50D4D0D4C641BA4100026A64209D13E
:10D000000B4D0C4C02F0EAFC641BA4100026A64257
:10D0100005D170BD55F8043B98470136EEE755F849
:10D02000043B98470136F2E7B0070108B007010852
:10D03000B0070108B40701087047704770470346FE
:10D0400011F8012B03F8012B002AF9D170470A448B
:10D05000914200F1FF3300D1704710B511F8014B38
:10D0600003F8014F9142F9D110BD0000000000000B
:10D070009FED010B704700BF000000000000F87F2B
:10D080009FED010A704700BF0000C07F2DE9F74FF8
:10D0900003690C69A34207467EDB013C01F11408D9
:10D0A000A30000F11405009305EB8403019358F8E5
:10D0B000243055F8242001339A4208EB8409B2FB4E
:10D0C000F3F62ED34FF0000AC446AE46D3465CF8C2
:10D0D000043B98B206FB00A0020C1B0C06FB0323CA
:10D0E000DEF8002080B292B2121A5A44DEF8000034
:10D0F0004FEA134A9BB2C3EB224303EB104392B2B5
:10D1000042EA0342E1454EF8042B4FEA234BDED2BC
:10D11000009BEB582BB9019B043B9D421A462FD331
:10D120003C61384601F014FD002825DB294600202B
:10D1300058F8042BD1F800C01FFA82FE1FFA8CF3B6
:10D14000A3EB0E030344120CC2EB234202EB1C427E
:10D150009BB243EA0243C14541F8043B4FEA2240F7
:10D16000E6D255F8242005EB840322B9043B9D4206
:10D170001A460BD33C610136304603B0BDE8F08F50
:10D180001268043B002ACBD1013CC6E71268043B7D
:10D19000002AEFD1013CEAE70020EEE700000000A2
:10D1A0002DE9F04FC76997B08DED040B55EC104B8E
:10D1B000209E079181460C9211937FB9102001F0B7
:10D1C00043F90246C9F81C0020B9A94BEF21A94830
:10D1D00002F0E6F8C0E901770760C760D9F81C30B3
:10D1E000196859B15A684A60012393408B604846D8
:10D1F00001F032FAD9F81C3000221A602B1EB9BF98
:10D2000023F00043059300233360059F9A4BBCBF76
:10D2100001223260BB4312D1119A42F20F731360A4
:10D22000C7F31303234300F05A85219BDFF85CA268
:10D23000002B00F05C850AF1030300F056BD9DED64
:10D24000047B002251EC170B00238DED0A7BF3F7D2
:10D2500073FC804658B1119A01231360219B13B1CE
:10D26000219A864B1360DFF828A200F040BD9DEDA7
:10D270000A0B14AA15A9484601F08AFDC7F30A56FD
:10D280000290002E78D00B9BCDF84880C3F3130397
:10D29000DDE90A0143F07F5343F44013A6F2FF3661
:10D2A00019460022764BF3F727F86BA3D3E9002346
:10D2B000F3F7DAF96AA3D3E90023F3F71FF804467A
:10D2C00030460D46F3F766F967A3D3E90023F3F779
:10D2D000CBF902460B4620462946F3F70FF80446E1
:10D2E0000D46F3F771FC002207460023204629462D
:10D2F000F3F72CFC40B13846F3F74CF922462B46A5
:10D30000F3F71AFC00B9013F162F52D85D4B03EB1F
:10D31000C703D3E90023DDE90A01F3F717FC00286E
:10D3200049D0013F00231093149B9B1B5A1E45BFFD
:10D33000C3F10103009300230023069254BF00931E
:10D340000693002F39DB069B0D973B440693002381
:10D350000893079B092B63D8052BC4BF043B079395
:10D36000079BA3F10203CCBF00240124032B63D845
:10D37000DFE803F05254372BDDE914631E4406F254
:10D380003243202BC1BFC3F140039F4006F212433A
:10D3900024FA03F3D6BFC3F1200347EA030004FADB
:10D3A00003F0F3F7E7F80122A1F1F873013E1292BE
:10D3B00076E70123B7E71090B6E7009BDB1B0093ED
:10D3C0007B42089300230D93C3E7012309930C9B31
:10D3D00007EB030B0BF10103012B0393B8BF0123F0
:10D3E00006E0012309930C9B002B28DD9B46039349
:10D3F000D9F81C000021042202F114059D4226D90F
:10D400004160484601F0E8F88246002842D11E4BB0
:10D41000024640F2AF11DAE60023E3E70023D5E746
:10D4200001240023079309944FF0FF3B0022CDF81D
:10D430000CB012230C92DBE701230993F4E74FF0C1
:10D44000010BCDF80CB05B46CDF830B0D0E7013120
:10D450005200D1E7AFF3008061436F63A787D23FEB
:10D46000B3C8608B288AC63FFB799F501344D33FD3
:10D47000CF030108E60301080000F07F97030108CD
:10D480000000F83FE00601083E040108CB03010854
:10D4900096030108D9F81C301860039B0E2B00F28C
:10D4A000A180002C00F09E80002F33DD9C4B07F004
:10D4B0000F0203EBC20393ED007BF8058DED0E7BAD
:10D4C0004FEA271416D5974BDDE90A01D3E9082363
:10D4D000F3F7F4F9CDE9040104F00F040326914DAC
:10D4E00054B9DDE90E23DDE90401F3F7E7F9CDE9ED
:10D4F000040128E00226F2E7E10708D5DDE90E0184
:10D50000D5E90023F3F7B0F8CDE90E010136641038
:10D510000835E5E700F0AF807C42814B814D04F097
:10D520000F0203EBC203D3E90023DDE90A01F3F79D
:10D530009BF8CDE90401241100230226002C40F0C1
:10D540008F80002BD3D1109BDDE90445002B00F028
:10D550009480754B002220462946F3F7F7FA0028FD
:10D5600000F08B80039B002B00F08780BBF1000F45
:10D5700034DD20466D4B00222946F3F775F8CDE9DE
:10D58000040107F1FF3801365C463046F3F702F834
:10D59000DDE90423F3F768F8654B0022F2F7AEFEED
:10D5A0000546A1F15076002C6AD1DDE90401614BFA
:10D5B0000022F2F7A1FE02460B46CDE904232A46DB
:10D5C0003346F3F7E1FA002840F09882DDE90401E0
:10D5D0002A4606F10043F3F7B9FA38BBDDE90A340D
:10D5E000CDE90434159B002BC0F257810E2F00F3B8
:10D5F00054814B4B03EBC70393ED007B0C9B002B3B
:10D600008DED007B80F2E580039B002B00F3E18031
:10D610000CD1484B002251EC170BF3F725F8DDE94C
:10D620000423F3F7A7FA002800F0668200242546B9
:10D630000C9B56466FEA030800272146484601F036
:10D640000BF8002D00F0BD802FB1AF4203D039465A
:10D65000484601F001F82946484600F0FDFFB0E0D9
:10D66000E20705D5D5E90023F2F7FEFF01360123D5
:10D670006410083562E7022665E7039CB84684E734
:10D68000274B099903EBC40353E9022354440029AF
:10D6900054D029490020F3F711F933462A46F2F70E
:10D6A0002BFECDE90E015646DDE90401F3F78CFAB5
:10D6B0000546F2F76FFF02460B46DDE90401F2F77B
:10D6C0001BFE303502460B46CDE9042306F8015B0C
:10D6D000DDE90E23F3F73AFA002872D1DDE90423DD
:10D6E00011490020F2F708FEDDE90E23F3F72EFAC8
:10D6F000002840F0B480A6423FF470AFDDE90E018F
:10D700000A4B0022F2F7B0FF084BCDE90E010022D0
:10D71000DDE90401F2F7A8FFCDE90401C4E700BF89
:10D72000E0060108B80601080000F03F00002440B0
:10D7300000001C40000014400000E03F3146284635
:10D74000F2F792FFCDE90E0113945646DDE904018C
:10D75000F3F73AFA0546F2F71DFF02460B46DDE9FC
:10D760000401F2F7C9FD303506F8015B02460B46AD
:10D77000A642CDE904234FF0000224D1AF4BDDE9EE
:10D780000E01F2F7BBFD02460B46DDE90401F3F79B
:10D79000FBF9002863D1DDE90E23A8490020F2F748
:10D7A000ABFD02460B46DDE90401F3F7CFF9002893
:10D7B0003FF414AF139E731E139316F8013C302BE5
:10D7C000F8D047463BE09E4BF2F74EFFCDE904010F
:10D7D000BCE7DDE904455646DDE90023204629463D
:10D7E000F3F76CF8F3F7F0F98046F2F7D3FEDDE9D2
:10D7F0000023F2F739FF02460B462046294608F17E
:10D800003004F2F779FD06F8014B039DA6EB0A04FC
:10D81000A54202460B4633D1F2F770FDDDE9002345
:10D8200004460D46F3F7B0F9C0B9DDE90023204600
:10D830002946F3F781F910B118F0010F0ED10299C2
:10D84000484600F009FF00233370119B01371F6029
:10D85000219B002B00F04B821E6048E2B846334605
:10D860001E4613F8012D392A06D19A45F8D13022E7
:10D8700008F101088AF800201A7801321A70A0E72E
:10D880006F4B0022F2F7F0FE0022002304460D4603
:10D89000F3F752F900289FD0D1E7099A002A00F047
:10D8A000EA80079A012A00F3CD80129A002A00F03C
:10D8B000C18003F23343089C009E009A1A440092F0
:10D8C000069A01211A444846069200F0C3FF054615
:10D8D00066B1069B002B09DDB342009AA8BF334610
:10D8E000D21A0092069AF61AD31A0693089B0BB323
:10D8F000099B002B00F0C680002C00F0C080294658
:10D900002246484601F05EF8029A0146054648461E
:10D9100000F0B6FF02998046484600F09DFE089B45
:10D920001B1B089300F0B180089A4146484601F05D
:10D9300049F802900121484600F08CFF0D9B0446F7
:10D94000002B00F0D8811A460146484601F03AF80B
:10D95000079B012B044600F39F80049B002B40F0A3
:10D960009780059BC3F31303002B40F09380059B26
:10D9700023F000431B0D1B0533B1009B01330093C3
:10D98000069B01330693012308930D9B002B00F0A7
:10D99000B881236904EB8303186900F00FFFC0F11D
:10D9A0002000069B184410F01F0000F08280C0F198
:10D9B0002003042B73DD009BC0F11C000344009383
:10D9C000069B034406440693009B002B05DD029949
:10D9D0001A46484601F050F80290069B002B05DDE0
:10D9E00021461A46484601F047F80446109B002B92
:10D9F00061D00298214601F0ABF800285BDA0023E1
:10DA000002990A22484600F049FE099B029007F15C
:10DA1000FF38002B00F07781294600230A22484670
:10DA200000F03CFEBBF1000F05466FDC079B022BAC
:10DA300049DC6BE0149BC3F136033CE70000E03F98
:10DA400000002440039B5C1E089BA34209DB1C1BB7
:10DA5000039B002BBFF630AF009B039A9E1A002356
:10DA60002BE7089B0D9A0894E31A1A44009E039B27
:10DA70000D92002421E7089C009E099D28E7DDF80F
:10DA8000088051E7089A029950E7CDF8088051E7DD
:10DA9000002379E7049B77E70023089379E793D085
:10DAA000009A1C331A440092069A1A441E440692A5
:10DAB0008AE70346F4E7039B002BB84620DC9B462D
:10DAC000079B022B1EDDBBF1000F7FF4B1AD214699
:10DAD0005B460522484600F0E1FD014604460298F7
:10DAE00001F036F800287FF7A3AD5646312306F83B
:10DAF000013B08F101089FE5039CB8462546F4E781
:10DB0000DDF80CB0099B002B00F00181002E05DD33
:10DB100029463246484600F0AFFF0546089B002BD9
:10DB20005CD06968484600F057FD064628B9824B2C
:10DB3000024640F2EF21FFF74ABB2A690232920007
:10DB400005F10C010C30FFF782FA012231464846FC
:10DB500000F092FF0AF1010300930AEB0B03089314
:10DB6000049B03F001032F4606930546009B029891
:10DB7000214603F1FF3BFFF789FA03463033039058
:10DB800039460298099300F0E3FF2A4604902146A3
:10DB9000484600F0F9FFC268099B064602BB0146F1
:10DBA000029800F0D5FF099B0246314648460C9288
:10DBB000099300F051FD079B0C9A009E42EA030175
:10DBC000069B1943099B0DD1392B27D0049A002AB3
:10DBD00001DD039B31338BF800302EE52846B9E791
:10DBE0000122E2E70499002904DB07980143069823
:10DBF000014320D1002AEEDD02990093012248461C
:10DC000000F03AFF2146029000F0A2FF0028009B9E
:10DC100002DCE0D1DA07DED5392BDAD139238BF8F3
:10DC2000003033461E46013B16F8012C392A4ED0EF
:10DC300001321A7001E5002A03DD392BEED00133E1
:10DC4000C9E7009A089902F8013C8A4228D0029953
:10DC500000230A22484600F021FDAF4202904FF017
:10DC600000034FF00A023946484607D100F016FD7E
:10DC700007460546009B0133009377E700F00EFD51
:10DC80002946074600230A22484600F007FD0546BC
:10DC9000F0E7BBF1000FCCBF5E46012656440027DB
:10DCA000029900930122484600F0E6FE21460290C8
:10DCB00000F04EFF0028B4DC02D1009BDB07B0D49B
:10DCC00033461E4613F8012D302AFAD0B5E49A45A2
:10DCD000A8D1312308F101088AF80030ADE4219B76
:10DCE000DFF858A01BB10AF10803219A13605046CF
:10DCF00017B0BDE8F08F079B012B7FF72EAE0D9B71
:10DD0000089301204DE6BBF1000F7FF7D9AE5646D0
:10DD100002982146FFF7BAF900F1300306F8013BFB
:10DD2000A6EB0A029345B4DD029900230A22484675
:10DD300000F0B4FC0290EBE73E040108C2030108C6
:10DD400038B50546002941D051F8043C0C1F002B82
:10DD5000B8BFE41800F034FC1D4A136833B963609F
:10DD600014602846BDE8384000F030BCA34208D912
:10DD7000206821188B4201BF19685B68091821606F
:10DD8000EDE71A465B680BB1A342FAD91168501847
:10DD9000A0420BD120680144501883421160E0D1A9
:10DDA00018685B68536008441060DAE702D90C23F6
:10DDB0002B60D6E7206821188B4204BF19685B6886
:10DDC000636004BF091821605460CAE738BD00BF12
:10DDD000E05B00200369B3EB611F2DE9F0434FEADC
:10DDE000611200F1140445DD11F01F0104EB8306FC
:10DDF00004EB82050CD100F110072946B14234D35F
:10DE00009B1A9B00EA1E964238BF0023234415E06C
:10DE100054F82270C1F12008CF4005F1040EA1464C
:10DE20007645F44615D89A1A9200043A0135AE4266
:10DE300038BF0022A318A75007B104331A1BA3420E
:10DE40004FEAA20208BF0023026108BF4361BDE898
:10DE5000F083DCF800C00CFA08FC4CEA070749F82C
:10DE6000047B5EF8047BCF40DAE751F804CB47F837
:10DE700004CFC3E72346E1E7A0F13003092B02D822
:10DE80002038C0B27047A0F16103052B01D8473894
:10DE9000F7E7A0F14103052B01D82738F1E700206F
:10DEA000704700002DE9F04F85B08A4602930B6859
:10DEB000019090469C1CA14614F8010B3028FAD022
:10DEC000A9EB0303A3F1020BFFF7D6FF05460028D9
:10DED00068D1A04901224846FEF7FCFF074600280A
:10DEE00067D199F801002646FFF7C6FF002862D0E7
:10DEF000234618783028994603F10103F9D0FFF73B
:10DF0000BBFFB0FA80F56D094FF0010B4A4616468B
:10DF100001323078FFF7B0FF0028F8D18D49012297
:10DF20003046FEF7D7FF00283FD144B9741C224683
:10DF3000164601323078FFF79FFF0028F8D1A41B66
:10DF4000A700337803F0DF03502B3ED173782B2BDF
:10DF500033D02D2B34D0711C00240878FFF78CFFB0
:10DF6000431EDBB2182B30D8A0F1100211F8010FBC
:10DF7000FFF782FF00F1FF3C5FFA8CFCBCF1180F49
:10DF80004FF00A031ED904B152421744CAF80010D8
:10DF9000EDB1BBF1000F0CBF06250025284605B0EA
:10DFA000BDE8F08F00252C46B0E7002CC7D12746EE
:10DFB000C7E74E462F460125C3E70024B11CCCE736
:10DFC0000124FBE703FB0200CEE73146DEE7A6EBC8
:10DFD0000903013B2946072B0ADC019800F0FCFAF3
:10DFE000044640B95C4B0246E4215C4801F0D8F994
:10DFF00001315B10EFE700F1140A002355469B4600
:10E00000B14537D345F804BBA5EB0A05AD10256132
:10E01000584600F0D3FB6D01D8F800602D1AB542C8
:10E0200054DDAD1B2946204600F05FFF814678B1E4
:10E030006B1E591103F01F025AF821104FF001090D
:10E0400009FA02F20A4203D04B4536DC4FF00209CE
:10E0500029462046FFF7BEFE2F44D8F80830BB42C1
:10E0600042DA0198214600F0F7FA0E9A0023136075
:10E07000A32593E716F8012D2E2A12D0202B04D1C8
:10E0800045F804BB4FF0000B5B4630780393FFF775
:10E09000F3FE039B00F00F0098404BEA000B0433A3
:10E0A000AEE7B145EAD82B49039301223046FEF78B
:10E0B00011FF039B0028E1D1A2E7A91E204600F032
:10E0C00014FF0028C2D04FF00309C1E709DA751B1D
:10E0D000214601982A4600F0CFFC7F1B044600F140
:10E0E000140A4FF00009B8E7D8F80450BD426FDDBC
:10E0F000ED1BAE4234DCD8F80C30022B22D0032BBF
:10E1000024D0012B15D1AE4213D1012E0BD1029A8E
:10E11000D8F80430136001232361CAF800300E9B45
:10E1200062251C603AE7711E204600F0DEFE0028E2
:10E13000EDD10198214600F08FFA0E9A002313606A
:10E1400050252BE70F9B002BF3D1E0E70F9B002B13
:10E15000DDD1EEE7840301083E0401084F04010805
:10E160006F1EB9F1000F30D127B13946204600F0BB
:10E17000BCFE81467A1101235AF8222007F01F07BE
:10E18000BB4013422946204618BF49F00209FFF759
:10E1900021FED8F80470761B0225B9F1000F47D094
:10E1A000D8F80C30022B15D0032B17D0012B09D136
:10E1B00019F0020F06D0DAF8003049EA030919F025
:10E1C000010F0ED145F0100532E04FF00109D1E703
:10E1D0000125E2E70F9BC3F101030F930F9B002B77
:10E1E000F0D0D4F810B004F114034FEA8B0A03EB1B
:10E1F0008B014FF0000C184653F8042BB2F1FF3F8F
:10E200001BD001320260022D04F114033CD1D8F876
:10E210000020013AB24209D17111012253F8213094
:10E2200006F01F0602FA06F61E423AD145F0200516
:10E230000E9B1C60029B1F60B0E6994243F804CC21
:10E24000D9D8A3689B4517DB61680198013100F0BC
:10E25000C3F9814618B91A4B02468421C5E62269E2
:10E26000023204F10C0192000C30FEF7F0FE214660
:10E27000019800F0F1F94C4623695A1C04EB830322
:10E28000226101225A61BEE722695A450BDD012154
:10E290002046FFF79FFDD8F808300137BB42FFF654
:10E2A000E0AE0125C2E716F01F06FAD05344C6F1CE
:10E2B000200653F8040C00F081FAB042E7DBF0E7E7
:10E2C0003E040108C2F10802920070B5C2F12006B6
:10E2D0004368046803FA06F52C43D340046040F811
:10E2E000043F8842F4D370BD30B50368013311F8A0
:10E2F000014B14B90360012030BD13F8012BA2F1CA
:10E300004105192D98BF2032A242F0D00020F3E73A
:10E310002DE9F04F0B6801685E1102EB860613F0E1
:10E320001F0387B018BF04360025371F824690466A
:10E33000019346F8045CB9463C460295AB464A78E0
:10E340004B1C039342B3104605910492FFF794FDD2
:10E35000002851D1049A0599202A18D8029B9B4580
:10E3600013DD4C4506D2072D04DC2A4649462046DB
:10E37000FFF7A8FF444552D90023A4F1040944F84B
:10E38000043CCDF808B04C461D460399D7E7292A2E
:10E3900057D10231CAF80010BBF1000F51D04C45E3
:10E3A00006D2072D04DC2A4649462046FFF78AFF9D
:10E3B000444536D9A8F10402234653F8041B42F819
:10E3C000041F9F42F9D23B1B23F0030304330134A3
:10E3D000033EB44288BF04234344002243F8042B85
:10E3E0009F42FBD23B681BB9474528D101233B60C4
:10E3F000052007B0BDE8F08F0135082D0BF1010BAA
:10E4000006DD4445C1D9002344F8043C0125043C01
:10E41000226800F00F0040EA02102060B5E70825EE
:10E42000B3E7019B002BDDD0C3F120034FF0FF3297
:10E43000DA4056F8043C134046F8043CD2E7043F67
:10E44000D0E70420D5E70000024B0146186800F031
:10E4500025B800BF1803002070B50F4E0C46316878
:10E46000054611B900F08CFF30602146284600F0C7
:10E4700087FF431C03D14FF0FF34204670BDC41CFE
:10E4800024F00304A042F8D0211A284600F078FFB7
:10E490000130F2D1EFE700BFDC5B00202DE9F8434B
:10E4A000CD1C25F0030508350C2D38BF0C25002D9B
:10E4B000064601DBA94204D90C2333600020BDE8E5
:10E4C000F883DFF8D48000F07BF8D8F800301C46E1
:10E4D00044BB29463046FFF7BFFF431C044658D1D2
:10E4E000D8F800402746002F43D1002C4BD023689A
:10E4F0003946304604EB030900F042FF814542D122
:10E5000021686D1A29463046FFF7A6FF01303AD040
:10E5100023682B442360D8F800305A6862BBC8F8DF
:10E5200000700FE02268521B20D40B2A17D9611902
:10E53000A342256018BF5960636808BFC8F800107F
:10E5400062514B60304600F041F804F10B00231D8E
:10E5500020F00700C21A1CBF1B1AA350AFE7626865
:10E56000A3420CBFC8F800205A60EBE7234664685A
:10E57000AEE73C467F68B6E71A465B68A342FBD12C
:10E5800000235360DEE70C233360304600F01EF8B2
:10E5900094E70560D6E700BFE05B002082B001B9D8
:10E5A00001A942B14BB113780B601278101E18BF4D
:10E5B000012002B070471046FBE76FF00100F8E75A
:10E5C0000148FEF73ABD00BFD85B00200148FEF7C6
:10E5D00035BD00BFD85B002070B5C66904460D4646
:10E5E00076B91020FFF730FF0246E06120B9184BE2
:10E5F00018486B2100F0D4FEC0E901660660C660D1
:10E60000E669F36883B1E369DB6853F82500B8B9BC
:10E61000012101FA05F6721D9200204600F0DEFE8F
:10E6200060B1C0E901560EE021220421204600F02D
:10E63000D5FEE369F060DB68002BE4D1002070BDFB
:10E64000026843F825200023C0E90333F7E700BF41
:10E65000CF030108AF04010870B5C66905460C4632
:10E6600076B91020FFF7F0FE0246E86120B9094BA9
:10E6700009488F2100F094FEC0E901660660C6607B
:10E680003CB1EB696268DB6853F82210216043F803
:10E69000224070BDCF030108AF0401082DE9F0410D
:10E6A0000D6907460C461E4601F1140C0020DCF8EB
:10E6B000003099B202FB01611E0C0B0C02FB063309
:10E6C00089B2013001EB034185424CF8041B4FEA4B
:10E6D0001346ECDC0EB3A368AB4219DC6168384624
:10E6E0000131FFF779FF804628B902460C4B0D48EF
:10E6F000BA2100F055FE2269023204F10C019200A9
:10E700000C30FEF7A4FC21463846FFF7A5FF44462F
:10E7100004EB850301355E6125612046BDE8F0818B
:10E720003E040108AF0401082DE9F8430C461546E4
:10E730001F4609220833064693FBF2F3002101220B
:10E740009A4209DB3046FFF747FF40B90246194BB2
:10E750001948D32100F024FE52000131F0E7089B54
:10E760004361092D4FF00103036116DD04F109092E
:10E77000C8462C4418F8013B0146303B0A2230467B
:10E78000FFF78CFFA045F5D1A5F108044C442D1BE3
:10E790006319BB4204DBBDE8F8830A340925F6E7B8
:10E7A00014F8013B0146303B0A223046FFF776FF62
:10E7B000EEE700BF3E040108AF040108B0F5803F5A
:10E7C000034636BF030400201020B3F1807F3CBF16
:10E7D0001B020830B3F1805F3CBF1B010430B3F172
:10E7E000804F3CBF9B000230002B05DB13F0804FB5
:10E7F00000F1010008BF202070470368024613F0B3
:10E8000007000BD0D90721D4980749BF5B089B08A4
:10E81000012013605CBF13600220704799B209B9F0
:10E820001B0C1020D9B209B908301B0A190704BF04
:10E830001B090430990704BF9B080230D90703D491
:10E840005B0800F1010003D013607047002070479F
:10E850002020704710B50C460121FFF7BDFE02468F
:10E8600028B9054B054840F2451100F099FD0123F8
:10E870004461036110BD00BF3E040108AF040108FC
:10E880002DE9F04F17460A693B699A42A8BF3B46FB
:10E890008946A4BF0F4699463D69D9F810A0BB68C8
:10E8A000796805EB0A06B34285B0B8BF0131FFF7BE
:10E8B00093FE30B90246414B41484FF4B17100F02C
:10E8C0006FFD00F1140404EB860E2346002273450D
:10E8D00020D307F1140809F1140108EB850501EBB9
:10E8E0008A030293EB1B153B23F003030433153714
:10E8F000BD4238BF04230193029B03918B420CD885
:10E90000002E03DD5EF8043D002B55D0066105B0F6
:10E91000BDE8F08F43F8042BD9E7B1F800A0BAF1B5
:10E92000000F1FD0C446A14600275CF8042BD9F87D
:10E9300000301FFA82FB9BB20AFB0B333B44D9F831
:10E940000070120C3F0C0AFB027202EB13429BB2E6
:10E9500043EA0243654549F8043B4FEA1247E4D8CD
:10E96000019BE750039BB3F802900431B9F1000F0B
:10E9700020D023684746A4464FF0000AB7F800B0FD
:10E98000BCF8022009FB0B2252449BB243EA02432B
:10E990004CF8043B57F8043B4FEA134ABCF80030EC
:10E9A00009FB0A3303EB1243BD424FEA134AE5D891
:10E9B000019AA35004349FE7013EA1E73E040108F9
:10E9C000AF0401082DE9F843154612F0030207468B
:10E9D0000E4607D0254C013A002354F82220FFF7B9
:10E9E0005DFE0646AD103DD0FC697CB91020FFF7F6
:10E9F0002BFD0246F86128B91D4B1E4840F2B311A9
:10EA000000F0CEFCC0E901440460C460D7F81C806B
:10EA1000D8F808404CB940F271213846FFF71AFF88
:10EA20000023C8F80800044603604FF00009EB0714
:10EA30000AD5314622463846FFF722FF3146804646
:10EA40003846FFF709FE46466D100BD0206838B9EE
:10EA5000224621463846FFF713FF2060C0F8009099
:10EA60000446E4E73046BDE8F88300BFAC06010881
:10EA7000CF030108AF0401082DE9F0470C464968AF
:10EA8000236903EB6218A368074691464FEA621AAE
:10EA900008F10106B3420BDB3846FFF79DFD054642
:10EAA00048B90246284B29484FF4EF7100F078FC32
:10EAB00001315B00EEE7002300F1140100F11002C8
:10EAC0001846534533DB20692AEAEA7A04F1140335
:10EAD00019F01F0901EB8A0103EB800C2BD0C9F15F
:10EAE000200E8A460022186800FA09F010434AF8FE
:10EAF000040B53F8042B9C4522FA0EF2F3D8ACEB2E
:10EB00000403153B23F00303043304F115006045AF
:10EB100088BF0423CA500AB108F10206013E3846F4
:10EB20002E612146FFF798FD2846BDE8F08742F8A0
:10EB3000040F0133C5E7043953F8042B41F8042FBF
:10EB40009C45F9D8EAE700BF3E040108AF0401087C
:10EB50000A6903460069801A30B50ED114331431A6
:10EB600003EB820401EB820154F8045D51F8042D9B
:10EB7000954203D005D24FF0FF3030BDA342F3D30E
:10EB8000FBE70120F9E700002DE9F74F894606462B
:10EB9000114648461446FFF7DBFF051E12D12946F1
:10EBA0003046FFF719FD024628B93F4B40F23721A6
:10EBB0003E4800F0F5FB0123C0E90435104603B0E0
:10EBC000BDE8F08FBCBF4B46A1463046D9F80410D3
:10EBD000BABF1C4601250025FFF7FEFC024618B906
:10EBE000314B40F24521E3E7D9F810702669C56042
:10EBF00009F1100309F1140504F1140E00F1140BCE
:10EC000005EB87080EEB86060193D9464FF0000C02
:10EC1000019B5EF8040B53F804AF01931FFA8AF3CB
:10EC2000194683B2CB1A000C6344C0EB1A4000EBC8
:10EC300023409BB243EA0043764549F8043B4FEA40
:10EC4000204CE5D8331B153B23F003031534043364
:10EC5000A64238BF04231D445B441E462C4644454F
:10EC60000ED308F10301491B21F00301033DA84520
:10EC700038BF00210B4453F8041D91B117619DE783
:10EC800054F8041BE646080C1CFA81FC714400EBA6
:10EC90002C4089B241EA004146F8041B4FEA204C5F
:10ECA000DDE7013FE7E700BF3E040108AF040108CC
:10ECB00082B08DED000B019A0F4B1340A3F15073FE
:10ECC000002B08DC5B42B3F1A07F4FEA235204DA49
:10ECD0004FF400231341002208E0A2F114031E2B7D
:10ECE000DABF4FF00042DA400122002319461046F5
:10ECF00041EC100B02B070470000F07F2DE9F041AD
:10ED0000066900F1140808EB8606371F56F8042C34
:10ED10001046FFF753FDC0F120030A280B601B4982
:10ED200015DCC0F10B0C22FA0CF3B84543EA0105DF
:10ED300034BF56F8083C0023153002FA00F023FADD
:10ED40000CF303431C4645EC104BBDE8F081B8457D
:10ED50003ABF56F8083CA6F1080700230B3812D03A
:10ED6000C0F1200123FA01F482402243474542F0DA
:10ED70007F558CBF57F8042C00228340CA4045F4CD
:10ED800040151343DEE742EA0105DBE70000F03FF0
:10ED90002DE9F7430F46012159EC108B1646FFF77A
:10EDA0001BFC044630B90246234B244840F20F3185
:10EDB00000F0F6FAC9F30A55C9F313030DB143F491
:10EDC00080130193B8F1000323D068460093FFF746
:10EDD00014FDDDE90012D0B1C0F1200302FA03F303
:10EDE0000B43C24063610192019BA361002B0CBFE6
:10EDF000012202222261A5B1A5F2334505443D60FE
:10EE0000C0F135003060204603B0BDE8F083616199
:10EE1000EAE701A8FFF7F1FC019B636120300122C2
:10EE2000E8E704EB8203A0F2324038601869FFF78C
:10EE3000C5FCC0EB4210E5E73E040108AF04010841
:10EE40002DE9F04F85B0CDE9001002A9FFF756FF7C
:10EE5000009803A955EC104BFFF750FF019B19696F
:10EE6000009B1B69C91ADDE902329B1A5BEC10ABEF
:10EE700003EB4113002BCEBF2A46C3EB03335A46A4
:10EE80002F46D946CCBF02EB035702EB03594B4642
:10EE9000524620463946F1F711FD41EC100B05B002
:10EEA000BDE8F08F013970B549111469013102F1E3
:10EEB000140300EB810103EB8404051FA3420CD370
:10EEC000A31A113B23F003031132A24288BF00238F
:10EED00018440023884205D370BD53F8046B45F8ED
:10EEE000046FEBE740F8043BF4E700F1140200691B
:10EEF0004B11984210B511DB0ADD11F01F0107D04C
:10EF000052F8234024FA01F000FA01F18C420BD1AF
:10EF100002EB8303934203D8002010BD0346F7E7BA
:10EF200053F8041D0029F5D00120F6E703460846F2
:10EF300041B1FF2A04D98A221A604FF0FF3070478E
:10EF40000A70012070472DE9F0478E681F46BE42C7
:10EF50000B6882460C4690462DD8B1F90C2012F46D
:10EF6000906F26D06569096905EB4505A3EB01099A
:10EF700005EBD5757B1C4B446D109D4238BF1D467B
:10EF8000530527D52946FFF789FA064660B321695C
:10EF90004A46FEF75CF8A38923F4906343F08003AC
:10EFA000A381266165614E44A5EB09052660A56035
:10EFB0003E46BE4200D93E4620683246414600F0F9
:10EFC000C5F9A3689B1BA36023683344236000201A
:10EFD000BDE8F0872A4600F015FA06460028E0D181
:10EFE00021695046FEF7ACFE0C23CAF80030A38915
:10EFF00043F04003A3814FF0FF30E9E72DE9F04FE4
:10F0000098468B891B069DB007460D46144610D5C1
:10F010000B6973B94021FFF741FA2860286130B9C4
:10F020000C233B604FF0FF301DB0BDE8F08F402354
:10F030006B610023099320238DF82930CDF80C80D3
:10F040003023DFF89C818DF82A304FF001092346E8
:10F050009A4613F8012B0AB1252AF9D1BAEB040B11
:10F060000BD05B46224629463846FFF76CFF01303D
:10F0700000F0A780099A5A4409929AF80030002BB0
:10F0800000F09F8000234FF0FF32CDE905230AF105
:10F09000010A049307938DF853301A9354460522BE
:10F0A00014F8011B4E48F1F7CBF8049AD8B9D006F2
:10F0B00044BF20238DF85330110744BF2B238DF814
:10F0C00053309AF800302A2B15D0079A5446002066
:10F0D0004FF00A0C214611F8013B303B092B4BD96C
:10F0E000B0B1079214E0A0EB080309FA03F313434D
:10F0F0000493A246D2E7039B191D1B680391002BC2
:10F10000BBBF5B4242F0020207930793B8BF049271
:10F1100023782E2B0AD163782A2B32D1039B1A1D18
:10F120001B68039243EAE37302340593DFF8C0A03F
:10F13000217803225046F1F783F838B1049BA0EB05
:10F140000A004022824013430134049314F8011B47
:10F1500024488DF828100622F1F772F8002836D0DE
:10F16000214B1BBB039B073323F007030833039397
:10F17000099B334409936AE70CFB02320C460120D9
:10F18000A8E700230134059319464FF00A0C2046E6
:10F1900010F8012B303A092A03D9002BC6D005916B
:10F1A000C4E70CFB012104460123F0E703AB009305
:10F1B0002A460E4B04A93846FDF756F9421C06466E
:10F1C000D6D1AB895B063FF52DAF09982CE703AB91
:10F1D00000932A46054B04A93846FDF7DDFBEDE711
:10F1E000080501081205010869C4000847EF000876
:10F1F0000E050108B1F90C202DE9F041160705466E
:10F200000C4654D44B68002B02DC0B6C002B48DD01
:10F21000E66A002E45D0002312F480522F68216A3E
:10F220002B6030D0626DA389590705D56368D21A67
:10F23000636B0BB1236CD21A0023E66A216A28465D
:10F24000B047431CA38906D129681D292BD82A4A17
:10F25000CA40D60727D500226260D90422692260FD
:10F2600004D5421C01D12B6803B96065616B2F6026
:10F27000B9B104F14403994202D02846FEF760FD7B
:10F28000002363630DE001232846B0470246501C6B
:10F29000C9D12B68002BC6D01D2B01D0162B1ED137
:10F2A0002F60002022E043F040031BB21BE00F69F7
:10F2B000002FF6D093070E6808BF4B690F6018BF88
:10F2C0000023A6EB07088B60B8F1000FE9DD216A87
:10F2D000A66A43463A462846B047002808DCB4F9F7
:10F2E0000C3043F04003A3814FF0FF30BDE8F081C4
:10F2F0000744A8EB0008E7E70100402038B50B6998
:10F3000005460C4613B90025284638BD18B1036AD6
:10F310000BB9FDF7EBFCB4F90C30002BF3D0626EA7
:10F32000D00704D4990502D4A06DFDF786FE2846C7
:10F330002146FFF75FFF636EDA070546E4D4A38931
:10F340009B05E1D4A06DFDF779FEDDE7884210B59D
:10F3500001EB020402D98442234607D8431EA1428E
:10F3600008D011F8012B03F8012FF8E702440146F9
:10F370008A4200D110BD13F8014D02F8014DF7E7A4
:10F3800038B5064D0023044608462B60F1F784FE8D
:10F39000431C02D12B6803B1236038BDD45B00202D
:10F3A0001FB514461A46094B1B680546D8684CB170
:10F3B000074B0091CDE9013406492B4600F050F887
:10F3C00000F060F8044B1C46F3E700BF1803002070
:10F3D00019050108260501085405010870B5A1FBAF
:10F3E000025434B92946FFF759F8064628B9304681
:10F3F00070BD0C2202600026F9E72A462146FDF77F
:10F4000061FDF4E72DE9F041074614460D4621B9A8
:10F41000BDE8F0411146FFF741B82AB9FEF790FC6C
:10F4200025462846BDE8F08100F033F884420646C0
:10F4300002D8B4EB500FF4D821463846FFF72EF827
:10F44000804608B94546ECE7B4422246294628BF23
:10F450003246FDF7FCFD29463846FEF771FCF1E720
:10F460000EB403B5014603AB054853F8042B0068FE
:10F47000019300F03FF802B05DF804EB03B0704771
:10F480001803002008B5062000F008FA0120F1F763
:10F49000D3FD51F8043C181F002BBCBF0B58C018FB
:10F4A00070479368013B002B10B4936008DA9469AD
:10F4B000A34201DB0A2903D15DF8044B00F032B905
:10F4C0001368581C1060197008465DF8044B7047AB
:10F4D000F8B506460F461446D518AC4201D10020B7
:10F4E00007E014F8011B3A463046FFF7DAFF431CE9
:10F4F000F3D1F8BD2DE9F04F0D469DB01446984666
:10F50000064618B1036A0BB9FDF7F0FB6B6ED9071D
:10F5100005D4AB899A0502D4A86DFDF78EFDAB89A1
:10F520001B0701D52B699BB92946304600F038F9F5
:10F5300070B16B6EDC0704D54FF0FF301DB0BDE835
:10F54000F08FAB899805F7D4A86DFDF777FDF3E749
:10F550000023099320238DF82930CDF80C80302327
:10F56000DFF8AC818DF82A304FF0010923469A4626
:10F5700013F8012B0AB1252AF9D1BAEB040B0BD0F1
:10F580005B46224629463046FFF7A2FF013000F0D5
:10F59000A780099A5A4409929AF80030002B00F08B
:10F5A0009F8000234FF0FF32CDE905230AF1010AC5
:10F5B000049307938DF853301A935446052214F898
:10F5C000011B5348F0F73CFE049AD8B9D10644BF5A
:10F5D00020238DF85330130744BF2B238DF853306D
:10F5E0009AF800302A2B15D0079A544600204FF085
:10F5F0000A0C214611F8013B303B092B4BD9B0B125
:10F60000079214E0A0EB080309FA03F313430493F1
:10F61000A246D2E7039B191D1B680391002BBBBFB9
:10F620005B4242F0020207930793B8BF049223782B
:10F630002E2B0AD163782A2B32D1039B1A1D1B680B
:10F64000039243EAE37302340593DFF8D4A02178F0
:10F6500003225046F0F7F4FD38B1049BA0EB0A00FA
:10F660004022824013430134049314F8011B2948BB
:10F670008DF828100622F0F7E3FD00283FD0264B36
:10F680001BBB039B073323F0070308330393099B3A
:10F690003B4409936AE70CFB02320C460120A8E7C1
:10F6A00000230134059319464FF00A0C204610F848
:10F6B000012B303A092A03D9002BC6D00591C4E7A3
:10F6C0000CFB012104460123F0E703AB00932A461B
:10F6D000124B04A93046FCF7C7FE0746781CD6D16A
:10F6E0006B6ED90705D4AB899A0502D4A86DFDF7D6
:10F6F000A5FCAB895B063FF51FAF09981EE703AB7E
:10F7000000932A46054B04A93046FDF745F9E4E786
:10F71000080501081205010869C40008D1F40008B1
:10F720000E050108F8B50E461446054618B1036AE1
:10F730000BB9FDF7DBFAA369A360A3891A0701D50A
:10F74000236943B92146284600F02AF818B14FF042
:10F75000FF373846F8BD23682269981A6369F6B204
:10F760008342374605DC21462846FFF7C7FD0028BF
:10F77000EDD1A368013BA36023685A1C22601E7070
:10F780006269431C9A4204D0A389DB07E1D50A2EA3
:10F79000DFD121462846FFF7B1FD0028D9D0D6E7B2
:10F7A00038B5294B054618680C4618B1036A0BB9E1
:10F7B000FDF79CFAB4F90C30190722D4DA0607D405
:10F7C00009222A6043F04003A3814FF0FF3033E069
:10F7D000580712D5616B41B104F14403994202D03C
:10F7E0002846FEF7ADFA00236363A38923F02403C0
:10F7F000A3810023636023692360A38943F0080386
:10F80000A38123694BB9A38903F42073B3F5007F67
:10F8100003D02146284600F083F8B4F90C3013F0E9
:10F8200001020AD00022A26062695242A2612269EA
:10F8300042B913F08000C5D138BD990758BF62693D
:10F84000A260F4E70020F7E7180300201F2938B56D
:10F8500005460C4604D9162303604FF0FF3038BD2F
:10F86000C26B12B152F821304BB9284600F030F883
:10F87000224601462846BDE8384000F017B8012B63
:10F880000AD0591C03D1162303600120E7E70021A9
:10F8900042F82410204698470020E0E7024B01463A
:10F8A0001868FFF7D3BF00BF1803002038B5074D15
:10F8B00000230446084611462B60F1F7B5FB431CB4
:10F8C00002D12B6803B1236038BD00BFD45B002098
:10F8D000F1F7A8BB70B50C46B1F90E10002996B02F
:10F8E00015461E460DDAA38913F0800F4FF0000174
:10F8F00014BF40234FF48063002031602B6016B0AA
:10F9000070BD6A4600F048F80028ECDB019901F46C
:10F910007041A1F50053594259414FF48063EBE720
:10F920008B89F7B59D0706460C4607D504F14703BA
:10F93000236023610123636103B0F0BD01AB6A461C
:10F94000FFF7C8FF009F054639463046FEF7A6FD83
:10F9500048B9B4F90C309A05EED423F0030343F010
:10F960000203A381E2E7A389206043F08003A3811F
:10F97000019BC4E904075BB1B4F90E10304600F0F6
:10F980001DF828B1A38923F0030343F00103A381E9
:10F99000A3891D43A581CFE738B5074D0023044651
:10F9A000084611462B60F1F76EFB431C02D12B6811
:10F9B00003B1236038BD00BFD45B002038B5064DCD
:10F9C0000023044608462B60F1F762FB431C02D17A
:10F9D0002B6803B1236038BDD45B0020F8B500BFAD
:10F9E000F8BC08BC9E467047F8B500BFF8BC08BC20
:04F9F0009E46704778
:10F9F80034FA0008DD0D00080000000000000000D7
:10FA08004000000040FA0008AD11000800000000A6
:10FA180000000000000200006C65645468726561B3
:10FA280064204661696C0D0A000000006C6564542E
:10FA380068726561640000006D61696E5468726582
:10FA48006164000063616E4D6F646520696E0D0A24
:10FA5800000000005258203A20307825580D0A003E
:10FA680063616E4D6F6465206F75740D0A00000048
:10FA7800636C694D6F646520696E0D0A00000000B3
:10FA8800636C694D6F6465206F75740D0A00000022
:10FA980049444C45000000000D0A0000636C6923CE
:10FAA800200000001B5B2564440000001B5B2564EC
:10FAB80050000000200C0A0D090B000043757273FA
:10FAC8006F7220203A2025640D0A0000436F756E7E
:10FAD800742020203A2025640D0A00006275665FB4
:10FAE8006C656E203A2025640D0A00006275662058
:10FAF800202020203A2025730D0A00006C696E65CD
:10FB08005F6920203A2025640D0A00006C696E6543
:10FB18005F6C74203A2025640D0A00006C696E65DC
:10FB28005F6320203A2025640D0A00006275662074
:10FB380025642020203A2025730D0A001B5B3150D4
:10FB4800000000000820081B5B3150001B5B346874
:10FB580025631B5B346C00001B5B256443000000BD
:10FB68002D2D2D2D2D2D2D2D2D2D20636D64206CEB
:10FB7800697374202D2D2D2D2D2D2D2D2D0D0A0061
:10FB88002D2D2D2D2D2D2D2D2D2D2D2D2D2D2D2D9D
:10FB98002D2D2D2D2D2D2D2D2D2D2D2D2D0D0A00FD
:10FBA8003E3E206D642061646472205B73697A65EF
:10FBB8005D200D0A000000000D0A20202000000032
:10FBC800203078253038583A200000002030782539
:10FBD8003038580020207C00256300002E000000EB
:10FBE8007C0D0A202020000068656C700000000071
:10FBF8006D64000063616E002020455252203A2057
:10FC080043414E5F4552525F504153534956450D4B
:10FC18000A0000002020455252203A2043414E5FFE
:10FC28004552525F5741524E494E470D0A00000057
:10FC38002020455252203A2043414E5F4552525FA0
:10FC48004255535F4F46460D0A000000696E666FC5
:10FC58000000000069735F6F70656E20202020200F
:10FC680020203A2025640D0A00000000715F727898
:10FC78005F66756C6C5F636E74203A2025640D0AAC
:10FC880000000000715F74785F66756C6C5F636E6E
:10FC980074203A2025640D0A000000006669666F2A
:10FCA8005F66756C6C5F636E74203A2025640D0A7C
:10FCB800000000006669666F5F6C6F73745F636E47
:10FCC80074203A2025640D0A000000007265616402
:10FCD8000000000025303364285229203C2D20697B
:10FCE80064200000737464200000000065787420AC
:10FCF800000000003A203078253038582C204C3A43
:10FD0800253032642C20000030782530325820000D
:10FD180073656E6400000000253033642854292080
:10FD28002D3E206964200000457272436E74203AAB
:10FD38002025642C2025640D0A000000436E7420E1
:10FD48003A2025640D0A0000457272436F646520ED
:10FD58003A20307825580D0A000000004275734F8C
:10FD68006666205265636F766572790D0A00000039
:10FD780063616E20696E666F0D0A000063616E2014
:10FD8800726561640D0A000063616E2073656E64BC
:10FD98000D0A0000693263007363616E00000000A1
:10FDA80049324320434825642041646472203078F6
:10FDB8002558203A204F4B0D0A0000006F70656EE1
:10FDC800000000004932432043482564204F7065F5
:10FDD8006E204F4B0D0A00004932432043482564EA
:10FDE800204F70656E204661696C0D0A00000000A6
:10FDF800256420493243202D203078253032582080
:10FE08003A203078253032580D0A00002564204900
:10FE18003243202D204661696C200D0A0000000045
:10FE28007772697465000000256420493243202DEB
:10FE380020307825303258203A2030782530325812
:10FE48002C202564206D730D0A0000007265616422
:10FE580031360000777269746531360025642049AF
:10FE68003243202D20307825303258203A203078FF
:10FE7800253032582C2025642075730D0A000000A7
:10FE880077726974654461746100000069326320A7
:10FE98007363616E206368616E6E656C5B317E258D
:10FEA800645D0D0A00000000693263206F70656EA2
:10FEB800206368616E6E656C5B317E25645D0D0A3A
:10FEC8000000000069326320726561642063686124
:10FED8006E6E656C206465765F616464722072651D
:10FEE800675F61646472206C656E6774680D0A00F0
:10FEF800693263207772697465206368616E6E6524
:10FF08006C206465765F61646472207265675F6106
:10FF180064647220646174610D0A000069326320B0
:10FF2800726561643136206368616E6E656C206449
:10FF380065765F61646472207265675F616464728C
:10FF4800206C656E6774680D0A00000069326320D2
:10FF580077726974653136206368616E6E656C20EE
:10FF68006465765F61646472207265675F6164646A
:10FF78007220646174610D0A000000006932632018
:10FF8800777269746544617461206368616E6E6537
:10FF98006C206465765F61646472207265675F6176
:10FFA80064647220646174610D0D0A00626F6F747D
:10FFB8002E6C696E655F696E6465782025640D0A2C
:10FFC80000000000626F6F742E6275665F6C656E6C
:10FFD8006774682025640D0A000000006C6973745A
:10FFE8002E6C696E655F696E6465782025640D0AFC
:08FFF800000000006C69737445
:020000040801F1
:100000002E6275665F6C656E6774682025640D0AE4
:1000100000000000626F6F74000000006C69737470
:10002000000000006C6F6720696E666F0D0A0000AB
:100030006C6F6720626F6F740D0A00006C6F672031
:100040006C6973740D0A00006C6F670025303458BA
:10005000092573007573620055534220436F6E6E1D
:10006000656374203A2025640D0A00005553422030
:100070004F70656E202020203A2025640D0A000074
:100080001B5B2564410000001B5B256442000000EF
:10009000747800007478203A202564204B422F7336
:1000A0000D0A0000313233343536373839303132C9
:1000B00033343536373839303132333435363738F2
:1000C00039300D0A00000000727800007278203A82
:1000D000202564204B422F730D0A000075736220A7
:1000E000696E666F0D0A00007573622074780D0AE0
:1000F000000000007573622072780D0A0000000095
:10010000757362426567696E202020202009093AD4
:10011000204344435F4D4F44450D0A0053544D3333
:1001200032205669727475616C20436F6D506F7226
:100130007400000053544D6963726F656C6563749D
:10014000726F6E696373000043444320436F6E66B1
:100150006967000043444320496E746572666163B9
:10016000650000005B204669726D77617265204210
:100170006567696E2E2E2E205D0D0A0053544D3397
:100180003247343331000000426F6F74696E672E5E
:100190002E4E616D652009093A2025730D0A000075
:1001A000563235303232305231000000426F6F74B7
:1001B000696E672E2E566572202009093A20257334
:1001C0000D0A00000000000001020304000000000E
:1001D00000000000010203040607080900000000F7
:1001E0000200000003000000000000000001000009
:1001F00000030000000000000100000002000000F9
:1002000003000000040000000500000006000000DC
:100210000700000008000000090000000A000000BC
:100220000B0000000C0000000D0000000E0000009C
:100230000F000000000000000100000002000000AC
:10024000030000000400000005000000060000009C
:1002500007000000080000000C0000001000000073
:100260001400000018000000200000003000000012
:100270004000000028000000080000000B00000003
:100280000800000020000000080000000B00000033
:100290000800000010000000080000000B00000033
:1002A0000800000008000000080000000B0000002B
:1002B0000800000004000000080000000B0000001F
:1002C0000800000002000000080000000B00000011
:1002D0000800000001000000080000000B00000002
:1002E00008000000010000000800000009000000F4
:1002F0000600000032000000010000000D000000B8
:100300000200000028000000010000000D000000B5
:100310000200000014000000010000000D000000B9
:10032000020000000A000000010000000D000000B3
:100330000200000005000000010000000D000000A8
:1003400002000000EC9D9030FF7BF000F02E0020BA
:100350000000004800800000000400488000000009
:1003600000000000000800484000010000080048AC
:10037000100001000001020304050607080C101418
:10038000182030402E00494E4600696E66004E41EE
:100390004E006E616E003000303132333435363706
:1003A00038394142434445460030313233343536E2
:1003B000373839616263646566004300504F5349C2
:1003C0005800496E66696E697479004E614E00523C
:1003D00045454E54206D616C6C6F6320737563638B
:1003E0006565646564002F6275696C642F676E755E
:1003F0002D746F6F6C732D666F722D73746D333245
:100400005F31332E332E72656C312E323032343000
:100410003932362D313731352F7372632F6E657750
:100420006C69622F6E65776C69622F6C6962632FED
:100430007374646C69622F64746F612E630042612F
:100440006C6C6F6320737563636565646564002F0E
:100450006275696C642F676E752D746F6F6C732D88
:10046000666F722D73746D33325F31332E332E729B
:10047000656C312E32303234303932362D313731ED
:10048000352F7372632F6E65776C69622F6E657797
:100490006C69622F6C6962632F7374646C69622F7C
:1004A0006764746F612D6765746865782E63002FCB
:1004B0006275696C642F676E752D746F6F6C732D28
:1004C000666F722D73746D33325F31332E332E723B
:1004D000656C312E32303234303932362D3137318D
:1004E000352F7372632F6E65776C69622F6E657737
:1004F0006C69622F6C6962632F7374646C69622F1C
:100500006D707265632E6300232D302B2000686CA4
:100510004C00656667454647002C2066756E63741F
:10052000696F6E3A2000617373657274696F6E2033
:1005300022257322206661696C65643A2066696CC5
:100540006520222573222C206C696E652025642588
:100550007325730A0000000034000000CEFBFFFF8B
:10056000CB03000001000000000000003500000087
:10057000CEFBFFFFCB0300000100000000000000E5
:10058000BC89D897B2D29C3C33A7A8D523F6493969
:100590003DA7F444FD0FA5329D978CCF08BA5B258B
:1005A000436FAC6428066811002020202020202002
:1005B0002020282828282820202020202020202013
:1005C0002020202020202020208810101010101023
:1005D000101010101010101010040404040404046F
:1005E0000404041010101010101041414141414109
:1005F00001010101010101010101010101010101EB
:1006000001010101101010101010424242424242FA
:1006100002020202020202020202020202020202BA
:100620000202020210101010200000000000000062
:1006300000000000000000000000000000000000BA
:1006400000000000000000000000000000000000AA
:10065000000000000000000000000000000000009A
:10066000000000000000000000000000000000008A
:10067000000000000000000000000000000000007A
:10068000000000000000000000000000000000006A
:10069000000000000000000000000000000000005A
:1006A0000000000000000000000000000500000045
:1006B000190000007D0000000080E03779C341434D
:1006C000176E05B5B5B89346F5F93FE9034F384DB8
:1006D000321D30F94877825A3CBF737FDD4F157564
:1006E000000000000000F03F000000000000244077
:1006F00000000000000059400000000000408F4052
:10070000000000000088C34000000000006AF840BC
:100710000000000080842E4100000000D0126341E0
:100720000000000084D797410000000065CDCD4156
:10073000000000205FA00242000000E87648374237
:10074000000000A2941A6D42000040E59C30A242D5
:100750000000901EC4BCD64200003426F56B0C434A
:100760000080E03779C3414300A0D88557347643F1
:1007700000C84E676DC1AB43003D9160E458E14352
:10078000408CB5781DAF154450EFE2D6E41A4B44C7
:1007900092D54D06CFF08044F64AE1C7022DB5440C
:0807A000B49DD9794378EA44C5
:0807A80078FAFE7F0100000059
:0407B0000502000836
:0407B400E101000857
:1007B800010000000024F400AAAAAAAA74020108F1
:1007C800F40201080101000009074300020104C006
:1007D800320904000001020201000524001001058D
:1007E80024010001042402020524060001070582F1
:1007F8000308001009040100020A000000070501AF
:100808000240000007058102400000000902430081
:10081800020100C03209040000010202010005249F
:100828000010010524010001042402020524060029
:10083800010705820308001009040100020A0000EC
:100848000007050102400000070581024000000082
:1008580009024300020100C032090400000102023B
:1008680001000524001001052401000104240202EE
:100878000524060001070582030800100904010089
:10088800020A0000000705010200020007058102B4
:1008980000020000575200080F52000829510008B2
:1008A800000000003D500008BF50000895500008A7
:1008B800B155000800000000000000007150000859
:1008C800655000087D500008895000080A0600029B
:1008D800000000400100000000C201000000080004
:1008E8006D540008A5530008B153000825540008AA
:1008F800215400081A030000000000000000000056
:1009080000000000000000000000000000000000DF
:100918000403090412010002020200408304405744
:1009280000020102030100003D5600084956000874
:100938000D570008E9560008D55600082957000841
:100948004D570008000000000100000010000000E2
:100958000000000003000000985A00204300000037
:10096800000000000000000000000000000000007F
:10097800000000000000000000000000430000002C
:10098800000000000000000000000000000000005F
:10099800000000000000000000000000430000000C
:1009A800000000000000000000000000000000003F
:1009B80000000000000000000000000043000000EC
:1009C800000000000000000000000000000000001F
:1009D80000000000000000000000000043000000CC
:1009E80000000000000000000000000000000000FF
:1009F80000000000000000000000000043000000AC
:100A080000000000000000000000000000000000DE
:100A1800000000000000000000000000430000008B
:100A280000000000000000000000000000000000BE
:100A38000000000000000000000000002DEF00088A
:100A48009DE5000800000000A805010884030108CE
:100A58005405010854050108540501085405010806
:100A680054050108540501085405010854050108F6
:100A780054050108FFFFFFFFFFFFFFFFFFFFFFFF18
:100A8800FFFF0000010041534349490000000000F6
:100A9800000000000000000000000000000000004E
:100AA80000000000000041534349490000000000D5
:100AB800000000000000000000000000000000002E
:100AC80000000000000000001C03002000000000DF
:100AD800985A0020005B0020685B0020000000009E
:100AE80000000000000000000000000000000000FE
:100AF80000000000000000000000000000000000EE
:100B080000000000000000000000000000000000DD
:080B18000000000000000000D5
:0400000508002B794B
:00000001FF
