:020000040800F2
:1000000000000824DD0A00080109000803090008AF
:100010000509000807090008090900080000000098
:100020000000000000000000000000000B090008B4
:100030000D090008000000000F0900081109000860
:100040002D0B00082D0B00082D0B00082D0B0008B0
:100050002D0B00082D0B00082D0B00082D0B0008A0
:100060002D0B00082D0B00082D0B00082D0B000890
:100070002D0B00082D0B00082D0B00082D0B000880
:100080002D0B00082D0B00082D0B00082D0B000870
:100090002D0B00082D0B00082D0B00082D0B000860
:1000A0002D0B00082D0B00082D0B00082D0B000850
:1000B0002D0B00082D0B00082D0B00082D0B000840
:1000C0002D0B00082D0B00082D0B00082D0B000830
:1000D0002D0B00082D0B00082D0B00082D0B000820
:1000E0002D0B00082D0B0008000000002D0B000850
:1000F0002D0B00082D0B00082D0B00082D0B000800
:100100002D0B00082D0B00082D0B00082D0B0008EF
:100110002D0B00082D0B00082D0B00082D0B0008DF
:100120002D0B00082D0B00082D0B00082D0B0008CF
:100130002D0B00082D0B00082D0B000800000000FF
:1001400000000000000000000000000000000000AF
:100150002D0B00082D0B00082D0B00082D0B00089F
:100160002D0B00082D0B00082D0B00082D0B00088F
:100170002D0B00082D0B00082D0B00082D0B00087F
:100180002D0B00082D0B00082D0B00082D0B00086F
:100190002D0B00082D0B00082D0B00082D0B00085F
:1001A0002D0B00082D0B00082D0B00082D0B00084F
:1001B0002D0B00082D0B00082D0B00082D0B00083F
:1001C0002D0B00082D0B00082D0B00082D0B00082F
:1001D0002D0B0008DD1200082D0B00082D0B000868
:1001E0002D0B00082D0B00082D0B00082D0B00080F
:1001F0002D0B00082D0B00082D0B00082D0B0008FF
:100200002D0B00082D0B00082D0B00082D0B0008EE
:100210002D0B00082D0B00082D0B00082D0B0008DE
:100220002D0B00082D0B00082D0B0008000000000E
:100230002D0B00082D0B0008000000002D0B0008FE
:100240002D0B00082D0B00082D0B00082D0B0008AE
:100250002D0B00082D0B00082D0B00082D0B00089E
:100260002D0B00082D0B00082D0B00082D0B00088E
:100270002D0B00082D0B00082D0B00082D0B00087E
:100280002D0B0008000000002D0B000800000000EE
:08029000000000002D0B000826
:1002A00010B5054C237833B9044B13B10448AFF3B0
:1002B00000800123237010BDE0070024000000002F
:1002C00024C5000808B5034B1BB103490348AFF32D
:1002D000008008BD00000000E407002424C50008D9
:1002E00001F0FF01102A2BDB10F0070F08D010F8E7
:1002F000013B013A8B422DD010F0070F42B3F6D1EB
:10030000F0B441EA012141EA014122F007047FF003
:1003100000070023F0E80256083C85EA010586EA5A
:10032000010685FA47F5A3FA87F586FA47F6A5FA96
:1003300087F68EB9EED1F0BC01F0FF0102F00702A2
:1003400032B110F8013B013A83EA010313B1F8D14D
:100350000020704701387047002D06BF354603382E
:10036000073815F0010F07D1013015F4807F02BF67
:10037000013015F4C03F0130F0BC0138704700BFB8
:10038000034613F8012B002AFBD1181A01387047D5
:1003900053B94AB9002908BF00281CBF4FF0FF31EC
:1003A0004FF0FF3000F088B9ADF1080C6DE904CED4
:1003B00000F006F8DDF804E0DDE9022304B0704740
:1003C0002DE9F047089D8E4604468846002B4AD109
:1003D0008A42174662D9B2FA82F64EB1C6F12003BC
:1003E00001FA06F820FA03F3B74043EA0808B440DC
:1003F0004FEA174E1FFA87FCB8FBFEF1230C0EFBE9
:10040000118843EA084301FB0CF29A4209D9FB1810
:1004100001F1FF3080F0EA809A4240F2E780023931
:100420003B449A1AA3B2B2FBFEF00EFB102243EA41
:10043000024300FB0CFC9C4509D9FB1800F1FF327C
:1004400080F0D6809C4540F2D3803B44023840EA9D
:100450000140A3EB0C0300211DB1F3400022C5E9CC
:100460000032BDE8F0878B4205D90DB1C5E9000126
:1004700000210846F5E7B3FA83F1002946D1734518
:1004800002D3824200F20581841A6EEB030201203E
:100490009046002DE5D0C5E90048E2E7002A00F0CB
:1004A0009080B2FA82F6002E40F0A4808A1A030CE3
:1004B0004FEA174E80B2BCB20121B2FBFEFC0EFB2C
:1004C0001C2243EA024304FB0CF29A4207D9FB18B0
:1004D0000CF1FF3802D29A4200F2E080C4469B1A27
:1004E000B3FBFEF20EFB123340EA034302FB04F4BB
:1004F0009C4207D9FB1802F1FF3002D29C4200F265
:10050000CA8002461B1B42EA0C40A5E7C1F1200647
:100510008B4022FA06F71F430EFA01F420FA06F385
:100520002EFA06FE4FEA1749234300FA01F81FFA94
:1005300087FCBEFBF9F01C0C09FB10EE44EA0E44EC
:1005400000FB0CFEA64502FA01F209D93C1900F1A4
:10055000FF3A80F09C80A64540F2998002383C44E6
:10056000A4EB0E041FFA83FEB4FBF9F309FB13445A
:100570004EEA044403FB0CFCA44508D93C1903F1E2
:10058000FF3E80F08280A4457FD9023B3C4443EA91
:100590000040A4EB0C04A0FB02EC64457346E1466A
:1005A00062D35FD05DB1B8EB030264EB090404FAD7
:1005B00006F622FA01F31E43CC40C5E9006400218F
:1005C0004FE7B1FBF2FC010C41EA0E4180B240EA78
:1005D00001423B4638463C46B846BE462026B1FB63
:1005E000F7F1A2EB080241EA0C4166E7014618E781
:1005F00010462CE7C6F120022EFA02F3B740B140B4
:1006000020FA02F24FEA174E0A43B3FBFEF8BCB2DF
:100610000EFB1833110C41EA034108FB04F9B0400A
:1006200089454FEA104380B23ED9791808F1FF3C62
:1006300001D289451FD8A1EB0901B1FBFEF909FBE5
:1006400004F80EFB191192B242EA0142424529D246
:10065000BA1809F1FF31C4D24245C2D2A9F1020150
:100660003A44BEE7F0459DD2BEEB02036CEB070CAB
:100670000138E14696E7A7EB09094944A8F1020CC5
:10068000B1FBFEF909FB04F8DBE773467FE7504650
:1006900066E70846FDE63B44023A33E7ACF1020C5C
:1006A0003B441CE749469CE7A1EB0901C446B1FB6A
:1006B000FEF909FB04F8C4E7704700BF704700006B
:1006C00008B5002000F0ACFA034800F01DFB4FF421
:1006D000FA7000F003F8F4E740C5000808B501F02F
:1006E000D3FB08BD08B501F0C9FB08BD72B6FEE733
:1006F00000B59DB04C22002109A807F0C7FC2022BC
:10070000002101A807F0C2FC022003F0A1FA002397
:100710000093274B9A6942F440429A619B6903F423
:1007200040430093234BDA6A42F00102DA62DB6A4B
:1007300003F001030093009B1D4B9B6913F4005FC2
:10074000FAD0212309934FF480330A9301230F93A6
:1007500002231293139305221492C022159216932A
:100760000C22179218930823199300231A931B93B2
:1007700009A803F09FFAB8B93F230193032302931A
:1007800000230393082304934023059306934FF417
:1007900080620792089304210DEB010003F0DEFE56
:1007A00020B91DB05DF804FBFFF7A0FFFFF79EFF27
:1007B000004802580004005800B58DB001F024FB39
:1007C000FFF796FF444BD3F8E02042F00102C3F854
:1007D000E020D3F8E02002F001020192019AD3F860
:1007E000E02042F00202C3F8E020D3F8E02002F05B
:1007F00002020292029AD3F8E02042F00402C3F807
:10080000E020D3F8E02002F004020392039AD3F828
:10081000E02042F00802C3F8E020D3F8E02002F024
:1008200008020492049AD3F8E02042F01002C3F8C0
:10083000E020D3F8E02002F010020592059AD3F8E8
:10084000E02042F02002C3F8E020D3F8E02002F0DC
:1008500020020692069AD3F8E02042F04002C3F844
:10086000E020D3F8E02002F040020792079AD3F884
:10087000E02042F08002C3F8E020D3F8E02002F04C
:1008800080020892089AD3F8E02042F48072C3F8FC
:10089000E020D3F8E02002F480720992099AD3F89C
:1008A000E02042F40072C3F8E020D3F8E02002F424
:1008B00000720A920A9AD3F8E02042F48062C3F8E8
:1008C000E020D3F8E03003F480630B930B9B01200E
:1008D0000DB05DF804FB00BF0044025882B0074B26
:1008E000D3F8F42042F00202C3F8F420D3F8F43035
:1008F00003F002030193019B02B0704700440258C9
:10090000FEE7FEE7FEE7FEE7FEE770477047704749
:1009100008B501F0A7FA08BD0120704708B507F037
:1009200003FC162303604FF0FF3008BD08B54FF0FD
:10093000FF31FFF7F3FFFEE770B50C4616460025C2
:1009400006E0AFF30080214601F8010B01350C46AB
:10095000B542F6DB304670BD70B50C461646002534
:1009600004E014F8010BAFF300800135B542F8DB69
:10097000304670BD4FF0FF3070474FF400534B606E
:1009800000207047012070470020704710B50346D3
:100990000C4A0D490D48006840B10C4800680344FA
:1009A000521A934206D8094A136010BD0748084CF2
:1009B0000460F2E707F0B8FB0C2303604FF0FF3050
:1009C000F3E700BF0000082400040000FC07002437
:1009D00030500024314AD2F8883043F47003C2F812
:1009E00088302F4B1B6803F00F03062B06D82C4AC8
:1009F000136823F00F0343F007031360294B1A68B1
:100A000042F001021A6000221A611968264A0A405F
:100A10001A60234B1B6813F0080F06D0204A136896
:100A200023F00F0343F0070313601E4B00229A616B
:100A3000DA611A621D4999621D49D9621D4919631B
:100A40005A639963DA6319645A64196821F480213E
:100A500019601A66184B1B686FF30F03B3F1005F40
:100A600003D2164B0122C3F808210E4BD3F8D43021
:100A700013F4805F10D10B4BD3F8D42042F4805292
:100A8000C3F8D4200E4A43F2D2011160D3F8D42027
:100A900022F48052C3F8D420704700BF00ED00E07C
:100AA00000200052004402587FEDF6EA00020202E4
:100AB0000000FF01800201010010005C0080005175
:100AC0000040005208B5FFF777FE01F061F9FFF72B
:100AD000F5FDFFF7F5FD002008BD00000D48854637
:100AE000FFF778FF0C480D490D4A002302E0D45867
:100AF000C4500433C4188C42F9D30A4A0A4C002368
:100B000001E013600432A242FBD307F013FBFFF7AE
:100B1000D9FFFEE70000082400000024E0070024BD
:100B200038CA0008E00700242C500024FEE70346E2
:100B30000020186058609A600120D86019617047E1
:100B4000F0B500270CE00CEB030511F803E006F804
:100B500005E00133C5689D42F5D82944046001379A
:100B6000974213D205686B1C8468B3FBF4F604FB50
:100B700016344368A3420BD00669002EEED000293C
:100B8000ECD0C36803FB05FC0023E3E70120F0BDC4
:100B90000020FCE7036842689B1A8268B3FBF2F00E
:100BA00002FB10307047000008B500F07FFE014BDB
:100BB000187008BD0008002408B500F0AFFE08BD9D
:100BC00000B1704708B50346044800EBC30100229A
:100BD000898850F8330002F0BBF908BD0CC6000844
:100BE00010B586B0002401940294039404940594F3
:100BF00001230293002C02DD012006B010BD074B3B
:100C000003EBC4029288019201A953F8340001F069
:100C1000E7FFE0B2FFF7D4FF0134EBE70CC60008B2
:100C200000B1704708B5044A02EBC001898852F848
:100C3000300002F093F908BD0CC600080B4A0023EF
:100C4000138053804FF480619180D3800849916074
:100C5000084A138053804FF400619180D380064B83
:100C600093600120054B1870704700BF18150024D1
:100C70000C1100240C1500240C0900240A0900247E
:100C800008B5054B1870054B1960054B01221A7009
:100C900000F0A4F808BD00BF0809002404090024DE
:100CA0000909002430B583B004469446C388134430
:100CB000083382889A4205D20023C3800CF10803CE
:100CC0009A4219D3E088009123880E4A0CF108015A
:100CD000A568284407F024F9238801332380E3889A
:100CE00082B21344E38063881844A188884205DCFB
:100CF0001A446280012002E0002000E0012003B0DD
:100D000030BD00BF50C500080FB410B582B0164BFF
:100D10001B7823B902B0BDE8104004B0704705ABA2
:100D20000193049A4FF48071104807F0A1F904462A
:100D30000F4B1B7813B10F4B1B7843B90E4B1B782D
:100D400063B9224609490D48FFF7ACFFE2E70246C6
:100D500006490B4B187800F0E7F8EFE72246034905
:100D60000848FFF79FFFECE70A0900240408002465
:100D70000909002408000024090000240C1500249F
:100D8000080900241815002410B400230CE00E4CB0
:100D900003EB430210012218002121544FF4E130EB
:100DA00050609162D1620133032BF0DD064B074A9C
:100DB0009A60074A9A63074A9A660120064B1870A0
:100DC0005DF8044B704700BF483000242425002400
:100DD000241D00242415002408310024032800F2D7
:100DE0009B8070B582B0044600EB40031B014B4A68
:100DF000D05C38B104EB4402484B03EB02135B6850
:100E00008B420ED0022C10D9032C0CD1434A04EB98
:100E1000440302EB0313596004EB44042401012052
:100E2000105502B070BD0020FBE73C4A04EB4405BE
:100E300002EB0515696004EB4403394E06EBC3066B
:100E4000B3682B62F0686862706818602B6A59603A
:100E5000296A00238B60296ACB60296A0B61296AA1
:100E60000C204861296A8B61296ACB61296A0B626F
:100E7000296A4B62296A8B6204EB44000001083046
:100E800010444FF40062A9680430FFF750FE254B70
:100E9000D3F8D82042F00102C3F8D820D3F8D830D4
:100EA00003F001030193019B286A04F09DFD337D4B
:100EB00043B100231A461946286A05F073FB50B166
:100EC0000020AEE704EB4402144B03EB0213186A54
:100ED00005F0B7FAF3E7114A04EB4403190102EBFA
:100EE0000313012050544FF400629968186A05F00A
:100EF00033FB78B90120094A04EB440302EB0313E6
:100F000059691D6AD5F880502D686D68491BD960F4
:100F1000196186E70020EEE7002070474830002482
:100F200014C600080044025838B504460846154661
:100F3000022C13D9032C0FD11146FFF73DFE0F4BA6
:100F400004EB440203EB0212D26A04EB440403EB09
:100F500004130244DA6238BD0020F0E704EB4402D7
:100F6000064B03EB021C6423AAB2DCF8200005F058
:100F70009BF908B10020E2E72846E0E7483000246A
:100F800030B5BDB0044600213791389139913A917E
:100F90003B91C02206A807F079F822687E4B9A425E
:100FA0000AD022687D4B9A4254D022687C4B9A42E8
:100FB00000F0A0803DB030BD01220023CDE9062322
:100FC00006A803F063FD00283ED1764BD3F8F0204D
:100FD00042F01002C3F8F020D3F8F02002F0100223
:100FE0000092009AD3F8E02042F00102C3F8E0201A
:100FF000D3F8E03003F001030193019B4FF4C06389
:10100000379302233893002539953A9507233B936C
:1010100037A9654801F0E4FD6448654B0360292366
:1010200043608560C5604FF48063036145618561FD
:101030004FF48073C361056201F0CAF938B95B4BA4
:10104000C4F880309C63ACE7FFF750FBBDE7FFF7C7
:101050004DFBF4E702220023CDE90623002324936D
:1010600006A803F013FD00283ED14E4BD3F8E8202C
:1010700042F40032C3F8E820D3F8E82002F400324A
:101080000292029AD3F8E02042F00102C3F8E02075
:10109000D3F8E03003F001030393039B0E2337934F
:1010A000022338930025399503233A9307233B9372
:1010B00037A93D4801F094FD3E483F4B03602B2388
:1010C00043608560C5604FF480630361456185615D
:1010D0004FF48073C361056201F07AF938B9354B7A
:1010E000C4F880309C6360E7FFF700FBBDE7FFF7C3
:1010F000FDFAF4E702220023CDE90623002324931E
:1011000006A803F0C3FC00283FD1264BD3F8E82003
:1011100042F48022C3F8E820D3F8E82002F48022C9
:101120000492049AD3F8E02042F00202C3F8E020CF
:10113000D3F8E03003F002030593059B4FF44063BE
:101140003793022338930025399503233A930723D5
:101150003B9337A9194801F043FD1948194B036027
:101160002D2343608560C5604FF480630361456152
:1011700085614FF48073C361056201F029F938B9C4
:101180000F4BC4F880309C6314E7FFF7AFFABCE75D
:10119000FFF7ACFAF4E700BF001001400044004044
:1011A000004800400044025800000258142E002459
:1011B000280402409C2D00244004024000040258F0
:1011C000242D00245804024010B5044602681F4B29
:1011D0009A4208D022681E4B9A4215D022681D4BB5
:1011E0009A4221D010BD1C4AD2F8F03023F01003EF
:1011F000C2F8F0304FF4C061184801F001FED4F895
:10120000800001F0B7FAE5E7134AD2F8E83023F49A
:101210000033C2F8E8300E21104801F0F1FDD4F897
:10122000800001F0A7FAD9E70B4AD2F8E83023F49E
:101230008023C2F8E8304FF44061094801F0E0FD36
:10124000D4F8800001F096FACCE700BF001001400E
:10125000004400400048004000440258000002588A
:10126000000402580120704708B5012803D000206F
:10127000134B187008BD00221249134805F090FF67
:1012800008B10020F6E711490F4805F0A0FF08B1AA
:101290000020EFE70E490C4800F04AFA08B10020A0
:1012A000E8E7094805F0B3FF08B10020E2E7FFF7DF
:1012B0007BFC0848FFF728FD0120074B1870D7E793
:1012C000E9330024E40000240C3100245000002401
:1012D0009C00002498C50008E833002408B50248A3
:1012E00002F075F908BD00BF3448002410B5D0F8ED
:1012F000D43203F1B00250F822408CB100EB8200EE
:1013000043687BB194F80002FF280DD09B6894F8E5
:10131000012221469847FF2384F80032002010BDA7
:101320000320FCE70020FAE70020F8E70A23038007
:101330000048704788000024F8B506460F4F822108
:10134000384606F020F905460121384606F01BF91B
:1013500004468121384606F016F90DB11022AA7113
:101360001CB1402222710022627118B14022027128
:1013700000224271432333800048F8BD0C00002452
:10138000F8B506460F4F8221384606F0FCF80546B0
:101390000121384606F0F7F804468121384606F068
:1013A000F2F80DB11022AA711CB140222271002264
:1013B000627118B1402202710022427143233380CE
:1013C0000048F8BD0C000024F8B506460F4F8221F6
:1013D000384606F0D8F805460121384606F0D3F81D
:1013E00004468121384606F0CEF80DB11022AA71CC
:1013F0001CB1002222710222627118B10022027116
:1014000002224271432333800048F8BD0C000024BF
:1014100038B5D0F8D432B03350F8235095B10446E3
:1014200000F05EFCC5F80C02D4F8D432B03304EB03
:1014300083046368DB6805F50371D5F804029847F7
:10144000002038BD0320FCE738B5D0F8C852D0F8EA
:10145000D432B03350F8234084B301F00F0303EBD0
:10146000830200EB820292694AB103EBC30C05EBE5
:101470008C05ED69B2FBF5FC05FB1C2292B1002343
:10148000C4F81432D0F8D432B03300EB8300436890
:101490001B69ABB10A4604F50471D4F808029847F9
:1014A000002038BD03EB830300EB830300249C6121
:1014B0002346224600F05CFC2046F2E70320F0E7DA
:1014C0000020EEE7F0B583B0D0F8D43203F1B002DB
:1014D00050F8227000228DF80720ADF80420002F6C
:1014E0007BD004460D46097811F0600634D0202EDA
:1014F0006CD1EA882AB311F0800F07D16B7887F896
:101500000032EA883F2A13D8D2B212E0B03300EB9F
:1015100083035B689B68394668789847EA88072A9E
:1015200028BF07223946204606F0F5FB002651E089
:10153000402287F801223946204606F001FC0026A9
:1015400048E0B03300EB83035B689B6800222946C8
:101550006878984700263DE06F780B2F31D8DFE898
:1015600007F006393030303030303030162690F801
:101570009C32DBB2032B04D0294606F041F8032647
:1015800028E0022201A906F0C6FB3E4622E090F8C0
:101590009C32DBB2032B04D0294606F031F8032637
:1015A00018E001220DF1070106F0B5FB12E090F8FA
:1015B0009C32DBB2032B0DD0294606F021F803261E
:1015C00008E0294606F01CF8032603E0294606F049
:1015D00017F80326304603B0F0BD0326FAE738B506
:1015E0000446812100F0A4FB002525870121204627
:1015F00000F09EFBA4F878518221204600F098FB71
:10160000A4F84C50A4F84E50D4F8D43203F1B002F0
:1016100054F822209AB1B03304EB83035B685B6813
:101620009847D4F8D432B03354F8230000F062FB6A
:10163000D4F8D432B03344F82350C4F8BC5200205C
:1016400038BD70B504464FF4077000F04FFB00281A
:1016500049D005464FF40772002106F017FDD4F873
:10166000D432B03344F82350C4F8BC52237C002B4E
:1016700041D14FF4007302228121204600F04DFB3E
:10168000012626874FF4007302223146204600F0DF
:1016900044FBA4F878611023A4F84E3008230322F9
:1016A0008221204600F039FB0123A4F84C300026AB
:1016B000C5F80462D4F8D432B03304EB83035B681A
:1016C0001B689847C5F81462C5F81862D5F804225B
:1016D00062B3257C1DBB4FF400730121204600F04E
:1016E0004FFB284670BDD4F8D432B033002244F802
:1016F00023200225F5E7402302228121204600F025
:101700000CFB01262687402302223146204600F0AA
:1017100004FBA4F878611023A4F84E30BEE7402300
:101720000121204600F02CFB0025DAE70225D8E74E
:1017300039B1D0F8D432B03300EB830041600020DF
:10174000704703207047D0F8D432B03350F82330BC
:101750002BB1C3F80812C3F81022002070470320F1
:101760007047D0F8D432B03350F823301BB1C3F8EF
:101770000412002070470320704710B5D0F8D4320F
:10178000B03350F8232092B1047C44B94FF4007375
:10179000D2F80422012100F0F3FA204610BD4023C4
:1017A000D2F80422012100F0EBFA0024F5E703242B
:1017B000F3E700000020014B18707047EB33002462
:1017C00021281AD0222828D0202814D10B78164A94
:1017D0001360487843EA00231360887843EA0043A3
:1017E0001360C87843EA006313600B7913714B7977
:1017F00053718B799371002070470B4B1A780A70E4
:101800005A784A709A788A70DA78CA701A790A71A6
:101810005A794A719B798B71EDE74B8803F001038C
:10182000024A1370E7E700BF94000024EB33002462
:101830000020704770B505460D4E0A6801463046D7
:10184000FFF77EF9B4683046FFF7A4F9241A013C8B
:101850003F2C04D8074B01221A70002070BD064CA3
:1018600029462046FFF77DFF2046FFF786FFF4E775
:10187000003C0024EA3300240C31002410B5074C4E
:10188000002207492046FFF75EFF06492046FFF782
:1018900068FF0020044B187010BD00BF0C310024FD
:1018A000143C002414400024EB33002408B5084BFA
:1018B00000221A704FF4806206490748FFF737F993
:1018C0004FF4806205490648FFF731F9012008BD51
:1018D000EB330024EC370024003C0024EC330024DC
:1018E000EC3B00240B4BD3F8BC3263B10A4B1878A5
:1018F00040B1084B93F89C32DBB2032B05D1054B6A
:101900005B6823B1704700207047002070470020BB
:10191000F8E700BF0C310024EB3300242DE9F0413F
:1019200007460D46FFF7DEFF18B900263046BDE832
:10193000F081FEF7D7FE804600260AE0ACB9FFF73B
:10194000D1FF0028F2D0FEF7CDFEA0EB0803632BF9
:10195000ECD8AE42EAD209488468FFF71BF9241A92
:10196000013CA542EAD82C46E8E72246394603481E
:10197000FFF7E6F827442644E1E700BFEC3B0024EC
:1019800012230B8000487047D000002404230B80F2
:1019900000487047CC000024002393421ED200B5BB
:1019A00010E00CF1370C01F813C000014FEA430CB2
:1019B0000CF1010C4FF0000E01F80CE00133DBB22A
:1019C000934209D24FEA107CB0F1204FE9D20CF1DA
:1019D000300C01F813C0E8E75DF804FB7047000025
:1019E00038B50B4BD3F80008D3F80448D3F80838BF
:1019F000C01800D138BD074D08222946FFF7CCFF9B
:101A0000042205F110012046FFF7C6FFF2E700BFF0
:101A100000E0F11FB200002408B51A230B80FFF785
:101A2000DFFF014808BD00BFB000002408B50A462A
:101A300028B90549054806F04BF9034808BD024995
:101A4000024806F045F9F8E714440024B4C500083C
:101A500010B50A46034C2146034806F039F92046E2
:101A600010BD00BF14440024CCC5000808B50A46C8
:101A700028B90549054806F02BF9034808BD024975
:101A8000024806F025F9F8E714440024E0C50008F0
:101A900008B50A4628B90549054806F019F903486A
:101AA00008BD0249024806F013F9F8E7144400247F
:101AB000ECC5000830B5B9B004460021339134912B
:101AC000359136913791C02202A806F0DFFA2268DC
:101AD000224B9A4201D039B030BD4FF4802200230E
:101AE000CDE902234FF44013249302A802F0CEFF65
:101AF00088BB02F0D7F81A4CD4F8E03043F0010369
:101B0000C4F8E030D4F8E03003F001030093009B08
:101B10004FF4C05333930223349300253595369503
:101B20000A23379333A90F4801F05AF8D4F8D83074
:101B300043F00063C4F8D830D4F8D83003F0006321
:101B40000193019B2A462946652000F009FA652089
:101B500000F016FABFE7FEF7C9FDCAE7000008402B
:101B6000004402580000025808B500F29C41D0F829
:101B7000E00405F062FB08BD08B501EBC10300EB12
:101B80008303D3F86022D0F8E00405F028FC08BDF8
:101B900008B501EBC10300EB83031A6AD0F8E00437
:101BA00005F07FFC08BD08B5D0F8E00405F0C2FBE5
:101BB00008BD10B50446C17911B1022909D101212E
:101BC000D4F8E00405F097FBD4F8E00405F061FBDD
:101BD00010BDFEF78BFD0121F2E7000010B50446B1
:101BE000D0F8E00405F08AFB2268D2F8003E43F00A
:101BF0000103C2F8003EE37A23B1034A136943F0BC
:101C00000603136110BD00BF00ED00E008B5D0F879
:101C1000E00405F082FB08BD08B5D0F8E00405F04B
:101C2000B1FB08BD08B5D0F8E00405F094FB08BD91
:101C300008B5D0F8E00405F0BCFB08BD08B5D0F845
:101C4000E00405F0B8FB08BD02780AB10020704737
:101C500010B503461548C0F8E034C3F8C802144B69
:101C60000360092303710222C2710023837142724F
:101C70008372C372037343738373C37301F0DFF919
:101C800080B90A4C8021204601F0C7FF4022002184
:101C9000204601F09CFF80220121204601F097FFA1
:101CA000002010BDFEF722FDEBE700BF3448002402
:101CB00000000840D0F8C83211F0800F08D101F0C0
:101CC0007F0101EBC10103EB810393F856027047DA
:101CD00001F07F0101EBC10103EB8103987D7047A7
:101CE00008B5D0F8C80201F0ADFB08BD0048704748
:101CF000144600247047032805D8DFE800F00504E7
:101D00000205012070470320704708B5D0F8C802CB
:101D100001F016FAFFF7EFFF08BD08B594461A4622
:101D20006346D0F8C80201F0EAFAFFF7E4FF08BD05
:101D300008B5D0F8C80201F028FBFFF7DCFF08BDAA
:101D400008B5D0F8C80201F0ABFBFFF7D4FF08BD1F
:101D500008B5D0F8C80201F0E6FBFFF7CCFF08BDDC
:101D600008B5D0F8C80201F0B7FAFFF7C4FF08BD04
:101D700008B5D0F8C80201F06EFBFFF7BCFF08BD44
:101D800008B5D0F8C80201F038FBFFF7B4FF08BD72
:101D900010B5FEF725FF0446FEF750FFFEF7F4FFEF
:101DA0004FF4E1310320FEF76BFFFFF75BFA0120F0
:101DB000FFF75AFA204610BD104B1B780BB90120D3
:101DC000704710B504464FF47A70B0FBF3F30C4A39
:101DD0001068B0FBF3F000F0D7F868B90F2C01D908
:101DE00001200AE0002221464FF0FF3000F0B8F851
:101DF000044B1C60002000E0012010BD0401002401
:101E0000040000240801002410B5032000F096F817
:101E100002F0A8FA0F498B69C3F303230E4AD35C7F
:101E200003F01F03D8408B6903F00F03D35C03F06A
:101E30001F0320FA03F3094A1360094B18600F20AF
:101E4000FFF7BAFF10B10124204610BD0446FEF78B
:101E500045FDF9E700440258FCC5000800000024D5
:101E600004000024034B1B78034A11680B441360E1
:101E7000704700BF04010024184D0024014B18686E
:101E8000704700BF184D002438B50446FFF7F6FF31
:101E90000546B4F1FF3F02D0044B1B781C44FFF70A
:101EA000EDFF401BA042FAD338BD00BF040100245F
:101EB000014B1868000C70470010005C002807DB1D
:101EC00000F01F02400901239340024A42F82030EB
:101ED000704700BF00E100E0002804DB0901C9B23F
:101EE000044B1954704700F00F000901C9B2024BAE
:101EF0001954704700E400E014ED00E000B500F074
:101F00000700C0F1070CBCF1040F28BF4FF0040C10
:101F1000031D062B0FD9C31E4FF0FF3E0EFA0CF027
:101F200021EA000199400EFA03FE22EA0E0241EA7C
:101F300002005DF804FB0023EEE700000649CB68D1
:101F400023F4E0631B041B0C000200F4E060034375
:101F5000024A1A43CA60704700ED00E00000FA052B
:101F600010B50446054BD868C0F30220FFF7C6FF42
:101F700001462046FFF7B0FF10BD00BF00ED00E0B6
:101F800008B5FFF79BFF08BD0138B0F1807F0BD289
:101F90004FF0E0235861054AF02182F82310002019
:101FA000986107221A6170470120704700ED00E038
:101FB000F0B4876D0468664E664DAC4218BFB442FB
:101FC00042D01835AC423FD01835AC423CD0183521
:101FD000AC4239D01835AC4236D01835AC4233D08B
:101FE0001835AC4230D005F55675AC422CD01835BA
:101FF000AC4229D01835AC4226D01835AC4223D09B
:102000001835AC4220D01835AC421DD01835AC4242
:102010001AD01835AC4217D04F4DAC4214D01435FD
:10202000AC4211D01435AC420ED01435AC420BD0BA
:102030001435AC4208D01435AC4205D01435AC424E
:1020400002D01435AC4207D1446E856E6560C46E13
:1020500014B1046F456F656004683D4E3D4DAC4260
:1020600018BFB44252D01835AC424FD01835AC42EC
:102070004CD01835AC4249D01835AC4246D0183552
:10208000AC4243D01835AC4240D005F55675AC4251
:102090003CD01835AC4239D01835AC4236D0183562
:1020A000AC4233D01835AC4230D01835AC422DD0CC
:1020B0001835AC422AD01835AC4227D0264E274DD1
:1020C000AC4218BFB44211D0254DAC420ED01435ED
:1020D000AC420BD01435AC4208D01435AC4205D01C
:1020E0001435AC4202D01435AC4224D1C46D04F096
:1020F0001F050124AC407C60046863608368402B4A
:1021000020D0036899600368DA6014E0C46D04F0BD
:102110001F0C3F2404FA0CF4BC6005682C6824F4FE
:1021200080242C60046863608368402B05D00368BA
:1021300099600368DA60F0BC704703689A600368CE
:10214000D960F8E703689A600368D960F3E700BFD5
:102150001000024028000240085402581C54025843
:102160003054025803682749274A934218BF8B42CC
:102170002FD0183293422CD01832934229D01832E3
:10218000934226D01832934223D01832934220D063
:10219000183293421DD002F55672934219D018326C
:1021A000934216D01832934213D01832934210D073
:1021B000183293420DD0183293420AD0183293420B
:1021C00007D01832934204D023F0FF038365806D5B
:1021D000704710B4D9B210390C4AA2FB0142C2F3C5
:1021E00002120B4CA25CC2655F2907D96FF3090389
:1021F00004338365806D5DF8044B70476FF309030A
:102200008365F7E71000024028000240ABAAAAAAA3
:1022100074C6000883699BB9836A012B0AD0022B1C
:1022200002D00BB100207047C36A13F0807F2AD11F
:1022300000207047C36AB3F1C07F26D000207047EA
:10224000B3F5005F0AD0836A022B26D9032B26D16F
:10225000C36A13F0807F24D100207047836A032B68
:1022600003D8DFE803F01404140A00207047C36A9F
:1022700013F0807F0DD100207047C36AB3F1C07F97
:1022800009D00020704701207047012070470120CD
:1022900070470120704701207047012070470020DF
:1022A000704701207047000003682149214A93428A
:1022B00018BF8B4227D01432934224D01432934259
:1022C00021D0143293421ED0143293421BD01432C8
:1022D000934218D01432934215D0DAB2103A16490C
:1022E000A1FB0212120915491944A8291ED9144B41
:1022F00013449B000366134B436602F01F02012345
:10230000934083667047DBB2083B0F4AA2FB03236E
:102310000E4A02EB1312920002660D4A4266C3F3A4
:102320000413012202FA03F3836670470832DEE7E2
:10233000085402581C540258ABAAAAAAF0FBFDBFCD
:102340000082001080080240CDCCCCCC0096001654
:102350008058025801794A1E072A2BD830B40368E6
:10236000154D164CA34218BFAB4218D01434A342EB
:1023700015D01434A34212D01434A3420FD0143415
:10238000A3420CD01434A34209D01434A34206D083
:102390000B4B0B449B00C3660A4B036705E00A4BDB
:1023A0000B449B00C366094B0367012393404367BB
:1023B00030BC7047704700BF085402581C54025884
:1023C0003F820010400902403F96001640590258D3
:1023D00070B50446FFF752FD002C00F0B9810546A8
:1023E00023685349534A934218BF8B420CBF0121C3
:1023F000002150D0183293424DD0183293424AD027
:102400001832934247D01832934244D01832934244
:1024100041D0183293423ED002F5567293423AD0E0
:102420001832934237D01832934234D01832934244
:1024300031D0183293422ED0183293422BD018321A
:10244000934228D01832934225D03B493B4A9342CD
:1024500018BF8B4200F03481394A934200F030813A
:102460001432934200F02C811432934200F0288100
:102470001432934200F024811432934200F0208100
:102480001432934200F01C8140236365032384F8D7
:10249000353001204AE0022284F83520002284F8F9
:1024A000342079BB274A93422CD01832934229D04A
:1024B0001832934226D01832934223D018329342D6
:1024C00020D0183293421DD002F55672934219D093
:1024D0001832934216D01832934213D018329342D6
:1024E00010D0183293420DD0183293420AD01832CD
:1024F000934207D01832934204D01A6822F00102A6
:102500001A6003E01A6822F001021A6023681A6850
:1025100012F0010F18D0FFF7B1FC431B052BF5D9C2
:1025200020236365032384F83530012070BD00BF8C
:102530001000024028000240085402581C5402585F
:1025400030540258400002401A6882491140A26883
:10255000E06802432069024360690243A0690243C4
:10256000E0690243206A02430A43616A042900F0D9
:102570009880794909686FF30F01B1F1005F10D3BA
:1025800061682E2940F2928052290AD83F2908D347
:102590003F39724820FA01F111F0010F01D042F4E5
:1025A00080121A602668756925F00705636A1D4365
:1025B000042B08D1A36A1D43E36A23B12046FFF729
:1025C00029FE002876D175612046FFF7CBFDE36D2B
:1025D00003F01F023F239340836023686049614AF0
:1025E000934218BF8B4242D0183293423FD01832E8
:1025F00093423CD01832934239D01832934236D0AD
:102600001832934233D01832934230D002F55672CA
:1026100093422CD01832934229D01832934226D0BC
:102620001832934223D01832934220D0183293426A
:102630001DD0183293421AD01832934217D04A4A0A
:10264000934214D01432934211D0143293420ED0DC
:10265000143293420BD01432934208D01432934276
:1026600005D01432934202D01432934213D1204643
:10267000FFF71AFEA368802B5DD0236E22791A60C3
:10268000636EA26E5A606368013B072B56D9002324
:10269000E3662367636700206065012384F83530B3
:1026A00044E7E16A206B01430A4362E72929FFF40A
:1026B00078AF74E740236365012084F8350035E77F
:1026C000022284F83520002284F8342019686FF340
:1026D0001011A268402A2CD0802A27D00022E0685E
:1026E00042EAD002206942EAD002606942EAD0029E
:1026F000A06942EAD002E06942EAD002206A42EAD6
:1027000010120A431A602268184B1344184AA2FB9D
:1027100003231B099B00E3652046FFF723FDE26DC1
:1027200002F01F0101228A40426056E74FF48042C6
:10273000D5E71022D3E7002363609EE72046FFF72A
:1027400009FEE36E00221A60236F626F5A60A2E7EF
:102750000120EBE63F8010FE0010005C0F030F002D
:10276000100002402800024008540258F8ABFDA7B0
:10277000CDCCCCCC002800F0DB8010B5044603683B
:102780006C496D4A934218BF8B422FD01832934246
:102790002CD01832934229D01832934226D01832C6
:1027A000934223D01832934220D0183293421DD046
:1027B00002F55672934219D01832934216D018324D
:1027C000934213D01832934210D0183293420DD056
:1027D000183293420AD01832934207D018329342EB
:1027E00004D01A6822F001021A6003E01A6822F08D
:1027F00001021A6023684F494F4A934218BF8B4227
:1028000044D01832934241D0183293423ED018320D
:1028100093423BD01832934238D01832934235D08D
:102820001832934232D002F5567293422ED01832AB
:1028300093422BD01832934228D01832934225D09D
:102840001832934222D0183293421FD0183293424A
:102850001CD01832934219D03849394A934218BFD4
:102860008B4247D0374A934244D01432934241D0EE
:10287000143293423ED0143293423BD014329342EE
:1028800038D01432934235D0012032E000221A6051
:1028900023685A6023689A602368DA6023681A61A3
:1028A000236821225A612046FFF75CFCE36D03F0A8
:1028B0001F023F23934083602046FFF7F5FC236E01
:1028C00023B100221A60636EA26E5A606368013BF6
:1028D000072B23D90020E06620676067E06320644F
:1028E0006064A064E0642065606584F8350084F865
:1028F000340010BD00221A6023685A6023689A6071
:102900002368DA6023681A612046FFF72BFCE36D29
:1029100003F01F02012393404360CDE72046FFF7F9
:1029200019FDE36E00221A60236F626F5A60D1E7CF
:10293000012070471000024028000240085402584D
:102940001C54025830540258002800F03E8170B5E3
:10295000044690F83400012800F03981012084F801
:10296000340094F83500C0B2012807D04FF400635A
:102970006365002384F83430012070BD022084F8A0
:102980003500002060652068924E934DA84218BF24
:10299000B0422FD01835A8422CD01835A84229D0E3
:1029A0001835A84226D01835A84223D01835A84299
:1029B00020D01835A8421DD005F55675A84219D06B
:1029C0001835A84216D01835A84213D01835A84299
:1029D00010D01835A8420DD01835A8420AD01835A5
:1029E000A84207D01835A84204D0056825F0010593
:1029F000056003E0056825F0010505602046FFF746
:102A0000D7FA23687349744A934218BF8B4238D06F
:102A10001832934235D01832934232D01832934252
:102A20002FD0183293422CD01832934229D018322A
:102A3000934226D002F55672934222D01832934226
:102A40001FD0183293421CD01832934219D018323A
:102A5000934216D01832934213D01832934210D0BA
:102A6000183293420DD01A6822F00E0242F00A0288
:102A70001A60236C93B12268136843F00403136057
:102A80000CE01A6822F01E0242F016021A60236C53
:102A900023B12268136843F00803136023684D498B
:102AA0004D4A934218BF8B4242D0183293423FD0D6
:102AB000183293423CD01832934239D018329342A4
:102AC00036D01832934233D01832934230D002F5C8
:102AD000567293422CD01832934229D01832934226
:102AE00026D01832934223D01832934220D0183285
:102AF00093421DD0183293421AD01832934217D005
:102B0000364A934214D01432934211D01432934275
:102B10000ED0143293420BD01432934208D01432A8
:102B2000934205D01432934202D0143293420ED114
:102B3000236E1A6812F4803F03D01A6842F4807240
:102B40001A60E36E1BB11A6842F480721A6023683F
:102B50002049214A934218BF8B4230D01832934209
:102B60002DD0183293422AD01832934227D01832EF
:102B7000934224D01832934221D0183293421ED06F
:102B800002F5567293421AD01832934217D0183277
:102B9000934214D01832934211D0183293420ED07F
:102BA000183293420BD01832934208D01832934215
:102BB00005D01A6842F001021A600020DDE61A68AA
:102BC00042F001021A600020D7E60120704702207F
:102BD000D3E600BF1000024028000240085402580B
:102BE000F0B583B000236BE085685E000324B44039
:102BF00025EA0405CC68B4402C438460456825EA86
:102C00000C054C68C4F300149C402C43446069E0FC
:102C1000DD08083550F8254003F0070C4FEA8C0C0E
:102C20004FF00F0E0EFA0CFE24EA0E0E0C6904FA99
:102C30000CF444EA0E0440F825406BE0092400E05F
:102C4000002404FA0EF42C430CF1020C694D45F8F3
:102C50002C404FF0B0442568D44325EA02064F6863
:102C600017F4801F01D042EA05064FF0B0452E60F0
:102C70006D6804EA05064F6817F4001F01D042EAA8
:102C800005064FF0B0456E60D5F8845004EA05069D
:102C90004F6817F4003F01D042EA05064FF0B045F7
:102CA000C5F88460D5F880502C404E6816F4803FFB
:102CB00001D042EA05044FF0B042C2F8804001332F
:102CC0000A6832FA03F400F092804FF0010C0CFA1B
:102CD00003FC1CEA0202F2D04C6804F00304013C3D
:102CE000012C81D94C6804F00304032C0CD0C46877
:102CF0005D004FF0030C0CFA05FC24EA0C0C8C6808
:102D0000AC4044EA0C04C4604C6804F00304022C98
:102D10003FF47EAF04684FEA430E4FF0030C0CFA09
:102D20000EFC24EA0C0C4C6804F0030404FA0EF4C4
:102D300044EA0C0404604C6814F4403FBFD02E4CAD
:102D4000D4F8F45045F00205C4F8F450D4F8F44037
:102D500004F002040194019C4FEA930C0CF102056B
:102D6000244C54F8255003F0030E4FEA8E0E0F2426
:102D700004FA0EF425EA0405204CA0423FF460AFAB
:102D800004F58064A04222D004F58064A04220D0E3
:102D900004F58064A0421ED004F58064A0421CD0DB
:102DA00004F58064A0421AD004F58064A04218D0D3
:102DB00004F58064A04216D004F58064A04214D0CB
:102DC00004F58064A0423FF439AF0A2439E70124B6
:102DD00037E7022435E7032433E7042431E70524E9
:102DE0002FE706242DE707242BE7082429E703B063
:102DF000F0BD00BF00040058004402580000025813
:102E0000002331FA03F200F09D80F0B52EE0092591
:102E100000E0002505FA0CF5A54272D004685D00BB
:102E20004FF0030C0CFA05FC44EA0C0404604FEA72
:102E3000D30E0EF1080E50F82E4003F00706B60030
:102E40000F25B54024EA050440F82E40C46824EA62
:102E50000C04C460446824EA02024260826822EAE8
:102E60000C028260013331FA03F26AD001229A40E7
:102E700012EA010EF6D09E08B51C334C54F82540DA
:102E800003F0030C4FEA8C0C0F2505FA0CF73C40BD
:102E90002E4DA842BDD005F58065A84221D005F58C
:102EA0008065A8421FD005F58065A8421DD005F5B4
:102EB0008065A8421BD005F58065A84219D005F5AC
:102EC0008065A84217D005F58065A84215D005F5A4
:102ED0008065A84213D005F58065A84297D00A25E1
:102EE00098E7012596E7022594E7032592E7042554
:102EF00090E705258EE706258CE707258AE7082554
:102F000088E74FF0B044D4F8805025EA0E05C4F8A5
:102F10008050D4F8845025EA0E05C4F884506568C2
:102F200025EA0E056560256825EA0E052560DFF8AF
:102F300018C0B41C5CF8245025EA07054CF824504E
:102F40006CE7F0BD704700BF000400580000025855
:102F50000AB181617047090481617047436901EAE0
:102F6000030221EA030141EA0241816170472DE930
:102F7000F04383B0D0F8008001EBC10300EB830382
:102F80009A6A5B6A9A4254D807460C469B1A01EB30
:102F9000C10200EB8202D2699A4200D31A4602F1C2
:102FA00003094FEA990915E006F103094FEA990967
:102FB000BB7904EBC40507EB8505296A0093B3B21E
:102FC000E2B2404603F067FE2B6A33442B62AB6AE1
:102FD0003344AB6208EB441303F510639B699BB267
:102FE0004B4512D304EBC40307EB83039A6A5B6A75
:102FF0009A420AD24BB19B1A04EBC40207EB82023D
:10300000D6699E42D0D31E46CEE704EBC40307EB3D
:1030100083077A6ABB6A9A420FD804F00F04012230
:10302000A240D8F8343823EA0203C8F83438002024
:1030300000E0012003B0BDE8F0830020FAE730B5DE
:1030400083B000287AD0044690F89534ABB10323BE
:1030500084F89534206803F0D5FB237C8DF800308C
:10306000231D0ECB206803F003FB58B1022384F824
:1030700095340125284603B030BD80F89434FEF71E
:1030800019FDE4E70021206804F01BF8024608B9A6
:10309000034617E0022384F895340125EAE703EBA1
:1030A000C30104EB8101012048750B75CB8500201D
:1030B0000876C861086203EBC30104EB8101486232
:1030C0000133DBB220799842E9D816E002EBC20363
:1030D00004EB8303002183F8551283F8542283F80C
:1030E0005812C3F85C12C3F8601202EBC20304EB7F
:1030F0008303C3F864120132D2B29042E6D8237C33
:103100008DF80030231D0ECB206803F0D1FB05465F
:1031100058B900236374012384F89534237B012B71
:1031200008D0206803F08CFFA4E7022384F89534CC
:1031300001259FE7204600F075FDF2E7012599E79C
:10314000036890F89424012A1AD010B5044601228D
:1031500080F89424DA6812F0400F02D0427B012AF2
:1031600009D0206803F048FB206803F05BFF0020D3
:1031700084F8940410BD9A6B42F480329A63F0E7AD
:103180000220704770B504460D460068066C00EBDF
:10319000411303F530639A68A179012911D03849A8
:1031A0008E4256D03DB905EBC50304EB8303D3F83B
:1031B0006432002B5ED0E9B22046FEF7DDFC002031
:1031C00070BD12F0080F09D02E498E42F7D912F4C3
:1031D000004FF4D04FF400429A60F0E712F0200F55
:1031E00002D020229A60EAE712F0280FE7D12549A1
:1031F0008E4206D912F4004F03D04FF400429A6079
:10320000DDE705EBC50204EB8202D2F874121B69FC
:10321000C3F31203CB1AC2F868327DB905EBC502BD
:1032200004EB8202D2F864226AB105EBC50204EB1A
:103230008202D2F860121944C2F86012E9B2204644
:10324000FEF79AFCBBE704F29C42012103F078FFF1
:10325000F4E712F4004F03D04FF400429A60AEE757
:1032600012F0200F01D020229A60E9B22046FEF72A
:1032700083FCA4E704F29C42002103F061FF9AE77B
:103280000A31544F0A30544F38B5044603681D6C58
:1032900003EB4113D3F8081B0E4A954207D903F5F7
:1032A000306311F4004F02D04FF400429A60204680
:1032B000FEF75AFC074B9D4202D9A379012B01D09E
:1032C000002038BD04F29C420121206803F038FF41
:1032D000F6E700BF0A30544F90F89434012B0CD01D
:1032E00010B50446012380F894344174006803F05B
:1032F00089FE002084F8940410BD0220704738B580
:1033000005468C4611F0800F2BD101F00F0E0EEB0D
:10331000CE04A40004F514740444211D0EEBCE0E5B
:1033200000EB8E0E00208EF855020CF00F0C81F889
:1033300000C0C2F30A028A600B714A780AB1A1F890
:103340001AC0022B1CD095F89434012B1BD00123FA
:1033500085F89434286803F083FB002085F89404F2
:1033600038BD01F00F0000EBC00189001031294485
:10337000043100EBC00005EB800001244475D4E764
:1033800000234B71DFE70220EAE710B504460A4646
:1033900011F0800F20D101F00F0000EBC0039B0063
:1033A00003F514732344191D00EBC00004EB8000E7
:1033B000002380F8553202F00F020A7094F894341A
:1033C000012B18D0012384F89434206803F094FB77
:1033D000002084F8940410BD01F00F0000EBC0033E
:1033E0009B0010332344191D00EBC00004EB800048
:1033F00001234375DFE70220EDE710B5144601F025
:103400000F0C0CEBCC01890001F51471014404315F
:103410000CEBCC0E00EB8E0ECEF86022CEF86432B0
:103420000023CEF868328EF855328EF854C2827975
:10343000012A04D0006803F045FC002010BDCEF83E
:103440007042F7E701F00F0101EBC10100EB8100D1
:10345000D0F86802704710B5144601F00F0C0CEB61
:10346000CC0189001031014404310CEBCC0E00EB8F
:103470008E0ECEF82020CEF824300023CEF828304F
:1034800001238EF815308EF814C082799A4204D048
:10349000006803F017FC002010BDCEF83040F7E7BD
:1034A00038B501F00F050279AA4238D304460B461D
:1034B00011F0800F1FD101EBC101890001F51471DA
:1034C0000144043103EBC30300EB8303002283F8C0
:1034D000552201238B700D7094F89434012B20D069
:1034E000012384F89434206803F031FD85B1002075
:1034F00084F8940438BD05EBC501890010310144FE
:10350000043105EBC50300EB830301225A75E0E7A4
:1035100004F29C42A179206803F012FEE7E7012043
:10352000E8E70220E6E701F00F0302799A4230D380
:1035300010B5044611F0800F1ED103EBC3018900C2
:1035400001F514710144043103EBC30200EB820264
:10355000002082F8550200228A700B7094F894348F
:10356000012B18D0012384F89434206803F01CFD4B
:10357000002084F8940410BD03EBC30189001031CE
:103580000144043103EBC30200EB820201205075B9
:10359000E1E7012070470220EDE708B511F0800F48
:1035A0000CD101F00F0101EBC101890001F514718B
:1035B00001440431006803F00FFB08BD01F00F0166
:1035C00001EBC1018900103101440431F2E72DE91A
:1035D000F04F83B004460568284603F06EFD10B135
:1035E00003B0BDE8F08F0646206803F037FD0028E1
:1035F000F6D005F50067BB68C3F30D23C4F8D434D7
:10360000206803F02BFD10F0020F04D022685369EC
:1036100003F002035361206803F020FD10F0100F47
:1036200016D02268936923F010039361D5F82080A7
:1036300008F00F0908F4F013B3F5802F6AD0B3F542
:10364000402F00F08D802268936943F0100393614E
:10365000206803F003FD10F4002F40F093802068F1
:1036600003F0FCFC10F4802F40F0FC80206803F095
:10367000F5FC0028C0F27D81206803F0EFFC10F417
:10368000006F09D0BB6813F0010F40F08A812268F7
:10369000536903F400635361206803F0DFFC10F00A
:1036A000006F15D02268536903F00063536194F8EA
:1036B000CC34002B40F07981012184F8CC142368AC
:1036C0005B6DC3F38303C4F8D034204600F0BEFA28
:1036D000206803F0C3FC10F4805F40F06A8120682A
:1036E00003F0BCFC10F4005F40F0B681206803F0EA
:1036F000B5FC10F0080F40F0C781206803F0AEFC65
:1037000010F0800F00F0DA81AB6923F08003AB6129
:103710000126C3E147F6F07318EA030F93D04FEA8E
:10372000181A4FEAC903019309EBC90B04EB8B0B81
:10373000C8F30A12DBF86012284603F0E5FBDBF859
:103740006032CAF30A0A5344CBF86032DBF86832BD
:10375000019A4A4404EB82025344C2F8683272E789
:10376000082204F29C41284603F0CEFB09EBC90372
:1037700004EB8303D3F86822C8F30A184244C3F861
:10378000682260E7206803F06DFC8046B14635E0B2
:1037900005EB49130122C3F8082B49462046FFF7E1
:1037A000F1FC3CE005EB49130822C3F8082B49461D
:1037B0002046FFF769FD35E009EBC90304EB8303FD
:1037C00093F85732012B41D005EB49130222C3F87D
:1037D000082B1AF0200F04D005EB49132022C3F860
:1037E000082B1AF4005F05D005EB49134FF4005283
:1037F000C3F8082B09F101094FEA5808B8F1000F86
:103800003FF42DAF18F0010FF4D05FFA89FB594651
:10381000206803F037FC824610F0010FB8D11AF08F
:10382000080FBFD11AF0100F04D005EB4913102276
:10383000C3F8082B1AF0020FCBD06B6913F0800F7E
:10384000BAD07B6843F480637B60B5E709EBC903BA
:1038500004EB8303002283F8572259462046FEF7E3
:10386000DBF9B1E7206803F005FC8046B14625E0AE
:1038700059462046FEF78CF91AF0080F04D005EBE4
:1038800049130822C3F808291AF0100F04D005EBD9
:1038900049131022C3F808291AF0400F04D005EB91
:1038A00049134022C3F808291AF0020F40D11AF038
:1038B000800F59D109F101094FEA5808B8F1000FFA
:1038C0003FF4D4AE18F0010FF4D05FFA89FB5946EB
:1038D000206803F0E0FB824610F0010FCCD009F025
:1038E0000F02012101FA02F27B6B23EA02037B63E0
:1038F00005EB4913C3F80819A3798B42B8D109EB3A
:10390000C90304EB83031A6AD9690A441A62B9F13C
:10391000000FADD109EBC90304EB83035B6A002BF5
:10392000A6D104F29C420121206803F009FC9FE724
:103930004946284602F06CFF09EBC90304EB8303F8
:10394000DB7D012B05D005EB49130222C3F80829C2
:10395000ADE709EBC90304EB83030022DA7559468E
:103960002046FEF75FF9EEE749462046FFF7FFFAEB
:10397000A0E77B6823F001037B6094F8CC34012B33
:1039800008D02046FEF742F92268536903F000434D
:10399000536171E6002184F8CC14204600F056F9FA
:1039A000F2E72046FEF71AF971E62046FEF716F90F
:1039B0008EE67B6823F001037B601021206802F013
:1039C00027FF1AE005EB46134FF67F31C3F80819BD
:1039D000D3F8002922F40012C3F80029C3F8081B09
:1039E000D3F8002B22F40012C3F8002BD3F8002BDD
:1039F00042F00062C3F8002B01362379B342E1D8CC
:103A0000FB6943F00113FB61E37BDBB1D7F8843042
:103A100043F00B03C7F884307B6C43F00B037B64EB
:103A2000D5F8003823F4FE63C5F8003804F29C4250
:103A3000A179206803F084FB2268536903F4805362
:103A400053614CE67A6942F22B0313437B613B6975
:103A500043F00B033B61E3E7206803F063FB20685E
:103A600002F0ECFFE071266800F0C2FE0146E27948
:103A7000304602F04FFE2046FEF79BF8226853695D
:103A800003F40053536131E62046FEF78CF82268B8
:103A9000536903F0080353612FE601362379B342DB
:103AA0000CD906EBC60304EB830393F85732012BC2
:103AB000F3D1F1B22046FFF770FDEEE7206803F086
:103AC000CDFA10F4801F25D1206803F0C7FA10F456
:103AD000001F58D0012326E001362379B3421BD9B9
:103AE00005EB4613D3F8002906EBC60304EB83036A
:103AF0001B7E012BF0D1002AEEDA06EBC60304EBA5
:103B000083030122DA7566F07F01C9B22046FFF710
:103B100044FDE1E70126E0E72268536903F48013DE
:103B20005361D1E7013322799A4227D905EB431239
:103B3000D2F8001B03EBC30204EB820292F8582276
:103B4000012AEFD10029EDDAD4F8D42482EA114217
:103B500012F0010FE6D103EBC30204EB8202012154
:103B600082F85712AA6942F08002AA616A6912F0CB
:103B7000800FD7D17B6843F400737B602268536960
:103B800003F400135361206803F068FA10F0804FCB
:103B900010D1206803F062FA10F0040F3FF420AD5A
:103BA00023685D6815F0040F0DD1226853682B431C
:103BB000536015E52046FEF73BF82268536903F091
:103BC00080435361E5E72046FEF738F8EDE710B48F
:103BD0000468606A31B940EA0240A06200205DF8E2
:103BE000044B70478C46A36A00EB1340002308E0A7
:103BF00003F1400104EB8101496800EB11400133FE
:103C0000DBB20CF1FF318B42F2D340EA02400CF1FF
:103C10003F0104EB81046060E0E703685962002023
:103C200070470000034602680121C0F8D814002044
:103C300083F8CC04936943F000639361516D024BA8
:103C40000B435365704700BF03000010704700002E
:103C5000134BDB6813F0040F07D1114BDB6803F043
:103C6000070383421AD00120704710B50C4AD3686D
:103C700023F007030343D360FEF700F90446084B23
:103C80005B6813F4005F07D1FEF7F8F8001BB0F58E
:103C90007A7FF4D9012000E0002010BD0020704799
:103CA00000480258024AD36843F08073D3607047DB
:103CB00000480258002800F0398338B504460368EC
:103CC00013F0010F25D0944A136903F03803926A68
:103CD000102B15D0182B0FD06368B3F5803F3FD061
:103CE000002B53D18C4B1A6822F480321A601A6868
:103CF00022F480221A6038E002F00302022AEBD19B
:103D0000854B1B6813F4003F03D06368002B00F061
:103D10000F83236813F0020F00F0A1807E4A13691D
:103D2000926A13F038035AD0182B55D0E368002B51
:103D300000F0DE8078490A6822F0190213430B6014
:103D4000FEF79CF80546744B1B6813F0040F40F017
:103D5000AD80FEF793F8401B0228F4D90320EEE271
:103D60006D4A136843F48033136063682BB3FEF726
:103D700085F80546684B1B6813F4003FC9D1FEF770
:103D80007DF8401B6428F5D90320D8E2B3F5A02FB5
:103D900009D0614B1A6822F480321A601A6822F442
:103DA00080221A60E1E75C4B1A6842F480221A60B4
:103DB0001A6842F480321A60D7E7FEF75FF80546CA
:103DC000554B1B6813F4003FA3D0FEF757F8401B78
:103DD0006428F5D90320B2E212F0030FA6D14E4BAE
:103DE0001B6813F0040F03D0E368002B00F0A282DD
:103DF000494A136823F01903E1680B431360FEF787
:103E00003DF80546444B1B6813F0040F06D1FEF73E
:103E100035F8401B0228F5D9032090E2FEF748F858
:103E200041F20303984212D82269402A07D03A4946
:103E30004B6823F47C3343EA02334B600FE0364A8D
:103E4000536823F47C3343F40033536007E0324A71
:103E5000536823F0FE43216943EA016353602368FA
:103E600013F0100F00F088802B4A136903F0380319
:103E7000926A082B56D0182B50D0E369002B00F023
:103E8000B880254A136843F080031360FDF7F6FFFE
:103E90000546214B1B6813F4807F40F08880FDF7B6
:103EA000EDFF401B0228F4D9032048E2FEF700F89A
:103EB00041F20303984212D82269402A07D01649DA
:103EC0004B6823F47C3343EA02334B60C7E7124A62
:103ED000536823F47C3343F400335360BFE70E4A46
:103EE000536823F0FE43216943EA01635360B6E758
:103EF000094A136823F001031360FDF7BFFF05466D
:103F0000054B1B6813F0040FA9D0FDF7B7FF401B4A
:103F10000228F5D9032012E20044025802F00302FD
:103F2000012AAAD1A14B1B6813F4807F03D0E36957
:103F3000802B40F00182FDF7BBFF41F20303984262
:103F400012D8226A202A07D098494B6823F0F843F8
:103F500043EA82634B600FE0944A536823F0F843CE
:103F600043F08043536007E0904AD36823F07C53CA
:103F7000216A43EA0163D360236813F0080F60D01D
:103F80006369002B49D0894A536F43F0010353679B
:103F9000FDF774FF0546854B5B6F13F0020F50D1A0
:103FA000FDF76CFF401B0228F5D90320C7E1FDF7A0
:103FB0007FFF41F20303984212D8226A202A07D0D9
:103FC0007A494B6823F0F84343EA82634B60D3E7B6
:103FD000764A536823F0F84343F080435360CBE7BD
:103FE000724AD36823F07C53216A43EA0163D360A9
:103FF000C2E76E4A136823F080031360FDF73EFFAB
:1040000005466A4B1B6813F4807FB5D0FDF736FF79
:10401000401B0228F5D9032091E1644A536F23F035
:1040200001035367FDF72AFF0546604B5B6F13F0F2
:10403000020F06D0FDF722FF401B0228F5D903200E
:104040007DE1236813F0200F29D0A3699BB1574A63
:10405000136843F480531360FDF710FF0546534B7C
:104060001B6813F4005F1AD1FDF708FF401B0228FC
:10407000F5D9032063E14D4A136823F4805313609C
:10408000FDF7FCFE0546494B1B6813F4005F06D0A4
:10409000FDF7F4FE401B0228F5D903204FE1236809
:1040A00013F0040F21D1636A002B00F047813F4ACF
:1040B000126902F03802182A00F0EE80022B79D043
:1040C0003A4A136823F080731360FDF7D7FE044665
:1040D000364B1B6813F0007F00F0DC80FDF7CEFE4E
:1040E000001B0228F4D9032029E1314A136843F464
:1040F00080731360FDF7C2FE05462D4B1B6813F459
:10410000807F06D1FDF7BAFE401B6428F5D9032055
:1041100015E1A368012B0AD00BBB244B1A6F22F0C8
:1041200001021A671A6F22F004021A6704E01F4A9C
:10413000136F43F001031367A36833B3FDF79EFECB
:1041400005461A4B1B6F13F0020FACD1FDF796FE1C
:10415000401B41F288339842F3D90320EFE0052B4E
:1041600009D0124B1A6F22F001021A671A6F22F05F
:1041700004021A67E0E70D4B1A6F42F004021A6757
:104180001A6F42F001021A67D6E7FDF777FE05467F
:10419000064B1B6F13F0020F85D0FDF76FFE401B1F
:1041A00041F288339842F3D90320C8E00044025812
:1041B00000480258694A136823F080731360FDF7C2
:1041C0005DFE0546654B1B6813F0007F06D0FDF7CA
:1041D00055FE401B0228F5D90320B0E05F4B996AD9
:1041E0005F4A0A40A16AE06A41EA00110A439A6202
:1041F000226B013AC2F30802616B0139490289B2AC
:104200000A43A16B0139090401F4FE010A43E16B81
:104210000139090601F0FE410A431A63DA6A22F005
:104220000102DA625A6B6FF3CF02A16C42EAC1025B
:104230005A63DA6A22F00C02216C0A43DA62DA6A03
:1042400022F00202616C0A43DA62DA6A42F48032D6
:10425000DA62DA6A42F40032DA62DA6A42F480221E
:10426000DA62DA6A42F00102DA621A6842F08072B7
:104270001A60FDF703FE0446384B1B6813F0007FFD
:1042800006D1FDF7FBFD001B0228F5D9032056E0FF
:10429000002054E0002052E0304A916A106B012B5C
:1042A0004ED001F00303A26A93424BD1C1F3051132
:1042B000E36A994248D1C0F30802236B013B9A425A
:1042C00044D1C0F34622636B013B9A4240D1C0F314
:1042D0000642A36B013B9A423CD1C0F30660E36BFC
:1042E000013B984238D11D4B5B6BC3F3CC03A26CEE
:1042F0009A4201D1002022E0184AD36A23F0010338
:10430000D362FDF7BBFD0546FDF7B8FDA842FBD023
:10431000124A536B6FF3CF03A16C43EAC10353639B
:10432000D36A43F00103D362002008E00120704704
:10433000012004E0012002E0012000E0002038BD5F
:104340000120FCE70120FAE70120F8E70120F6E769
:104350000120F4E70120F2E70120F0E700440258D1
:104360000CFCFFFF754B1B6903F03803102B00F0AA
:10437000DE80182B0FD0002B40F0DB806F4B1B68CA
:1043800013F0200F00F0D7806C4B1B68C3F3C10300
:104390006B48D840704710B4684B9A6A02F0030229
:1043A0009C6AC4F30510D96A01F001015B6BC3F389
:1043B000CC0301FB03F307EE903AF8EE677A14F4AE
:1043C0007C7F77D0012A4AD0022A76D0002A40F09A
:1043D00091805A4B1B6813F0200F23D057490A686D
:1043E000C2F3C102564BD34007EE103AF8EE476ACB
:1043F00007EE100AB8EE476A86EE867A0B6BC3F3B7
:10440000080306EE903AF8EE666A9FED4E6A67EE94
:10441000867A76EEA77AF7EE006A77EEA67A27EE2E
:10442000277A38E007EE100AF8EE476A9FED466AF1
:1044300086EE267A414B1B6BC3F3080306EE903AD7
:10444000F8EE666A9FED3F6A67EE867A76EEA77AA7
:10445000F7EE006A77EEA67A27EE277A1BE007EEE2
:10446000100AF8EE476A9FED396A86EE267A334BDA
:104470001B6BC3F3080306EE903AF8EE666A9FEDF5
:10448000316A67EE867A76EEA77AF7EE006A77EE03
:10449000A67A27EE277A294B1B6BC3F346230133F9
:1044A00007EE903AF8EE677AC7EE276AFCEEE67AF6
:1044B00017EE900A5DF8044B704707EE100AF8EE0D
:1044C000476A9FED236A86EE267A1C4B1B6BC3F36B
:1044D000080306EE903AF8EE666A9FED1A6A67EEF8
:1044E000867A76EEA77AF7EE006A77EEA67A27EE5E
:1044F000277AD0E707EE100AF8EE476A9FED136AB5
:1045000086EE267A0D4B1B6BC3F3080306EE903A3A
:10451000F8EE666A9FED0B6A67EE867A76EEA77A0A
:10452000F7EE006A77EEA67A27EE277AB3E7094816
:104530007047094870470248704700BF004402585E
:104540000090D003000000390024744C0024744A09
:1045500020BCBE4B40787D0100093D00002800F0E2
:10456000328170B50D4604469B4B1B6803F00F0368
:104570008B420BD2984A136823F00F030B4313604E
:10458000136803F00F038B4240F01F81236813F080
:10459000040F0CD02269914B9B6903F070039A427F
:1045A00005D98E498B6923F070031A438A61236809
:1045B00013F0080F0CD06269884BDB6903F07003BD
:1045C0009A4205D98549CB6923F070031A43CA6121
:1045D000236813F0100F0CD0A269804BDB6903F441
:1045E000E0639A4205D97D49CB6923F4E0631A431D
:1045F000CA61236813F0200F0CD0E269774B1B6A65
:1046000003F070039A4205D974490B6A23F07003D2
:104610001A430A62236813F0020F0CD0E2686F4B52
:104620009B6903F00F039A4205D96C498B6923F00B
:104630000F031A438A61236813F0010F41D0674AC0
:10464000936923F47063A1680B4393616368022B41
:104650000AD0032B27D0012B2CD0604A126812F00D
:10466000040F06D10120ADE0126812F4003F00F003
:10467000AE805A490A6922F0070213430B61FDF725
:10468000FDFB0646554B1B6903F038036268B3EB2C
:10469000C20F16D0FDF7F2FB801B41F2883398421F
:1046A000F0D903208EE04D4A126812F0007FE0D16D
:1046B000012087E0494A126812F4807FD9D1012095
:1046C00080E0236813F0020F0CD0E268434B9B6933
:1046D00003F00F039A4205D240498B6923F00F0380
:1046E0001A438A613C4B1B6803F00F03AB420AD9A3
:1046F000394A136823F00F032B431360136803F048
:104700000F03AB4265D1236813F0040F0CD022696C
:10471000324B9B6903F070039A4205D22F498B6993
:1047200023F070031A438A61236813F0080F0CD03A
:1047300062692A4BDB6903F070039A4205D227496C
:10474000CB6923F070031A43CA61236813F0100F7A
:104750000CD0A269214BDB6903F4E0639A4205D2D5
:104760001E49CB6923F4E0631A43CA61236813F03E
:10477000200F0CD0E269194B1B6A03F070039A42B8
:1047800005D216490B6A23F070031A430A62FFF739
:10479000E9FD12498B69C3F30323114AD35C03F08B
:1047A0001F03D8408B6903F00F03D35C03F01F0392
:1047B00020FA03F30B4A13600B4B18600B4B18687D
:1047C000FDF7FAFA70BD012070470120FAE70120D9
:1047D000F8E70120F6E700BF00200052004402582D
:1047E000FCC5000800000024040000240801002487
:1047F00008B5FFF7B7FD0B4A9369C3F303230A49D2
:10480000CB5C03F01F0320FA03F3926902F00F025E
:10481000885C00F01F0023FA00F0044A1060044A8C
:10482000136008BD00440258FCC5000800000024C5
:104830000400002408B5FFF7DBFF054BDB69C3F379
:104840000213044AD35C03F01F03D84008BD00BF25
:1048500000440258FCC5000808B5FFF7C9FF054B26
:10486000DB69C3F30223044AD35C03F01F03D8407F
:1048700008BD00BF00440258FCC50008404B9B6ABD
:1048800003F00303032B79D070B505460E463C4A6E
:10489000136823F080631360FDF7F0FA0446384B89
:1048A0001B6813F0006F06D0FDF7E8FA031B022B1C
:1048B000F5D9032070BD324B9A6A22F47C32296804
:1048C00042EA01329A626A68013AC2F30802A968B0
:1048D0000139490289B20A43E9680139090401F43E
:1048E000FE010A4329690139090601F0FE410A4324
:1048F0009A63DA6A22F0C00269690A43DA62DA6A04
:1049000022F02002A9690A43DA62DA6A22F0100270
:10491000DA62DA6B6FF3CF02E96942EAC102DA6365
:10492000DA6A42F01002DA62C6B91A46DB6A43F468
:104930000023D362124A136843F080631360FDF7CB
:104940009DFA04460E4B1B6813F0006F14D1FDF75F
:1049500095FA001B0228F5D90320ABE7012E05D0FC
:10496000074AD36A43F40013D362E3E7044AD36AE5
:1049700043F48013D362DDE700209BE701207047FA
:1049800000440258404B9B6A03F00303032B79D089
:1049900070B505460E463C4A136823F080531360F9
:1049A000FDF76CFA0446384B1B6813F0005F06D025
:1049B000FDF764FA031B022BF5D9032070BD324BBF
:1049C0009A6A22F07C72296842EA01529A626A6805
:1049D000013AC2F30802A9680139490289B20A43BF
:1049E000E9680139090401F4FE010A432969013922
:1049F000090601F0FE410A431A64DA6A22F44062B1
:104A000069690A43DA62DA6A22F40072A9690A4320
:104A1000DA62DA6A22F48072DA625A6C6FF3CF02D9
:104A2000E96942EAC1025A64DA6A42F48072DA62DF
:104A3000C6B91A46DB6A43F48003D362124A13688C
:104A400043F080531360FDF719FA04460E4B1B68C0
:104A500013F0005F14D1FDF711FA001B0228F5D9FD
:104A60000320ABE7012E05D0074AD36A43F08073D9
:104A7000D362E3E7044AD36A43F40003D362DDE779
:104A800000209BE70120704700440258F8B5044617
:104A9000036813F0006F30D0836EB3F5001F26D08B
:104AA0000ED8ABB1B3F5801F07D102210830FFF754
:104AB000E5FE054695B12E4621E0012635461EE06D
:104AC000B3F5401F01D1002508E00126354616E068
:104AD000984AD36A43F40033D3620025954A136D94
:104AE00023F44013A16E0B431365002607E0022157
:104AF0002830FFF747FF0546DCE7002635462368E8
:104B000013F4807F14D0A36D042B31D8DFE803F0B9
:104B1000032229080800874AD36A43F40033D3628A
:104B20004DBB844A136D23F00703A16D0B4313653E
:104B3000236813F4007F38D0E36D802B4AD01FD850
:104B400033B3402B19D1002104F10800FFF796FE82
:104B5000054622E0002104F10800FFF78FFE05461C
:104B6000DEE7002104F12800FFF70CFF0546D7E738
:104B700001263546DCE72E46DAE70126354614E005
:104B8000C02B0AD0B3F5807F07D0012635460CE054
:104B9000684AD36A43F40033D36215BB654A136D88
:104BA00023F4E073E16D0B431365236813F4806F06
:104BB0003CD0D4F8A830B3F5800F2FD016D8F3B17D
:104BC000B3F5001F0FD1002104F10800FFF756FED6
:104BD000054619E0002104F12800FFF7D3FE054641
:104BE000DBE72E46E1E7012635461FE0B3F5C00FAF
:104BF0000AD0B3F5000F07D00126354616E04D4A1E
:104C0000D36A43F40033D3627DB94A4A936D23F4E7
:104C10006003D4F8A8100B43936507E0002104F16A
:104C20002800FFF7AFFE0546EEE72E46236813F493
:104C3000006F2BD0D4F8AC30B3F1007F53D00DD837
:104C4000ABB1B3F1807F06D1002104F10800FFF77A
:104C500015FE054610E00126354617E0B3F1407F0A
:104C60000AD0B3F1806F07D0012635460EE0314AF5
:104C7000D36A43F40033D362002D3BD12D4A936DA8
:104C800023F0E063D4F8AC100B439365236813F072
:104C9000007F13D0E36C202B36D030D833B1102BEB
:104CA0002AD1244AD36A43F40033D3629DBB214AFC
:104CB000D36C23F03003E16C0B43D364236813F40B
:104CC000805F47D0236EB3F5005F00F08D8027D85A
:104CD00093B3B3F5805F20D1002104F10800FFF702
:104CE000CDFD05462DE0002104F12800FFF74AFE26
:104CF0000546C1E72E46C9E701263546DEE7302BDB
:104D0000D4D001263546D9E7022104F10800FFF787
:104D1000B5FD0546CAE72E46D0E70126354619E01F
:104D2000B3F5405F0DD0B3F5804F0AD0012635466C
:104D300010E000BF00440258774AD36A43F40033BE
:104D4000D362002D57D1744A136D23F4E043216ED2
:104D50000B431365236813F4005F17D0636EB3F53C
:104D6000003F59D04CD843B1B3F5803F45D1012124
:104D700004F10800FFF782FD0546002D53D1664A75
:104D8000136D23F4E023616E0B431365236813F462
:104D9000804F19D0D4F8B030B3F1005F54D047D869
:104DA00043B1B3F1805F40D1012104F10800FFF766
:104DB00065FD0546002D4ED1574A936D23F0E04323
:104DC000D4F8B0100B439365236813F4004F51D00F
:104DD000236FB3F1805F40D0B3F1005F55D0002B5B
:104DE00040D00126354645E0002104F12800FFF7B8
:104DF000C9FD0546A5E72E46ACE701263546C5E7C1
:104E0000B3F5802FB9D0B3F5A02FB6D0B3F5403F9E
:104E1000B3D001263546B9E7012104F12800FFF798
:104E2000B1FD0546A9E72E46B0E701263546CBE79A
:104E3000B3F1804FBED0B3F1A04FBBD0B3F1405F10
:104E4000B8D001263546BFE7012104F12800FFF75D
:104E500099FD0546AEE72E46B6E72F4AD36A43F4DE
:104E60000033D362C5B92C4A136D23F04053216F30
:104E70000B431365236813F0807F1CD0A36C032BB6
:104E800044D8DFE803F0100B3C10012104F10800C6
:104E9000FFF7F4FC0546E5E72E46EBE71E4AD36A2A
:104EA00043F40033D362A5BB1B4AD36C23F0030346
:104EB000A16C0B43D364236813F4800F2ED12368B5
:104EC00013F0010F00F0A680E36F282B00F2A08002
:104ED000DFE803F08E9E9E9E9E9E9E9E889E9E9ED6
:104EE0009E9E9E9E979E9E9E9E9E9E9E8E9E9E9EF9
:104EF0009E9E9E9E8E9E9E9E9E9E9E9E8E000221A9
:104F000004F10800FFF7BAFC0546CCE70126354658
:104F1000D1E72E46CFE700BF00440258584A136835
:104F200043F480731360FCF7A9FF0746544B1B68DA
:104F300013F4807F05D1FCF7A1FFC01B6428F5D9CD
:104F40000325002D4AD14F4B1B6FD4F8B42053409A
:104F500013F4407F0CD04B4B1A6F22F44072196F40
:104F600041F480311967196F21F4803119671A678C
:104F7000D4F8B430B3F5807F15D08DBBD4F8B430FD
:104F800003F44072B2F5407F1ED03E4A136923F409
:104F90007C5313613B490B6FD4F8B420C2F30B026E
:104FA00013430B678BE7FCF769FF0746354B1B6F15
:104FB00013F0020FE1D1FCF761FFC01B41F288330F
:104FC0009842F3D90325D8E72E48026922F47C528F
:104FD0002D4901EA131313430361DBE72E466EE705
:104FE0002E466CE7012104F10800FFF747FC054657
:104FF000E5B9244A536D23F03803E16F0B43536541
:1050000008E0012104F12800FFF7BCFC0546EFE7AA
:1050100001263546236813F0020F17D0A36F052B26
:1050200029D8DFE803F00B05210B0B0B2E46F1E727
:10503000012104F10800FFF721FC0546F5B9114AEA
:10504000536D23F00703A16F0B435365236813F0DF
:10505000040F2CD0D4F89430052B00F2DC80DFE86C
:1050600003F01B15D31B1B1B012104F12800FFF7C4
:1050700089FC0546E2E701263546E7E72E46E5E7E7
:105080000048025800440258CFFFFF00012104F1FC
:105090000800FFF7F3FB0546002D40F0BF80B34A40
:1050A000936D23F00703D4F894100B4393652368A2
:1050B00013F0200F1DD0D4F89030B3F1005F00F052
:1050C000C18000F2B0804BB1B3F1805F40F0A880A6
:1050D000002104F10800FFF7D1FB0546002D40F048
:1050E000B880A24A536D23F0E043D4F890100B43EC
:1050F0005365236813F0400F1DD0D4F89C30B3F5EE
:10510000006F00F0BA8000F2A9804BB1B3F5806F58
:1051100040F0A180002104F10800FFF7AFFB054635
:10512000002D40F0B180914A936D23F4E053D4F800
:105130009C100B439365236813F0800F1DD0D4F8A7
:10514000A030B3F5804F00F0B38000F2A2804BB1E5
:10515000B3F5005F40F09A80002104F10800FFF7EA
:105160008DFB0546002D40F0AA80804A936D23F404
:105170006043D4F8A0100B439365236813F0080F25
:105180000DD0D4F88430B3F5805F00F09A80774A70
:10519000536D23F44053D4F884100B4353652368B4
:1051A00013F0100F0DD0D4F89830B3F5807F00F0D5
:1051B00092806E4A936D23F44073D4F898100B4399
:1051C0009365236813F4002F00F09A80D4F8A4307C
:1051D000B3F5803F00F08980B3F5003F08D0002B85
:1051E00040F08A80002104F10800FFF747FB0546E4
:1051F000002D40F084805D4A936D23F44033D4F851
:10520000A4100B4393657BE0012104F12800FFF714
:10521000B9FB054640E70126354648E72E4646E7F6
:105220000126354665E7B3F1804F3FF457AFB3F140
:10523000A04F3FF453AFB3F1405F3FF44FAF0126AF
:10524000354656E7022104F12800FFF79BFB05468F
:1052500044E72E464DE7012635466CE7B3F5805FFF
:105260003FF45EAFB3F5A05F3FF45AAFB3F5406FC4
:105270003FF456AF012635465DE7022104F12800D0
:10528000FFF780FB05464BE72E4654E701263546DF
:1052900073E7B3F5004F3FF465AFB3F5204F3FF42C
:1052A00061AFB3F5C04F3FF45DAF0126354664E70B
:1052B000022104F12800FFF765FB054652E72E4660
:1052C0005BE7022104F12800FFF75CFB00283FF4B4
:1052D0005EAF01265BE7022104F12800FFF752FBD5
:1052E00000283FF466AF012663E7022104F128009D
:1052F000FFF748FB05467BE70126354600E02E46D2
:10530000236813F4802F18D0D4F88830B3F5001F29
:105310001FD0B3F5401F07D0B3F5801F20D1134A2B
:10532000D36A43F40033D362EDB9104A536D23F4CA
:105330004013D4F888100B435365236813F4803F5F
:105340002CD0236DA3B1B3F5803F1FD00126354685
:1053500024E0012104F12800FFF714FB0546E3E7F0
:1053600001263546E9E72E46E7E700BF004402582C
:10537000704AD36A43F40033D36275B96D4AD36C73
:1053800023F48033216D0B43D36407E0022104F141
:105390000800FFF773FA0546EFE72E46236813F07F
:1053A000005F11D1236813F4003F28D0D4F8803077
:1053B000B3F5807F14D010D9B3F5007F15D0B3F5C5
:1053C000407F12D001261AE0022104F12800FFF7E5
:1053D000D9FA0028E6D00126E4E733B101260EE031
:1053E000544AD36A43F40033D362002D69D1514A41
:1053F000536D23F44073D4F880100B435365236836
:1054000013F4801F06D04B4A136D23F00043616FE5
:105410000B431365236813F0805F07D0454A136977
:1054200023F48043D4F8B8100B431361236813F4BA
:10543000001F06D03F4A136D23F08073E16E0B43CB
:105440001365236813F0804F09D03A4B1A6922F490
:1054500000421A611A69D4F8BC100A431A61236821
:10546000002B06DA334AD36C23F04053616D0B43B3
:10547000D364236813F4000F07D02E4A536D23F42E
:105480004003D4F88C100B435365636813F0010F8D
:1054900019D1636813F0020F1ED1636813F0040F73
:1054A00023D1636813F0080F28D1636813F0100F3D
:1054B0002DD1636813F0200F32D106B1012630469A
:1054C000F8BD2E469BE7002104F10800FFF7D6F94E
:1054D0000028DED00646DCE7012104F10800FFF7D2
:1054E000CDF90028D9D00646D7E7022104F10800FB
:1054F000FFF7C4F90028D4D00646D2E7002104F112
:105500002800FFF73FFA0028CFD00646CDE701215B
:1055100004F12800FFF736FA0028CAD00646C8E78B
:10552000022104F12800FFF72DFA0028C5D001263A
:10553000C5E700BF0044025808B5FFF759F9054B0D
:105540001B6AC3F30213044AD35C03F01F03D84061
:1055500008BD00BF00440258FCC5000810B4794BD8
:105560009A6A9C6AC4F3053CD96AC1F30011DB6BEB
:10557000C3F3CC0301FB03F314F47C3F00F0DD80A4
:1055800002F0030207EE903AF8EE677A012A4BD058
:10559000022A00F09880002A40F0B280694B1B6814
:1055A00013F0200F23D067490A68C2F3C102664B8B
:1055B000D34007EE103AF8EE476A07EE10CAB8EE8D
:1055C000476A86EE867A8B6BC3F3080306EE903A41
:1055D000F8EE666A9FED5D6A67EE867A76EEA77AE8
:1055E000F7EE006A77EEA67A27EE277A38E007EE24
:1055F00010CAF8EE476A9FED566A86EE267A514B3E
:105600009B6BC3F3080306EE903AF8EE666A9FEDD3
:105610004F6A67EE867A76EEA77AF7EE006A77EE43
:10562000A67A27EE277A1BE007EE10CAF8EE476A43
:105630009FED486A86EE267A424B9B6BC3F30803C4
:1056400006EE903AF8EE666A9FED406A67EE867A5B
:1056500076EEA77AF7EE006A77EEA67A27EE277A3B
:10566000384A936BC3F3462307EE903AF8EE677A15
:10567000F7EE006A77EEA67A87EE276ABCEEC66A76
:1056800080ED006A936BC3F3064307EE903AF8EEA1
:10569000677A77EEA67A87EE276ABCEEC66A80ED57
:1056A000016A936BC3F3066307EE903AF8EE677AEC
:1056B00077EEA67AC7EE276AFCEEE66AC0ED026ACC
:1056C0005DF8044B704707EE10CAF8EE476A9FED8D
:1056D000226A86EE267A1B4B9B6BC3F3080306EE09
:1056E000903AF8EE666A9FED196A67EE867A76EE72
:1056F000A77AF7EE006A77EEA67A27EE277AAFE769
:1057000007EE10CAF8EE476A9FED126A86EE267A17
:105710000C4B9B6BC3F3080306EE903AF8EE666AF7
:105720009FED0A6A67EE867A76EEA77AF7EE006A50
:1057300077EEA67A27EE277A92E70023036043608C
:105740008360BDE7004402580090D0030000003998
:105750000024744C0024744A20BCBE4B10B4794B16
:105760009A6A9C6AC4F3055CD96AC1F300215B6C38
:10577000C3F3CC0301FB03F314F07C7F00F0DD8066
:1057800002F0030207EE903AF8EE677A012A4BD056
:10579000022A00F09880002A40F0B280694B1B6812
:1057A00013F0200F23D067490A68C2F3C102664B89
:1057B000D34007EE103AF8EE476A07EE10CAB8EE8B
:1057C000476A86EE867A0B6CC3F3080306EE903ABE
:1057D000F8EE666A9FED5D6A67EE867A76EEA77AE6
:1057E000F7EE006A77EEA67A27EE277A38E007EE22
:1057F00010CAF8EE476A9FED566A86EE267A514B3C
:105800001B6CC3F3080306EE903AF8EE666A9FED50
:105810004F6A67EE867A76EEA77AF7EE006A77EE41
:10582000A67A27EE277A1BE007EE10CAF8EE476A41
:105830009FED486A86EE267A424B1B6CC3F3080341
:1058400006EE903AF8EE666A9FED406A67EE867A59
:1058500076EEA77AF7EE006A77EEA67A27EE277A39
:10586000384A136CC3F3462307EE903AF8EE677A92
:10587000F7EE006A77EEA67A87EE276ABCEEC66A74
:1058800080ED006A136CC3F3064307EE903AF8EE1E
:10589000677A77EEA67A87EE276ABCEEC66A80ED55
:1058A000016A136CC3F3066307EE903AF8EE677A69
:1058B00077EEA67AC7EE276AFCEEE66AC0ED026ACA
:1058C0005DF8044B704707EE10CAF8EE476A9FED8B
:1058D000226A86EE267A1B4B1B6CC3F3080306EE86
:1058E000903AF8EE666A9FED196A67EE867A76EE70
:1058F000A77AF7EE006A77EEA67A27EE277AAFE767
:1059000007EE10CAF8EE476A9FED126A86EE267A15
:105910000C4B1B6CC3F3080306EE903AF8EE666A74
:105920009FED0A6A67EE867A76EEA77AF7EE006A4E
:1059300077EEA67A27EE277A92E70023036043608A
:105940008360BDE7004402580090D0030000003996
:105950000024744C0024744A20BCBE4B026852E8F8
:10596000003F23F0C00342E800310029F6D102686D
:1059700002F1080353E8003F23F40003083242E831
:1059800000310029F3D12023C0F88830704700008F
:10599000026852E8003F23F4907342E80031002986
:1059A000F6D1026802F1080353E8001F0D4B0B40CB
:1059B000083242E800310029F3D1C36E012B06D032
:1059C0002023C0F88C300023C36643677047026809
:1059D00052E8003F23F0100342E800310029F6D1DD
:1059E000EEE700BFFEFFFFEFF0B138B50546242318
:1059F000C0F888300268136823F00103136003685D
:105A000000241C6003685C6003689C60FBF7DCFB9F
:105A1000C5F89040C5F88840C5F88C40EC662C6706
:105A200085F88440204638BD012070477047704794
:105A3000704738B5846BD4F88820D4F88C5023682C
:105A40009B6813F0800F01D0212A10D023689B6837
:105A500013F0400F01D0222D10D0D4F8903043F035
:105A60001003C4F890302046FFF7E2FF38BD002352
:105A7000A4F856302046FFF771FFE7E70023A4F8AB
:105A80005E302046FFF784FFE7E7704708B5806B7C
:105A900001230367C36E012B02D0FFF7C8FF08BDC7
:105AA000B0F85C104908FFF7F0FFF8E708B50346C7
:105AB000806BDB69B3F5807F29D00023A0F85E30CE
:105AC000026852E8003F23F4807342E80031002965
:105AD000F6D1026802F1080353E8003F23F0010306
:105AE000083242E800310029F3D1026802F10803CC
:105AF00053E8003F23F04003083242E80031002918
:105B0000F3D12023C0F88C30C36E012B07D00023C3
:105B10000367C36E012B0CD0FFF788FF08BD026836
:105B200052E8003F23F0100342E800310029F6D18B
:105B3000EDE7B0F85C10FFF7A8FFEFE770B586B0AF
:105B4000044683680269134342691343C2691343DD
:105B500001680868884A02401A430A60226853684C
:105B600023F44053E1680B435360A1692268834BDF
:105B70009A4201D0236A19439068814B03400B433A
:105B800093602268D36A23F00F03616A0B43D362E8
:105B900023687C4A934221D07B4A934200F08C8058
:105BA0007A4A934200F0A280794A934200F0B5808D
:105BB000784A934200F0C880774A934200F0F4801C
:105BC000764A934200F01981754A934200F02C8185
:105BD0006A4A934200F03F81802233E0714A526D5D
:105BE00002F03802282A65D8DFE812F029006400A4
:105BF0006400640064006400640064004D0164009B
:105C00006400640064006400640064002B006400AD
:105C10006400640064006400640064005E0064006A
:105C20006400640064006400640064006000640058
:105C30006400640064006400640064006200012287
:105C400000E008224D498B4200F02F81E069B0F559
:105C5000004F00F0AF81202A00F20682202A00F2D5
:105C60005382DFE812F0080222025102510225029B
:105C70005102510251022A025102510251025102B3
:105C80005102510251022F0251025102510251029E
:105C9000510251025102510251025102510251026C
:105CA0005102510251023B021022CBE72022C9E7E8
:105CB0004022C7E78022C5E73A4A526D02F0070248
:105CC000052A11D8DFE812F00600E10008000A00FA
:105CD0000C000E000022B5E70822B3E71022B1E75E
:105CE0002022AFE74022ADE78022ABE72D4A526D7C
:105CF00002F00702052A0ED8DFE802F003C9050703
:105D0000090B00229EE708229CE710229AE7202236
:105D100098E7402296E7802294E7224A526D02F0EB
:105D20000702052A0ED8DFE802F003B40507090BC5
:105D3000002287E7082285E7102283E7202281E7F7
:105D400040227FE780227DE7164A526D02F007026B
:105D5000052A0ED8DFE802F0039F0507090B002291
:105D600070E708226EE710226CE720226AE74022E3
:105D700068E7802266E700BFF369FFCF000C005898
:105D8000FFF4FF11001001400044004000480040B3
:105D9000004C0040005000400014014000780040DA
:105DA000007C0040004402587D4A526D02F03802E7
:105DB000282A20D8DFE802F0151F1F1F1F1F1F1FF2
:105DC000711F1F1F1F1F1F1F171F1F1F1F1F1F1F99
:105DD000191F1F1F1F1F1F1F1B1F1F1F1F1F1F1FDD
:105DE0001D0001222EE708222CE710222AE720229C
:105DF00028E7402226E7802224E7694A526D02F014
:105E00000702052A0ED8DFE802F0034A0507090B4E
:105E1000002217E7082215E7102213E7202211E7D6
:105E200040220FE780220DE75D4A526D02F0070223
:105E3000052A0ED8DFE802F003350507090B00221A
:105E400000E70822FEE61022FCE62022FAE64022C5
:105E5000F8E68022F6E602F50E32926D02F00702B5
:105E6000052A0ED8DFE802F0031F0507090B0222FE
:105E7000E8E60822E6E61022E4E62022E2E64022F6
:105E8000E0E68022DEE60422DCE60422DAE60422F2
:105E9000D8E60422D6E60422D4E60422D2E604227E
:105EA000D0E60422CEE60422CCE6202A27D8022A15
:105EB000C0F01881023A1E2A00F21681DFE812F0C3
:105EC0002600140156001401140114015B00140192
:105ED00014011401140114011401140160001401CF
:105EE000140114011401140114011401140114010A
:105EF0001401140114011401140114016C00402A4E
:105F000002D14FF4004006E00120FEE0FFF714FB51
:105F1000002800F0EB80626A224B33F81220B0FBBD
:105F2000F2F3656805EB4501994200F2E180B3EBBD
:105F3000053F00F2DF80002633463146FAF728FAA3
:105F4000090241EA106100026B08C0182A46334674
:105F500041F10001FAF71CFAA0F54072124B9A4287
:105F600000F2CA802368D8603046CEE003A8FFF76D
:105F7000F5FA0498CCE76846FFF7F0FB0198C7E70D
:105F8000074B1B6813F0200F08D0054B1B68C3F3A9
:105F9000C1030648D840BEE70548BCE70348BAE756
:105FA000004402587CC60008FFFC0F000090D0039C
:105FB00000093D00202A15D8202A00F29F80DFE842
:105FC00002F015369D9D399D9D9D3E9D9D9D9D9DFB
:105FD0009D9D439D9D9D9D9D9D9D9D9D9D9D9D9D4B
:105FE0009D9D4F00402A06D001208EE0FEF722FC46
:105FF000002800F08580626A4B4B33F81230B0FB0A
:10600000F3F06268530803EB4003B3FBF2F3A3F130
:1060100010014FF6EF72914274D89AB222F00F023B
:10602000C3F3420313432268D36000206DE0FEF700
:1060300013FCDDE703A8FFF791FA0498D8E7684658
:10604000FFF78CFB0198D3E7384B1B6813F0200F48
:1060500008D0364B1B68C3F3C1033548D840CAE7A4
:106060003448C8E73248C6E7402A02D14FF400401E
:1060700005E0012049E0FEF7DDFB00284FD0626A11
:10608000294B33F81230B0FBF3F0636800EB530098
:10609000B0FBF3F0A0F110024FF6EF739A4240D834
:1060A000236880B2D86000202FE0FEF7D5FBE4E73C
:1060B00003A8FFF753FA0498DFE76846FFF74EFBA3
:1060C0000198DAE7194B1B6813F0200F08D0174B23
:1060D0001B68C3F3C1031648D840D0E71548CEE784
:1060E0001348CCE7012010E001200EE000200CE076
:1060F00001200AE0012008E0012006E0012004E080
:10610000002002E0012000E001200123A4F86A3011
:10611000A4F8683000236367A36706B070BD002051
:10612000F3E70120F1E700BF7CC6000800440258F5
:106130000090D00300093D00836A13F0080F06D0D9
:106140000268536823F40043816B0B435360836AF6
:1061500013F0010F06D00268536823F40033C16ABC
:106160000B435360836A13F0020F06D00268536832
:1061700023F48033016B0B435360836A13F0040FE5
:1061800006D00268536823F48023416B0B435360AD
:10619000836A13F0100F06D00268936823F48053CB
:1061A000C16B0B439360836A13F0200F06D0026823
:1061B000936823F40053016C0B439360836A13F0DC
:1061C000400F0AD00268536823F48013416C0B43DC
:1061D0005360436CB3F5801F0BD0836A13F0800FBC
:1061E00006D00268536823F40023C16C0B4353604C
:1061F00070470268536823F4C003816C0B435360FB
:10620000EBE72DE9F84305460E4617469946DDF8BB
:1062100020802B68DC6936EA04040CBF01240024CA
:10622000BC423AD1B8F1FF3FF3D0FBF727FEA0EB19
:106230000900404534D8B8F1000F33D02B681A68F4
:1062400012F0040FE5D0B6F1400218BF0122802EF3
:10625000DFD0002ADDD0DA6912F0080F11D1DA6937
:1062600012F4006FD5D04FF400621A622846FFF78F
:106270008FFB2023C5F89030002385F8843003205D
:106280000CE008241C622846FFF782FBC5F890400A
:10629000002385F88430012000E00020BDE8F88369
:1062A0000320FBE70320F9E72DE9F04182B01E4609
:1062B000D0F88830202B5BD104460D469046002A4A
:1062C00018BF002901D1012053E00023C0F890300D
:1062D0002123C0F88830FBF7D1FD0746A4F854808D
:1062E000A4F85680A368B3F5805F02D04FF0000891
:1062F00016E0236943B34FF0000811E02023C4F8EF
:106300008830032035E038F8023B2268C3F30803E5
:106310009362B4F8562092B2013A92B2A4F8562091
:10632000B4F856309BB293B100963B4600228021D0
:106330002046FFF766FF0028E0D1002DE3D015F8D6
:10634000012B23689A62E4E7A8460025E8E7009657
:106350003B46002240212046FFF753FF18B9202377
:10636000C4F8883005E02023C4F88830032000E01A
:10637000022002B0BDE8F08130B583B004460023AE
:10638000C0F89030FBF77AFD05462268126812F0DB
:10639000080F10D123681B6813F0040F28D12023A5
:1063A000C4F88830C4F88C300020E066206784F898
:1063B000840003B030BD6FF07E430093034600229B
:1063C0004FF400112046FFF71CFF0028E2D022689E
:1063D00052E8003F23F0800342E800310029F6D163
:1063E0002023C4F88830002384F884300320E0E7B9
:1063F0006FF07E4300932B4600224FF4800120462D
:10640000FFF7FFFE0028CAD0226852E8003F23F4BD
:10641000907342E800310029F6D1226802F10803A6
:1064200053E8003F23F00103083242E8003100291D
:10643000F3D12023C4F88C30002384F88430032067
:10644000B7E778B310B50446D0F888300BB32423EF
:10645000C4F888302268136823F001031360A36A2C
:10646000E3B92046FFF76AFB012811D02268536880
:1064700023F4904353602268936823F02A039360C7
:106480002268136843F0010313602046FFF774FF8E
:1064900010BD80F88430FAF773FDD8E72046FFF787
:1064A0004BFEDEE70120704710B5044613468165B8
:1064B000A0F85C200022C0F890202222C0F88C2096
:1064C000D0F88020AAB12149D163D0F8802020499A
:1064D0001164D0F880201F49D164D0F880200021B9
:1064E00011650168826D2431D0F88000FCF72CFA28
:1064F00020BB236943B1226852E8003F43F4807314
:1065000042E800310029F6D1226802F1080353E87D
:10651000003F43F00103083242E800310029F3D183
:10652000226802F1080353E8003F43F040030832B9
:1065300042E800310029F3D1002010BD1023C4F837
:1065400090302023C4F88C300120F6E7AD5A0008C3
:106550008D5A0008335A000838B5D0F88C30202BFB
:1065600019D1002A18BF002917D00023C366036879
:106570000B4CA3420CD05B6813F4000F08D00468E6
:1065800054E8003F43F0806344E80035002DF6D125
:10659000FFF78AFF00E0022038BD0120FCE700BFC2
:1065A000000C005800283CD0F8B50F4616461D4692
:1065B0000446D0F888305BB32423C4F888302268BE
:1065C000136823F001031360A36A33BB2046FFF76F
:1065D000B5FA01281BD02268936843F48043936086
:1065E0002268936823F400433B4393602D0445EAFB
:1065F000465221680B686FF3194313430B602268FE
:10660000136843F0010313602046FFF7B5FEF8BDA1
:1066100080F88430FAF7B4FCCEE72046FFF78CFD13
:10662000D4E70120704782B000230193019B01331E
:106630000193019BB3F1706F15D80369002BF5DA54
:1066400000230193036943F001030361019B0133BC
:106650000193019BB3F1706F08D8036913F0010F28
:10666000F4D1002000E0032002B070470320FBE7D4
:1066700084B010B5044603A880E80E009DF81130E0
:10668000012B1FD1A36B23F48033A363E2681F4B5C
:106690001340E360E36823F44013E3609DF818308F
:1066A000012B0AD02046FFF7BEFF9DF80E30012BCC
:1066B0001CD0BDE8104004B07047E36843F4801379
:1066C000E360EFE7E36843F04003E3602046FFF751
:1066D000AAFF9DF8153023B9A36B43F48033A3635D
:1066E000E3E7A36B23F48033A363DEE7E36D9BB2A0
:1066F000E365E26D064B1343E365A36843F00603CD
:10670000A360A36843F02003A360D2E7BFFFBDFFEF
:106710000000EE03022A0AD00922C36823F4705352
:10672000C360C36843EA8223C36000207047204BE4
:106730000B44204A934229D91F4B0B441F4A9342D2
:1067400026D91F4B0B441F4A934223D91E4B0B449F
:106750001E4A934220D31E4B0B441E4A93421DD91E
:106760001D4B0B441D4A93421AD31D4B0B441D4A2B
:10677000934217D31C4B0B441C4A934214D31C4B1B
:106780000B441C4A934211D20722C6E70F22C4E7EA
:106790000E22C2E70D22C0E70C22BEE70B22BCE7A7
:1067A0000A22BAE70922B8E70822B6E70622B4E7C8
:1067B000405327FFFF340C00401E1BFF3F420F00D9
:1067C00000DC0BFF7F4F1200808CF9FE20D61300F7
:1067D00060B6E5FE5FE3160000D3CEFE40771B00F7
:1067E000C05BB3FEC091210000CA91FE2075380045
:1067F000E05459FEE09C4100836843F0010383604C
:1068000000207047836823F00103836000207047F5
:1068100082B000230193019B01330193019BB3F1EB
:10682000706F15D80369002BF5DA002301938901F5
:1068300041F020010161019B01330193019BB3F100
:10684000706F08D8036913F0200FF4D1002000E026
:10685000032002B070470320FBE782B000230193BE
:10686000019B01330193019BB3F1706F13D803694E
:10687000002BF5DA0023019310230361019B013300
:106880000193019BB3F1706F08D8036913F0100FE7
:10689000F4D1002000E0032002B070470320FBE7A2
:1068A000D0F800381943C0F80018002070470000E5
:1068B00084B0F8B5044607A880E80E00002306E07F
:1068C00003F1400204EB82020021516001330E2BE0
:1068D000F6D99DF8266006BBD4F8043843F00203CD
:1068E000C4F80438A36B23F40013A363236843F0B4
:1068F00040032360236843F0800323600023C4F82F
:10690000003E9DF82130012B11D19DF81F304BB96D
:1069100000212046FFF7C4FF0DE0A36B43F40013F2
:10692000A363EBE701212046FFF7BAFF03E0032151
:106930002046FFF7B5FF10212046FFF769FF054607
:1069400000B101252046FFF788FF00B1012504F5BD
:10695000006C0023CCF81030CCF81430CCF81C308C
:106960000AE0CBB94FF00060C2F8000900220A61CA
:106970004FF67F328A6001339DF81C10994210D97E
:1069800004EB431202F51061D2F800090028E8DB9D
:106990000020C2F80009E9E74FF09040C2F8000972
:1069A000E4E700230AE0BBB14FF09047C2F8007B58
:1069B000002202614FF67F3282600133994210D982
:1069C00004EB431202F53060D2F8007B002FEADBC3
:1069D0000027C2F8007BEBE74FF00067C2F8007BAE
:1069E000E6E7DCF8103023F48073CCF81030002395
:1069F000A3616FF0804363619DF81E301BB9A369EA
:106A000043F01003A361A2690A4B1343A3619DF8ED
:106A100022301BB1A36943F00803A361012E04D007
:106A20002846BDE8F84004B07047A269024B134302
:106A3000A361F5E700383C8004000040D0F8083836
:106A400003F00603022B04D0062B04D02BB9002040
:106A5000704702207047022070470F2070470000E7
:106A600010B591F800C04B78012B21D000F5006ED5
:106A7000D0F81C380CF00F040122A24043EA024374
:106A8000C0F81C3800EB4C10D0F8003B13F4004F5A
:106A90000CD1D0F8002B8B68C3F30A03097943EAC1
:106AA00081431A43134B1343C0F8003B002010BD31
:106AB000D0F81C280CF00F0E03FA0EF39BB2134310
:106AC000C0F81C3800EB4C10D0F8003913F4004F1C
:106AD000ECD1D0F800298B68C3F30A03097943EAA3
:106AE000814343EA8C531A43024B1343C0F80039E5
:106AF000DCE700BF0080001030B40B784A78012A30
:106B000026D000EB4313D3F8002B002A52DBD0F839
:106B10003C480A7802F00F024FF0010C0CFA02F226
:106B200024EA0242C0F83C28D0F81C28097801F079
:106B30000F010CFA01FC22EA0C42C0F81C28D3F821
:106B4000001B234A0A40C3F8002B002030BC7047CA
:106B500000EB4313D3F80029002A1EDBD0F83C5881
:106B60000A7802F00F02012404FA02F292B225EA36
:106B70000202C0F83C28D0F81C28097801F00F0167
:106B80008C40A4B222EA0402C0F81C28D3F80019F1
:106B9000104A0A40C3F80029D7E7D3F8002942F089
:106BA0000062C3F80029D3F8002942F08042C3F8FC
:106BB0000029D3E7D3F8002B42F00062C3F8002B82
:106BC000D3F8002B42F08042C3F8002B9FE700BFB0
:106BD0000078F3EF007833EC10B483B00246002362
:106BE0000193487801280BD00B7802EB4313D3F8BC
:106BF000000B00282DDB002003B05DF8044B70472C
:106C00000B7802EB4313D3F80049002C01DB002082
:106C1000F2E7D3F8004944F00064C3F800490B7868
:106C200002EB4313D3F8004944F08044C3F8004911
:106C3000019B01330193019C42F210739C42DBD80B
:106C40000B7802EB4313D3F80039002BF0DB002064
:106C5000D2E7D3F8000B40F00060C3F8000B0B78CC
:106C600002EB4313D3F8000B40F08040C3F8000B55
:106C7000019B01330193019842F21073984208D8A6
:106C80000B7802EB4313D3F8003B002BF0DB002022
:106C9000B2E70120B0E710B59DF8084084B903338E
:106CA0004FEA930E4FF0000C08E000EB023303F5BF
:106CB000805351F8044B1C600CF1010CF445F4D3E3
:106CC000002010BDF0B583B00C784B78012B2DD08F
:106CD00000EB441C0CF530631D696FF312051D6158
:106CE0001D696FF3DC451D61002C40F0CE800C69FE
:106CF0000CB18C680C618C680C621D69C4F31204C1
:106D00002C431C611C6944F400241C61012A00F01E
:106D1000DF800B79012B00F0E180DCF8003B43F0D1
:106D20000443CCF8003B002003B0F0BD0B6973BBFB
:106D300000EB4413D3F810596FF3DC45C3F8105936
:106D4000D3F8105945F40025C3F81059D3F8105959
:106D50006FF31205C3F81059012A54D000EB441404
:106D6000D4F8003943F00443C4F800390B79012BFF
:106D700072D00B69002BD6D0D0F83438097801F0E6
:106D80000F0101228A401343C0F83438CBE700EBEF
:106D9000441303F510631D696FF312051D611D692E
:106DA0006FF3DC451D6184B90E698D68AE4200D970
:106DB0000D611D6945F400251D611D690E69C6F34D
:106DC000120C45EA0C051D61C6E70D698E68354455
:106DD000013DB5FBF6F51E691FFA85FC494F07EA30
:106DE000C54535431D610D79012DE6D11D6925F09D
:106DF000C0451D611D694FEA4C7C0CF0C04C45EA52
:106E00000C051D61D9E7CB691BB100EB4412C2F838
:106E100014390B79012B08D000EB4414D4F8003955
:106E200043F00443C4F800397DE7D0F8083813F480
:106E3000807F08D100EB4412D2F8003943F00053B0
:106E4000C2F80039E8E700EB4412D2F8003943F009
:106E50008053C2F80039DFE7D0F8083813F4807F98
:106E60000CD1D4F8003943F00053C4F80039009233
:106E70000B8A0A78C968FFF70EFF54E7D4F8003987
:106E800043F08053C4F80039F1E70C6954B91C6928
:106E90008D68C5F312052C431C611C6944F4002461
:106EA0001C6133E78D682C44013CB4FBF5F4A4B2BB
:106EB00004FB05F50D621D69124E06EAC4442C431D
:106EC0001C611C690D6AC5F312052C431C611DE78A
:106ED000CA68002A3FF41DAF5A611AE7D0F8083893
:106EE00013F4807F06D1DCF8003B43F00053CCF86C
:106EF000003B12E7DCF8003B43F08053CCF8003B4A
:106F00000BE700BF0000F81F10B5844608464FEAA3
:106F1000920E02F00302002305E00CF5805109688F
:106F200040F8041B01337345F7D37AB10CF5805C4C
:106F3000DCF800400021CBB2DB0024FA03F300F8B8
:106F4000013B0131013A92B2002AF4D110BD0B7815
:106F50004A78012A14D000EB4310D0F8002B002A05
:106F600006DB2BB1D0F8003B23F08043C0F8003B98
:106F7000D0F8003B43F40013C0F8003B00207047FA
:106F800000EB4310D0F80029002A06DB2BB1D0F823
:106F9000003923F08043C0F80039D0F8003943F4B9
:106FA0000013C0F80039E9E70B784A78012A0ED0BF
:106FB00000EB4310D0F8003B23F40013C0F8003B73
:106FC0000B79023BDBB2012B15D90020704700EB97
:106FD0004310D0F8003923F40013C0F800390B79BE
:106FE000023BDBB2012BF0D8D0F8003943F08053DC
:106FF000C0F80039E9E7D0F8003B43F08053C0F80F
:10700000003BE2E7D0F8003823F4FE63C0F8003814
:10701000D0F80038090101F4FE610B43C0F80038D4
:1070200000207047D0F8003E23F00303C0F8003E74
:10703000D0F8043823F00203C0F804380020704769
:10704000D0F8003E23F00303C0F8003ED0F8043827
:1070500043F00203C0F80438002070474269806999
:1070600010407047D0F8183800F50060C06918402B
:10707000000C7047D0F8183800F50060C06918405F
:1070800080B2704700EB4111D1F8082B00F5006089
:10709000406910407047D0F81028D0F8343801F01B
:1070A0000F0C23FA0CF3DB01DBB2134300EB4110AE
:1070B00000F51060806818407047406900F00100DA
:1070C000704738B50546C36823F0C043C360012943
:1070D00013D019BBC36843F08043C36000240A2067
:1070E000FAF7D2FE0A342846FFF7E7FF08B1C72CAB
:1070F000F5D9C82C14D0002038BDC36843F0005324
:10710000C36000240A20FAF7BFFE0A342846FFF7BE
:10711000D4FF0128EDD0C72CF4D9EAE70120EBE732
:107120000120E9E7D0F800396FF30A03C0F800390D
:10713000D0F8043843F48073C0F804380020704756
:1071400010B4046C154B9C4203D9D0F8003B002BC3
:1071500016DB0024C0F8104BD0F8104B44F4002488
:10716000C0F8104BD0F8104B44F01804C0F8104B86
:10717000D0F8104B44F0C044C0F8104B012903D0A4
:1071800000205DF8044B7047C0F8142BD0F8003B8A
:1071900043F08023C0F8003BF2E700BF0A30544FB1
:1071A00098B108B503460020C3F8B802C3F8C4027A
:1071B000C3F8D00209B1C3F8B412012183F89C12BC
:1071C0001A701846FAF740FD08BD0320704710B545
:1071D00082B00023ADF80630B9B10446C0F8B81249
:1071E000D0F8D422CB6A43B1AE3250F82230DB6AF9
:1071F0000DF106009847C4F8D002D4F8D832013314
:10720000C4F8D832002002B010BD0320FBE708B557
:10721000FAF77BFD08BD08B5D0F8B83213B11B688A
:10722000984708BD0020FCE708B5D0F8B8325B6885
:10723000984700B908BD0320FCE738B5044600F2C2
:10724000AA25284600F0C8F90123C4F89432B4F8FE
:10725000B032C4F8983294F8AA1201F01F03012B3F
:1072600007D0022B0AD073B92946204600F09AFBBA
:1072700038BD2946204600F0D0FBF9E729462046D4
:1072800000F00DFCF4E701F080012046FAF758FD0C
:10729000EEE7F8B50446012380F89C320023C0F8DD
:1072A00094324360C0F8A43280F8A032D0F8B832EB
:1072B000DBB15B68DBB1002198470746C8B94023C2
:1072C000002211462046FAF728FD0126A4F8646141
:1072D0004025C4F860512B46002280212046FAF751
:1072E0001CFDA68425623846F8BD0027E7E7002785
:1072F000E5E70327E3E701740020704790F89C322C
:10730000DBB2042B04D090F89C32DBB280F89D32C3
:10731000042380F89C320020704790F89C32DBB246
:10732000042B01D00020704790F89D32DBB280F82A
:107330009C32F7E708B590F89C32DBB2032B01D002
:10734000002008BDD0F8B832002BF9D0DB69002B43
:10735000F6D09847F4E708B5D0F8D432AE3350F8F9
:1073600023205AB190F89C32DBB2032B01D00020CD
:1073700008BD136A23B198470020F9E70320F7E717
:107380000020F5E708B5D0F8D432AE3350F823200A
:107390005AB190F89C32DBB2032B01D0002008BD1B
:1073A000536A23B198470020F9E70320F7E700204C
:1073B000F5E70020704708B5012380F89C32D0F82B
:1073C000B83223B15B680179984710B908BD002035
:1073D000FCE70320FAE7002070470020704738B52B
:1073E00004460D46002942D11346D0F89422032AC0
:1073F00001D0084638BDD0F85C11D0F86021914228
:1074000009D890F8AA3203F01F03012B0ED0022BEB
:107410001BD028460FE0891AC0F85C118A4228BFA9
:107420000A46194600F09BFC2846E3E790F8AE12A6
:10743000FFF7D1FF20B994F89C32DBB2032B09D0BF
:10744000204600F094FC2846D4E790F8AE12FFF7EF
:10745000C4FFEFE700F1AE0354F823301A69002AA5
:10746000EED0C4F8D4021B6920469847E8E701F043
:107470007F01FFF7B2FF90B994F89C32DBB2032B87
:10748000B8D100F1AE0354F823309A69002AB1D084
:10749000C4F8D4029B69294620469847AAE70020F1
:1074A000A8E738B504460D4600294BD11346D0F85D
:1074B0009422022A07D094F8A00218B1002384F87D
:1074C000A032284638BDC269016A8A420ED88A4273
:1074D00018D094F89C32DBB2032B27D080212046B1
:1074E000FAF72EFC204600F04DFCE4E7521AC26188
:1074F000194600F01DFC00231A4619462046FAF7EB
:107500003FFCD8E783699942E3D8D0F898229342A8
:10751000DFD20022114600F00BFC0021C4F89812C3
:107520000B460A462046FAF72BFCC4E7D4F8B832DB
:10753000DA68002AD2D00022C4F8D422DB682046C0
:107540009847CBE741F08001FFF747FF90B994F8E7
:107550009C32DBB2032BB5D100F1AE0354F82330DB
:107560005A69002AAED0C4F8D4025B692946204685
:107570009847A7E70020A5E70B88027813440B8003
:10758000037818447047428803789A4218D930B576
:1075900083B004460D46ADF806306388BDF806207A
:1075A0009A420AD20DF10601FFF7E6FF4378052B58
:1075B000F3D18378AB42F0D100E0002003B030BDBE
:1075C000002070470346002002E00130C0B20133C2
:1075D0001A78002AF9D170470B7803704B78437002
:1075E0008B78CA7843EA022343800B794A7943EACD
:1075F000022383808B79CA7943EA0223C3807047D0
:1076000010B504468021FAF79BFB00212046FAF7CB
:1076100097FB10BD30B583B004460D460023ADF88E
:1076200006304A88130A013B0E2B00F2BC80DFE8CB
:1076300003F0153044BABA9EABBABABABABABABAFB
:107640000800D0F8B432DB6923B10DF10601007CEB
:1076500098470AE02946FFF7D3FF18E0D0F8B43284
:107660001B680DF10601007C9847EA88002A00F0AB
:10767000A380BDF80630002B00F099809A4228BF05
:107680001A46ADF806200146204600F044FB03B040
:1076900030BD037C43B9D0F8B8329B6A0DF10600C7
:1076A000984702234370E0E7D0F8B832DB6A0DF167
:1076B0000600984702234370D7E7D2B2052A52D872
:1076C000DFE802F003101D2A3744D0F8B4325B68BB
:1076D00023B10DF10601007C9847C6E72946FFF764
:1076E0008FFFD4E7D0F8B4329B6823B10DF10601C7
:1076F000007C9847B9E72946FFF782FFC7E7D0F833
:10770000B432DB6823B10DF10601007C9847ACE789
:107710002946FFF775FFBAE7D0F8B4321B6923B1E9
:107720000DF10601007C98479FE72946FFF768FFA7
:10773000ADE7D0F8B4325B6923B10DF10601007CEE
:10774000984792E72946FFF75BFFA0E7D0F8B432ED
:107750009B6923B10DF10601007C984785E7294616
:10776000FFF74EFF93E72946FFF74AFF8FE7037CB9
:1077700033B9D0F8B8325B6B0DF10600984774E767
:107780002946FFF73DFF82E7037C43B9D0F8B832C2
:107790001B6B0DF1060098470723437065E72946E8
:1077A000FFF72EFF73E72946FFF72AFF6FE7294609
:1077B0002046FFF725FF6AE7204600F0D8FA66E783
:1077C00038B504468B88FBB9CB88EBB94B887F2B47
:1077D0001AD803F07F0590F89C32DBB2032B0CD053
:1077E00080F89E522946FAF7BBFA204600F0BFFA0D
:1077F00035B1022384F89C3209E0FFF701FF06E06F
:10780000012384F89C3202E02046FFF7F9FE38BDE0
:1078100070B504460E468D782F4B1D70012D10D883
:1078200090F89C32DBB2022B0FD0032B26D0FFF74F
:10783000E7FE294B19782046FFF7F6FC032528467A
:1078400070BDFFF7DDFE0325F9E7A5B145602946C8
:10785000FFF7E1FC054638B131462046FFF7D0FE80
:10786000022384F89C32EAE7204600F080FA0323E2
:1078700084F89C32E3E700F07AFAE0E7CDB14168A2
:107880008D4225D0C9B2FFF7CFFC134B1978616048
:107890002046FFF7C0FC0546B0B131462046FFF751
:1078A000AFFE21792046FFF7BFFC022384F89C320B
:1078B000C5E7022380F89C3245602946FFF7B4FCF7
:1078C000204600F054FABAE7204600F050FAB6E736
:1078D00000F04DFA0025B2E71C4D002408B5CB8816
:1078E000012B0BD190F89C32DBB2022B09D9032B70
:1078F00011D10122011D00F00EFA01E0FFF780FE18
:1079000008BD5BB23BB10146002341F8083F0122AC
:1079100000F001FAF4E7FFF773FEF1E708B590F81D
:107920009C32013B022B12D8CB88022B0CD10123B5
:10793000C360D0F8A4320BB10323C360022200F16C
:107940000C0100F0E8F908BDFFF75AFEFBE7FFF76E
:1079500057FEF8E708B54B88012B04D0022B07D05F
:10796000FFF74EFE08BDC0F8A43200F000FAF9E7B8
:107970008B881B0A80F8A03200F0F9F9F2E708B50D
:1079800090F89C32013B022B09D84B88012B00D088
:1079900008BD0023C0F8A43200F0E9F9F8E7FFF7CA
:1079A0002FFEF5E738B50C7804F06004202C06D0E3
:1079B000402C04D06CB1FFF723FE002407E0D0F880
:1079C000D432AE3350F823309B68984704462046A3
:1079D00038BD4D78092D1DD8DFE805F012191C16A9
:1079E0001C08051C0F0BFFF715FEF0E7FFF7E8FE7C
:1079F000EDE7FFF70DFF0446E9E7FFF76FFFE6E766
:107A0000FFF78CFF2C46E2E7FFF7A4FFDFE7FFF765
:107A1000B6FFDCE7FFF7F4FDD9E770B505460C4685
:107A20000B7803F06003202B07D0402B05D023B147
:107A3000FFF7E6FD0026304670BD95F89C32013B0D
:107A4000022B26D82179012905D921462846FFF79E
:107A5000D7FD0026EFE72846FFF7BDFC68B900F127
:107A6000AE0255F82220916889B1C5F8D402936816
:107A7000214628469847064600E00326E388002B67
:107A8000D9D1002ED7D1284600F071F9D3E70326CB
:107A9000F4E721462846FFF7B3FD0026CBE72DE9A2
:107AA000F04106460D468B88DFB20C7804F0600486
:107AB000202C08D0402C06D0DCB1FFF7A1FD00241B
:107AC0002046BDE8F08139463046FFF786FC044683
:107AD000002840F0F980C6F8D40200F1AE0356F851
:107AE00023309B68002BEBD029463046984704464C
:107AF000E6E791F80180B8F1010F31D0B8F1030F3A
:107B000005D0B8F1000F66D0FFF77AFDD8E790F8FE
:107B10009C32DBB2022B04D0032B11D0FFF770FD97
:107B2000CEE7002F18BF802F07D03946FAF708F9A3
:107B300080213046FAF704F9C2E7FFF761FDBFE79D
:107B40004B882BB9002F18BF802F01D0CB881BB1D9
:107B5000304600F00CF9B3E73946FAF7F1F8F7E7E9
:107B600090F89C32DBB2022B04D0032B11D0FFF72C
:107B700047FDA5E7002F18BF802F07D03946FAF739
:107B8000DFF880213046FAF7DBF899E7FFF738FD98
:107B900096E74B88002B93D117F07F0F17D1304613
:107BA00000F0E5F839463046FFF717FC002887D18A
:107BB000C6F8D40200F1AE0256F822209268002ADC
:107BC00000F08480294630469047044678E73946DD
:107BD000FAF7BEF8E3E790F89C22D2B2022A05D069
:107BE000032A28D0FFF70CFD444669E7002F18BF91
:107BF000802F13D113F0800F14D107F07F0707EB0C
:107C00008707B90001F5A8710144043100230B6016
:107C10000222304600F07FF8444651E7FFF7F0FCBF
:107C200044464DE707F07F0707EB8707B90010319F
:107C300001440431EAE75BB2002B20DB07F00F02BE
:107C400002EB820200EB8202B2F8642122B3002B25
:107C500026DB07F07F0303EB83039C0004F5A87485
:107C600034440434802F18BF002F22D10023236016
:107C700002222146304600F04EF8444620E707F045
:107C80000F0202EB820200EB8202928C002ADED10C
:107C9000FFF7B6FC444613E7FFF7B2FC44460FE794
:107CA00007F07F0303EB83039C0010343444043457
:107CB000D8E739463046F9F7FDFF10B101232360BC
:107CC000D6E700232360D3E70024F9E60446F7E66D
:107CD00000B370B50D4616460446FFF773FC01303D
:107CE0004300B3F5007F06D89BB233802B7003238B
:107CF0006B7002230AE04FF40073F6E7EA54013494
:107D00005A1CD2B20021A9540233DBB22278002AD5
:107D1000F4D170BD704708B513460222C0F8942212
:107D20008361C3610A460021FAF722F8002008BDEA
:107D300008B513460A460021FAF71AF8002008BDD4
:107D400008B513460322C0F89422C0F85831C0F891
:107D50005C310A460021FAF713F8002008BD08B587
:107D600013460A460021FAF70BF8002008BD08B5B3
:107D70000422C0F8942200231A461946F9F7F8FFA6
:107D8000002008BD08B50522C0F8942200231A4639
:107D90001946F9F7F5FF002008BD0000002310B5D3
:107DA0000446C0E90033C0E904338360818143663F
:107DB000C2818361194608225C3000F067F90D4BDF
:107DC00023620D4B63620D4BA3620D4BE3620D4BBF
:107DD000E4619C4206D003F16802944202D0D033A1
:107DE0009C4205D104F15800BDE8104000F0C6B92E
:107DF00010BD00BF8D7F0008AF7F0008E77F00083F
:107E00000B800008204D0024024A0349034800F07B
:107E100069B800BF0C010024DB9B0008200100248E
:107E200041680C4B994210B5044601D001F0D5FED3
:107E3000A168094B994202D0204601F0CEFEE168CC
:107E4000064B994204D02046BDE8104001F0C5BE63
:107E500010BD00BF204D0024884D0024F04D0024AB
:107E600010B50B4B0B4C0C4A1A6020460022042123
:107E7000FFF794FF04F1680001220921FFF78EFF4C
:107E800004F1D0000222BDE810401221FFF786BFA6
:107E9000584E0024204D0024097E0008014800F0BF
:107EA0006FB900BF624E0024014800F06AB900BFFC
:107EB000624E002410B50446FFF7F0FF636B1BB160
:107EC000BDE81040FFF7F0BF044B6363044B1B6831
:107ED000002BF5D1FFF7C4FFF2E700BF217E0008B9
:107EE000584E00242DE9F8430746884614460026DC
:107EF000D4E90195B9F1010905D52468002CF7D121
:107F00003046BDE8F883AB89012B07D9B5F90E30AF
:107F1000013303D029463846C04706436835E9E7B0
:107F20000CB430B5184B0C1E1D689DB008DA8B23BD
:107F30002B604FF0FF301DB0BDE8304002B07047FD
:107F40004FF40273ADF814304FF000031B9314BFCD
:107F500004F1FF332346049307934FF6FF73029017
:107F60000690ADF81630209A21AB02A9284601935D
:107F700000F082FC431CBCBF8B232B60002CDAD0AA
:107F8000029B00221A70D6E71801002410B50C4697
:107F9000B1F90E1000F0A4F80028ABBF236DA3893F
:107FA0001B1823F48053ACBF2365A38110BD2DE9BA
:107FB000F0411F468B89DB0505460C46164605D564
:107FC000B1F90E100223002200F078F8A389B4F969
:107FD0000E1023F48053A38132463B462846BDE869
:107FE000F04100F08FB810B50C46B1F90E1000F05A
:107FF00065F8431CA38915BF206523F4805343F41F
:108000008053A38118BFA38110BDB1F90E1000F0F9
:1080100045B830B51446002C9BB005461A4605DA23
:108020008B2303604FF0FF301BB030BD4FF4027361
:10803000ADF80C304FF00003199314BF04F1FF3377
:108040002346029305934FF6FF7300910491ADF818
:108050000E3069461E9B00F00FFC431CBCBF8B23F7
:108060002B60002CE0D0009B00221A70DCE700009F
:1080700007B5009313460A46014603480068FFF718
:10808000C8FF03B05DF804FB180100240244034656
:10809000934200D1704703F8011BF9E738B5064D4C
:1080A0000023044608462B60F8F764FC431C02D109
:1080B0002B6803B1236038BD5C4E002438B5074DF2
:1080C00004460846114600222A601A46F8F75CFC6E
:1080D000431C02D12B6803B1236038BD5C4E0024E1
:1080E00038B5074D04460846114600222A601A4654
:1080F000F8F722FC431C02D12B6803B1236038BD82
:108100005C4E002438B5074D04460846114600224F
:108110002A601A46F8F720FC431C02D12B6803B1F1
:10812000236038BD5C4E0024014B1868704700BFC7
:108130001801002470B50D4D0D4C641BA4100026D1
:10814000A64209D10B4D0C4C04F0ECF9641BA410B1
:108150000026A64205D170BD55F8043B984701366C
:10816000EEE755F8043B98470136F2E72CCA0008C1
:108170002CCA00082CCA000834CA0008704770478F
:10818000704770470A44914200F1FF3300D17047B5
:1081900010B511F8014B03F8014F9142F9D110BD10
:1081A000024B13B1024800F005B870470000000010
:1081B000319E0008002301461A46184601F08CBE85
:1081C0002DE9F84306460820894601F045FE244F74
:1081D0008046304600F044FBBB685D6825F003052F
:1081E000A5F11104A4EB09044444B4FBF8F4013CE8
:1081F00008FB04F4A04505DD304600F037FB002005
:10820000BDE8F8830021304601F002FEBB682B4434
:108210009842F1D16142304601F0FAFD013010D1AF
:108220000021304601F0F4FDBA68831A0F2BE3DD1C
:108230000C490968401A0C4943F001030860536077
:10824000DAE7BB68084A2D1B45F001055D6013683D
:1082500030461B1B136000F009FB0120D0E700BF74
:108260006C02002464020024684E0024F8B5044621
:108270000F46002900F0B18000F0F2FA57F8042C04
:10828000564D22F00100A7F1080303EB000CA9688A
:10829000DCF80460614526F0030602F001021BD100
:1082A00006443AB957F8082C9B1A1644D3E902122F
:1082B000CA60916046F001025A60AB60484B1B688F
:1082C000B34204D8474B20461968FFF779FF204690
:1082D000BDE8F84000F0CABACCF80460002A38D1F2
:1082E00057F8081C5B1A0844996805F10807B94259
:1082F00031D0DF68CF60B9600CEB06014968C9076F
:108300000BD4DCF8081030443ABB374EB14224D1CC
:10831000C5E90433C3E90211012240F001015960AB
:108320001850002AD3D1B0F5007F1BD2C20801211A
:1083300040098140686801320143696055F83200A4
:1083400005EBC2010839C3E9020145F83230C360C8
:10835000BDE70022D0E70122CEE7DCF80C60CE605A
:10836000B160DAE7B0F5206F4FEA502214D28209EB
:108370003832511C05EBC20655F831108E4225D11A
:108380000120921000FA02F2686802436A60C3E9B1
:108390000216B360CB609AE7142A01D85B32E8E793
:1083A000542A02D8020B6E32E3E7B2F5AA7F02D854
:1083B000C20B7732DDE740F254518A429ABF820CF9
:1083C0007C327E22D5E789688E4204D04A6822F04A
:1083D00003028242F7D8CE68D9E7F8BD6C020024C8
:1083E00068020024984E00247402002401F10B035B
:1083F000162B2DE9F74F054606D933F0070704D5AC
:108400000C232B600024A3E11027B942F8D828469A
:1084100000F026FAB7F5FC7FAF4E37D207F108021D
:108420003244A2F1080154688C424FEAD70302D1CA
:10843000D468A24210D06368D4E9021223F0030387
:10844000CA60234491605A6842F001025A6028468B
:1084500000F00CFA08347BE1023334699F498C4206
:1084600077D0626822F0030CACEB07000F2848DDE0
:10847000E21940F0010347F001076760C6E90422F2
:10848000C2E90211536044F80C00E0E77B0A2AD0ED
:10849000042B12D8BB0938335A1C06EBC202A2F1D6
:1084A000080C5468644506D0626822F00302D01BB1
:1084B0000F281CDD013B0133CFE7142B01D85B33C0
:1084C000EAE7542B02D83B0B6E33E5E7B3F5AA7FFE
:1084D00002D8FB0B7733DFE740F25452934204D8C3
:1084E000BB0C7C33D8E73F23D6E77E23D4E70028B4
:1084F000E16804DBA368D9608B60A318A3E70C468E
:10850000D0E70028C6E9041107DBA444DCF80430F6
:1085100043F00103CCF8043099E7BCF5007F7068A4
:1085200080F095804FEADC024FEA5C1E4FF0010CB0
:1085300001320CFA0EFC4CEA0000706056F832C0B2
:1085400006EBC2000838C4E902C046F83240CCF855
:108550000C409810012282407068904226D310424D
:1085600006D123F003035200104203F10403FAD0B2
:1085700006EBC308C1469E46D9F80C404C4540F076
:10858000B9800EF1010E1EF0030F09F10809F3D1B5
:10859000980740F0E380736823EA02037360706811
:1085A0005200904202D3002A40F0E580D6F808A09D
:1085B000DAF8043023F00309B94504D3A9EB070224
:1085C0000F2A00F34181464B1968103139440820C5
:1085D000019101F041FC434A0199136801331FBF27
:1085E00001F1FF31091843421940804628460191A4
:1085F00001F00EFC421C0AEB090B044600F0F78068
:1086000083450199374A02D9B24540F0F080364B94
:108610001868A34500EB010EC3F800E008F1FF3C29
:1086200040F0AB801BEA0C0F40F0A780B2684944D1
:1086300041F0010151602D4A1B6811688B4288BFCF
:1086400013602B4A11688B4288BF1360CFE0BCF5E2
:10865000206F4FEA5C2218D24FEA9C12383202F1A6
:10866000010E06EBC20856F83EE0F0452BD1921001
:108670004FF0010C0CFA02F202437260C4E902E806
:10868000C8F80840CEF80C4063E7142A01D85B32E2
:10869000E5E7542A03D84FEA1C326E32DFE7B2F521
:1086A000AA7F03D84FEADC327732D8E740F2545E33
:1086B00072459ABF4FEA9C427C327E22CFE7DEF8B9
:1086C00008E0F04505D0DEF8042022F00302624500
:1086D000F5D8DEF80C80D1E76C0200247402002487
:1086E000984E002464020024684E0024944E002416
:1086F000904E00246068D4F80CC020F00300A0EB7A
:10870000070ABAF10F0F12DDA368E21947F001075B
:108710006760C3F80CC0CCF808304AF00103C6E922
:108720000422C2E90211536044F800A08FE6BAF1B6
:10873000000F11DB2044436843F00103436054F809
:10874000083F2846C3F80CC0CCF8083000F08EF87B
:10875000204603B0BDE8F08F64460FE758F80809DB
:10876000404503F1FF333FF413AF18E704335200E1
:108770001042FBD0FCE67346FAE7106801301BBFDD
:10878000A4EB0B0B0BEB0E0214601A6014F0070B3A
:108790001ABFCBF1080024185846621802EA0C01EF
:1087A0008044A8EB010808EA0C08414628460192DB
:1087B00001F02EFB431C019A284B07D1BBF1000F9F
:1087C00023D0ABF1080010444FF000081A68B460E1
:1087D000001B4044424440F00100B2451A60606012
:1087E0003FF429AFB9F10F0F12D801236360B368CA
:1087F0005B6823F00303BB42A3EB070201D30F2AFC
:1088000022DC284600F032F8FCE51046D846DDE7C9
:10881000DAF80420A9F10C0929F0070902F0010295
:1088200042EA0902CAF8042005210AEB0902B9F15B
:108830000F0FC2E901117FF6FEAE0AF108012846CA
:10884000FFF714FD054BF6E6B46847F00103274433
:1088500042F001026360B7607A60F8E5684E002478
:108860000148FFF78DBC00BF604E00240148FFF7B0
:1088700088BC00BF604E00242DE9F04F2DED048B25
:10888000CBB08B4692461F46029001F0BDFA0368BA
:108890000F931846F7F774FDBBF80C3009901A06D1
:1088A00015D5DBF8103093B902984021FFF79EFDF3
:1088B000CBF80000CBF8100030B9029A0C231360FB
:1088C0004FF0FF330B93E2E14023CBF81430002349
:1088D000CDE91F339FED988BCDE9113321AC1E9468
:1088E000039307930E9310930B9353461D4613F86F
:1088F000012B0AB1252AF9D1B5EB0A060DD0209B30
:10890000334420931F9B0133072BC4E900A61F9318
:1089100075DC08340B9B33440B932B78002B01F050
:10892000F48000226B1C8DF85B204FF0FF360A921A
:10893000154613F8012B04920893049B203B5A2BF5
:1089400000F26B85DFE813F09D0069056905A5005D
:10895000690569056905850069056905A800B20012
:108960006905AF00B4006905CF00D200D200D20083
:10897000D200D200D200D200D200D200690569052F
:10898000690569056905690569054C0169050B01FA
:108990001D014C014C014C0169056905690569051A
:1089A000E500690569056204690569056905AC04A6
:1089B0006905CB0469056905EE0469056905690562
:1089C000690569056905690569054C0169050B01BA
:1089D0001F014C014C014C01E8001F010501690514
:1089E000FE006905430464049A0405016905AC04AA
:1089F0009B00CD0469056905650069059B00029827
:108A00001EAA594601F0C2F8002840F03B8121AC73
:108A100080E74B4B129315F0200300F08684073754
:108A200027F007031A46D3F8048052F8087B059212
:108A3000EB070AD557EA080307D030238DF85C30DE
:108A4000049B8DF85D3045F0020525F48065022316
:108A5000EDE3029801F0D8F9436810931846F7F750
:108A60008FFC0E90029801F0CFF9836807930E9B5C
:108A70002BB1079B1BB11B780BB145F48065089B9C
:108A800057E79DF85B30002BF9D120238DF85B3040
:108A9000F5E745F00105F2E757F8043B0A93002B90
:108AA000EDDA5B420A9345F00405E8E72B23EDE796
:108AB000089B13F8012B04922A2A11D157F8046B52
:108AC000089346EAE676DAE701FB062613F8012B5F
:108AD0000492049A303A092AF6D946EAE6762BE758
:108AE00000260A21F5E745F08005C8E700230A9330
:108AF0000A22049B0A99303B02FB01330A93089B2C
:108B000013F8011B0893A1F13003092B0491F0D94C
:108B100013E745F00805B2E7089B1B78682B01BFF7
:108B2000089B0133089345F4007518BF45F04005D4
:108B3000A5E700BFAFF300800000000000000000C8
:108B4000A4C60008089B1B786C2B05D1089B013339
:108B5000089345F0200592E745F010058FE73A4667
:108B600052F8043B8DF8C430002305928DF85B3039
:108B7000994601260C93984606931F460DF1C40AA8
:108B800087E145F01005AB0614D5073727F007033A
:108B90001A46D3F8048052F8087B0592B8F1000F0A
:108BA00006DA7F424FF02D0368EB48088DF85B3002
:108BB00001233FE33A46E80652F8043B059203D509
:108BC0001F464FEAE378E9E7690603D51FB243F38E
:108BD000C038E3E7AA05F3D55FB243F3C018DDE779
:108BE000073727F00703B3EC028B9FED5F7BB0EEF6
:108BF000C86BB4EE476BF1EE10FA059317DDB5EED6
:108C0000C08BF1EE10FA02D52D238DF85B30584A57
:108C1000584B049925F080054729CCBF92469A46C7
:108C20004FF000090326CDF8309000F0A5BFB4EE58
:108C3000488BF1EE10FA09D718EE903A002BBCBF22
:108C40002D238DF85B304C4A4C4BE2E7049B612BA3
:108C500023D0412B23D158233022632E8DF85C2062
:108C60008DF85D3045F0020525DD0298711CFFF797
:108C7000BDFB8246002868D1BBF80C3043F04003AE
:108C8000ABF80C30BBF80C305B063FF519AE0B9817
:108C90004BB0BDEC048BBDE8F08F7823DCE7771C8C
:108CA00055D0049B23F02003472B01D1002E52D036
:108CB0004FF0000903E04FF000090DF1C40A45F43C
:108CC00080730C9318EE903A002B47DAB1EE489B74
:108CD0002D230D93049B23F02008B8F1410F40F0A1
:108CE000B281B0EE490B18A801F0C2F8B4EE007BD7
:108CF00020EE070BB5EE400BF1EE10FA04BF012396
:108D000018931F491F4B049AB3EE007B612A08BFDA
:108D10001946013E534620EE070BFDEEC06B16EEE2
:108D2000902A885C03F8010B701CB8EEE66B30EEFD
:108D3000460B29D0B5EE400BF1EE10FA06F1FF32EA
:108D400010D11A469819302774E18146B7E74FF0E1
:108D500000090626B3E7B1460126B0E70023B0EECE
:108D6000489BB6E71646D6E7FFFFFFFFFFFFEF7F02
:108D700098C6000894C60008A0C600089CC6000853
:108D8000B5C60008A4C60008B6EE007BB4EEC70B5B
:108D9000F1EE10FA06DCB4EE470BF1EE10FAD0D18A
:108DA000D707CED5CE7B1C9330271C98421E1C9231
:108DB00010F8012CB24200F03881392A16BF013276
:108DC0008A7AD2B200F8012CA3EB0A030393049928
:108DD0009DF81020189821F02001412908BF0F327A
:108DE00000F1FF3306BFD2B201210021002B1893FE
:108DF000B8BFC0F101038DF86820B4BF2D222B222B
:108E0000092B8DF8692040F386810DF177000A2740
:108E10000246B3FBF7F607FB1631303102F8011CAE
:108E20001946632900F1FF303346F1DC3033911EDF
:108E300000F8013C0DF169060B460DF17700834205
:108E4000C0F064810DF179039B1A814288BF002331
:108E50000DF16A021A441AABD31A1193039B119AAB
:108E6000012B03EB020601DCEA0701D5099B1E4436
:108E700025F480654FF0000845F480730C93CDF81D
:108E8000188047460D9B002B40F09D8100230C9DD0
:108E90000C930C9BB342B8BF33460D939DF85B30E7
:108EA00013B10D9B01330D9315F0020313931EBFF5
:108EB0000D9B02330D9315F08403149320D10A9B6C
:108EC0000D9A9B1A002B1BDDDDE91F2CA5492160A3
:108ED000102B02F1010204F1080000F3AA820CEB4E
:108EE0000301072ACDE91F21636040F3B78202988E
:108EF0001EAA594600F04AFE002840F0E48521AC45
:108F00009DF85B20209B6AB10DF15B02226001227B
:108F1000134420931F9B62601344072B1F9300F39D
:108F20009F820834139A209B62B117AA2260022202
:108F3000134420931F9B62600133072B1F9300F3A0
:108F400099820834149B802B20D10A9B0D9A9B1A7E
:108F5000002B1BDDDDE91F2C83492160102B02F162
:108F6000010204F1080000F38F820CEB0301072AD1
:108F7000CDE91F21636040F39C8202981EAA5946E6
:108F800000F004FE002840F09E8521AC0C9B9B1B4A
:108F9000002B0C931CDD0C98DDE91F231028724870
:108FA000206002F1010204F1080100F384820C98B0
:108FB00060600344072ACDE91F2340F391820298A1
:108FC0001EAA594600F0E2FD002840F07C8521AC45
:108FD000E905209B00F18A82334420931F9B0133D3
:108FE000072BC4E900A61F9300F3C28208346A0766
:108FF00000F14B85DDE90A230D998A42ACBF9B182D
:109000005B180B93209B3BB102981EAA594600F0B7
:10901000BDFD002840F0578500231F93B9F1000FD4
:1090200040F06D85059F21ACDAE000F8017CBCE6DC
:1090300002F8017B811A0029FADA721C0136B8BFE6
:1090400000221344C0E6B8F1460F05D0B8F1450F31
:109050002FD1771C022101E0374603211CAB01937D
:1090600019AB00930298B0EE490B18AB3A4600F0EA
:10907000FBFFB8F1470F82462DD1E8071BD41C9B9C
:10908000189FA3EB0A03B8F1470F039336D0B8F14A
:10909000460F7FF49CAE05F00103002F43EA060360
:1090A00053DD002B5BD0099BFB181E446623049301
:1090B0005FE03746CEE70AEB0703B5EE409BF1EEE3
:1090C00010FA08BF1C9330211C9A9342D7D9501C28
:1090D0001C901170F8E7B8F1460F00EB0703ECD1D4
:1090E0000278302A07D1B5EE409BF1EE10FA1CBF92
:1090F000C7F101071897189A1344DEE7F91C01DB42
:10910000BE4215DA049B023B049360E613F8017B30
:1091100006F8017F93E641B930228DF86A200DF1FF
:109120006B02303302F8013B95E60DF16A02F8E775
:10913000039BBB420DDD039B099A002F03EB020644
:109140000BDCC7F101031E4407E07BB1099B01332F
:10915000ABE7EB0722D5099BFE186723A7E73E463E
:10916000A4E700BFEDC70008DDC70008662304932D
:10917000012615F48063069322D04FF00008002FDB
:10918000CDF818807FF77EAE079B1B78FF2B07D1A9
:10919000069B0E9A434402FB036673E63E46DCE7F9
:1091A000BB42F5DAFF1A079B5B7833B1069B0133AC
:1091B0000693079B01330793E6E708F10108E3E70D
:1091C000DDF818805EE62D238DF85B305EE6AE0696
:1091D0000AD50B9A3B680B99D217C3E900120437E2
:1091E000DDF820A0FFF781BBE80603D53B680B9AAA
:1091F0001A60F4E7690603D53B680B9A1A80EEE71C
:10920000AA05F3D53B680B9A1A70E8E745F01005FC
:1092100015F020031FD0073727F007031A46D3F8AD
:10922000048052F8087B059225F480650023002213
:109230008DF85B20002EC0F2738425F08002069228
:1092400057EA080240F07184002E00F0DE80012B06
:1092500040F06E8483E03A4615F0100852F8047B23
:10926000059201D09846DFE715F0400301D0BFB268
:10927000DAE715F40078D7D0FFB2F3E73B4678225F
:1092800053F8047B059347F63003ADF85C30954BFB
:1092900012934FF0000845F0020502230492C6E73E
:1092A0003B46002753F804AB0593BE428DF85B7034
:1092B0000FDB324639465046F7F712F88146002850
:1092C0003FF4B1ACA0EB0A06B9460C97B846069736
:1092D000DFE55046F7F754F8B9460646A3E445F0F3
:1092E000100515F020030AD0073727F007031A46A8
:1092F000D3F8048052F8087B0592012397E73A4699
:1093000015F0100852F8047B059201D09846F4E756
:1093100015F0400301D0BFB2EFE715F40078ECD0B0
:10932000FFB2F3E7704BFFF775BB3A4615F0100834
:1093300052F8047B059202D09846FFF779BB15F0EE
:10934000400302D0BFB2FFF773BB15F400783FF4BF
:109350006FABFFB2F0E70A2F78F1000306D2303787
:10936000FFB28DF827710DF2271AFEE30023039355
:10937000069B03F480634AAD0C930A22002338460F
:109380004146F7F705F8303205F8012C039A01320F
:1093900003920C9A0346894605F1FF3A0AB3079AED
:1093A0000399127891421CD1FF291AD00A2F78F123
:1093B0000008C0F0DA830E9B0390AAEB030A1A465A
:1093C0001099504600F00DFD079B5A78039B1AB187
:1093D000079A01320792002203921F46C84655465B
:1093E000CBE70A2F78F10008F7D2BEE307F00F03AE
:1093F000129A3F09D35C0AF8013D47EA08774FEA21
:10940000181857EA0803F1D1AFE31BB9E80701D5F3
:109410003027A6E70DF5947AA7E3049B002B00F014
:1094200074838DF8C43000238DF85B300597FFF707
:109430009FBB10216160072A6144CDE91F210ADD2D
:10944000029815931EAA594600F0A0FB002840F090
:109450003A83159B21A8103B044635E504464FE5A9
:1094600002981EAA594600F091FB002840F02B8379
:1094700021AC57E502981EAA594600F087FB002848
:1094800040F0218321AC5DE510216160072A614431
:10949000CDE91F210ADD029813931EAA594600F058
:1094A00075FB002840F00F83139B21A8103B044656
:1094B00050E504466AE510200344072ACDE91F233E
:1094C000606008DD02981EAA594600F05FFB002884
:1094D00040F0F98221A90C9B103B0C930C465AE5F5
:1094E0000C4675E5A4C60008B5C60008049A652AAE
:1094F00040F33E82B5EE408BF1EE10FA69D1724A2C
:1095000022600122134420931F9B62601344072BA7
:109510001F9337DC0834189B039A934202DBEA0757
:109520007FF565AD0F9B2360099B099A6360209BC3
:10953000134420931F9B0133072B1F932CDC08340B
:10954000039B5E1E002E7FF752AD604F4FF0100858
:10955000DDE91F32102E03F1010304F10801276039
:1095600024DC6660072B1644CDE91F3640F38A825F
:1095700002981EAA594600F009FB002840F0A38279
:1095800021AC34E502981EAA594600F0FFFA0028E3
:1095900040F0998221ACBEE702981EAA594600F01D
:1095A000F5FA002840F08F8221ACC9E71032072B72
:1095B000CDE91F32C4F8048008DD02981EAA59467E
:1095C00000F0E4FA002840F07E8221A9103E0C460B
:1095D000BEE7189A002A7BDC3B4A22600122134432
:1095E00020931F9B62601344072B1F9346DC0834B3
:1095F0000399189B209A0B4305F001010B433FF49C
:10960000F6AC0F9B2360099B63601A441F9B20925A
:109610000133072B1F933BDC04F10803189E002E37
:109620001BDA2A4F76421A461024DDE91F10102E4D
:1096300001F1010103F10803176033DC56600729CB
:109640000644CDE91F1608DD02981EAA594600F00F
:109650009DFA002840F0378221AB039A5A600399A3
:10966000209AC3F800A00A4420921F9A0132072AC8
:109670001F923FF77DAF03F10804B8E402981EAAD9
:10968000594600F083FA002840F01D8221ACAFE774
:1096900002981EAA594600F079FA002840F0138279
:1096A00021ABBBE710300729CDE91F10546008DD5E
:1096B00002981EAA594600F069FA002840F0038279
:1096C00021AB103E1A46B0E7C6C60008DDC7000849
:1096D000039ABA42A8BF3A46002A16460ADD134446
:1096E00020931F9B0133072BC4E900A21F9300F3B3
:1096F0008C800834002EACBFBE1B3E46002E1ADD07
:10970000DDE91F3299482060102E03F1010304F1B6
:10971000080100F384806660072B1644CDE91F36EC
:1097200040F3908002981EAA594600F02FFA0028B4
:1097300040F0C98121AC6B0557440CD5069B002B2A
:1097400000F38280B8F1000F00F38180039B534443
:109750009F4228BF1F46189B039A934201DBEE07E6
:109760000ED50F9B2360099B099A6360209B1344CD
:1097700020931F9B0133072B1F9300F3E3800834D2
:10978000189B039AA2EB03080AEB0203DB1B984524
:10979000A8BF9846B8F1000F209B0ADD43442093F0
:1097A0001F9B0133072BC4E900781F9300F3D4807B
:1097B0000834189E039BB8F1000FA3EB0606A8BF60
:1097C000A6EB0806002E7FF712AC684F4FF010088A
:1097D000DDE91F32102E03F1010304F108012760B7
:1097E0007FF7BFAE1032072BCDE91F32C4F80480DB
:1097F00008DD02981EAA594600F0C8F9002840F07A
:10980000628121A9103E0C46E2E702981EAA594641
:1098100000F0BCF9002840F0568121AC6AE7102026
:109820000244072BCDE91F32606008DD02981EAAB2
:10983000594600F0ABF9002840F0458121A9103EBF
:109840000C465DE70C4676E7B8F1000F4ADD08F1FB
:10985000FF38109B23600E9B0E9A6360209B13447D
:1098600020931F9B0133072B1F9342DC0834039B7B
:109870005344DA1B079B1B789A42A8BF1A46002A5A
:10988000209B049209DD134420931F9B0133072B77
:10989000C4E900721F9336DC0834079B1E78049BD2
:1098A000002BA8BFF61A002E18DDDDE91F322F4865
:1098B0002060102E03F1010304F108012DDC666025
:1098C000072B1644CDE91F363ADD02981EAA5946E9
:1098D00000F05CF9002840F0F68021AC079B1B7873
:1098E0001F442BE7079B013B0793069B013B069315
:1098F000AFE702981EAA594600F048F9002840F048
:10990000E28021ACB3E702981EAA594600F03EF966
:10991000002840F0D88021ACBFE710200244072B7C
:10992000CDE91F32606008DD02981EAA594600F09A
:109930002DF9002840F0C78021A9103E0C46B4E75D
:109940000C46CBE702981EAA594600F01FF90028E2
:1099500040F0B98021AC13E702981EAA594600F0E6
:1099600015F9002840F0AF8021AC22E7DDC70008E0
:1099700003981F99012803F1010201F1010104F18B
:10998000080301DCE80772D501200729CDE91F1281
:10999000C4F800A0606008DD02981EAA594600F0D5
:1099A000F5F8002840F08F8021AB0F9A1A60099AD1
:1099B00009995A60209A0A4420921F9A0132072A74
:1099C0001F9225DC08330398B5EE408BF1EE10FAB8
:1099D000DDE91F1200F1FF3423D00AF10100C3E9D1
:1099E000000403980131013A02440729CDE91F120E
:1099F00046DD02981EAA594600F0C8F8002862D138
:109A000021AB1AAA1A60119A5A601199209A2AE673
:109A100002981EAA594600F0B9F8002853D121AB8C
:109A2000D1E7039A012AECDD564E1027DDE91F210C
:109A3000102C02F1010203F108001E6007DC5C60DB
:109A4000072A0C44CDE91F24D3DC0346D9E71031A3
:109A5000072ACDE91F215F6006DD02981EAA59463C
:109A600000F094F878BB21A8103C0346DEE7012003
:109A70000729CDE91F12C4F800A06060C1DDB8E776
:109A80000833BEE70C46FFF7B2BA0A9B0D9A9D1A3F
:109A9000002D7FF7AFAA3C4E1027DDE91F32102DB5
:109AA00003F10103266018DC6560072B1544CDE93E
:109AB0001F357FF79FAA02981EAA594600F066F844
:109AC00000283FF497AAB9F1000F3FF4DBA80298F1
:109AD0004946FEF7CBFBFFF7D5B81032072BCDE98F
:109AE0001F32676002DC0834103DD6E702981EAAD8
:109AF000594600F04BF80028E5D121ACF4E7029874
:109B00004946FEF7B3FBFFF78DBA209B002B3FF4CD
:109B1000B9A802981EAA594600F038F8FFF7B2B863
:109B200057EA080206953FF492AB012B3FF413ACC1
:109B3000022B0DF5947A3FF459AC07F00703FF08A8
:109B400047EA48774FEAD808303357EA08015246C7
:109B50000AF8013DF1D10699CD0706D5302B04D086
:109B600030230AF8013CA2F1020A4AAB069D0C968A
:109B70004FF00009A3EB0A06C846CDF818904F46EF
:109B8000FFF787B9DDC70008EDC700082DE9F041F0
:109B9000156806460F461446A36808352BB9002001
:109BA0000023C4E90133BDE8F08163685A1E002B2D
:109BB0006260F4DD55F8048CB8F1000FECD0434638
:109BC00055F8082C3946304601F0BEFA431CE7D060
:109BD000A268A2EB0802A260DEE770B505460C465B
:109BE000B9B118B1436B0BB9FEF764F9626EB4F901
:109BF0000C30D60704D498050ED4A06DFEF7C0FA39
:109C0000B4F90C3043B9636ED90702D4A06DFEF7E6
:109C1000B8FA0026304670BD2146284600F034F8D8
:109C2000E36A064633B1E169284698470028B8BF81
:109C30004FF0FF36A3891A0603D521692846FEF79F
:109C400015FB216B41B104F14003994202D0284633
:109C5000FEF70CFB00232363616C21B12846FEF75D
:109C600005FB00236364FEF719F90023A381636EEB
:109C7000DB0702D4A06DFEF784FAA06DFEF77FFA31
:109C8000FEF712F9C6E700002DE9F0410546B1F9EB
:109C90000C0006070C4657D440F400638B814B68D8
:109CA000002B02DCCB6B002B4CDDA66A002E49D0CA
:109CB000002310F480522F68E1692B6034D0226DAC
:109CC000A389590705D56368D21A236B0BB1E36BDF
:109CD000D21A0023A66AE1692846B047431C06D180
:109CE0002A681D2A48D82B4BD340DE0744D5B4F947
:109CF0000C3023F40062A28100226260D904226940
:109D0000226004D5421C01D12B6803B92065216B68
:109D10002F60B9B104F14003994202D02846FEF702
:109D2000A5FA002323630DE001232846B04702462D
:109D3000501CC5D12B68002BC2D01D2B01D0162B77
:109D40001AD12F6000201EE00F69002FFAD0830780
:109D50000E6808BF4B690F6018BF0023A6EB070809
:109D60008B60B8F1000FEDDDE169666A43463A4663
:109D70002846B047002808DCB4F90C3043F0400313
:109D8000A3814FF0FF30BDE8F0810744A8EB000845
:109D9000E7E700BF0100402038B50C46054618B182
:109DA000436B0BB9FEF786F8B4F90C00B8B1636EDB
:109DB000DB0704D4810502D4A06DFEF7E1F9284643
:109DC0002146FFF761FF636EDA07054605D4A389D4
:109DD0009B0502D4A06DFEF7D4F9284638BD054690
:109DE000FBE710B50139034632B111F8014F03F812
:109DF000014B013A002CF7D11A440021934200D1C3
:109E000010BD03F8011BF9E7004870476407002400
:109E100038B5064D0023044608462B60F6F7B6FD1C
:109E2000431C02D12B6803B1236038BD5C4E002473
:109E300038B5074D074C641BA4101CB9BDE8384069
:109E400002F076BB013C55F824309847F5E700BF97
:109E500034CA000838CA0008082808B506D0FEF73A
:109E600063F9162303604FF0FF3008BD8020FCE744
:109E7000002210EE901A0260154A21F0004393422E
:109E800021D810EE102A1A431DD0124A0A4052B9A6
:109E90009FED0D7B20EE070B10EE901A6FF0350250
:109EA00021F00043026002681B15A3F2FE331A443E
:109EB0006FF31E51026053EC102B41F07F5343F4BB
:109EC000001343EC102B70470000000000005043CB
:109ED000FFFFEF7F0000F07F2DE9F047DFF874A06F
:109EE0000646DAF8000098460F469146FEF748F914
:109EF000164B1C680CB9164C1C606568DAF800003B
:109F00001F2D05DDFEF73DF94FF0FF30BDE8F0876E
:109F10009EB104EB85010122C1F88890D4F8883104
:109F2000AA401343C4F88831022EC1F8088102BF49
:109F3000D4F88C311343C4F88C316B1C0235636048
:109F400044F82570FEF71DF90020DFE7644E002479
:109F50009C4E0024600200242DE9F74F03690C6930
:109F6000A34207467EDB013C01F11408A30000F187
:109F70001405009305EB8403019358F8243055F839
:109F8000242001339A4208EB8409B2FBF3F62ED366
:109F90004FF0000AC446AE46D3465CF8043B98B284
:109FA00006FB00A0020C1B0C06FB0323DEF80020BE
:109FB00080B292B2121A5A44DEF800004FEA134AF5
:109FC0009BB2C3EB224303EB104392B242EA03423B
:109FD000E1454EF8042B4FEA234BDED2009BEB58B1
:109FE0002BB9019B043B9D421A462FD33C61384656
:109FF00000F0A2FF002825DB2946002058F8042B9A
:10A00000D1F800C01FFA82FE1FFA8CF3A3EB0E03F7
:10A010000344120CC2EB234202EB1C429BB243EA04
:10A020000243C14541F8043B4FEA2240E6D255F8CD
:10A03000242005EB840322B9043B9D421A460BD32E
:10A040003C610136304603B0BDE8F08F1268043B36
:10A05000002ACBD1013CC6E71268043B002AEFD1AD
:10A06000013CEAE70020EEE72DE9F04F2DED028BF1
:10A0700091B08DED020B0791816B1C9E099255ECFE
:10A08000104B81460D9349B1C26B4A600123934046
:10A090008B6000F052FD0023C9F838302B1EBBBF87
:10A0A00023F00043039300230122ACBF33603260EE
:10A0B0008F4B039EB34314D10D9A42F20F7313607A
:10A0C000C6F31303234300F0E5841D9B894F13B1AE
:10A0D000FB1C1D9A1360384611B0BDEC028BBDE825
:10A0E000F08F9DED028BB5EE408BF1EE10FA09D1A9
:10A0F0000D9A012313601D9B13B11D9A7E4B1360B3
:10A100007E4FE8E70EAA0FA94846B0EE480B00F0D4
:10A11000C3FFC6F30A530E9A0190002B45D0B0EE50
:10A12000487B18EE901AC1F3130141F07F5141F4BE
:10A130004011A3F2FF33002507EE901AB7EE086B2B
:10A140009FED655B37EE467B9FED656BA7EE056B7C
:10A150009FED655B07EE903AB8EEE74BB0EE467BBD
:10A16000A4EE057BFDEEC76BB5EEC07BF1EE10FAF9
:10A1700016EE908A08D5B8EEE66BB4EE476BF1EEBA
:10A1800010FA18BF08F1FF38B8F1160F2BD85C4948
:10A1900001EBC80191ED007BB4EEC78BF1EE10FA34
:10A1A00001D508F1FF3800211EE00F9B134403F294
:10A1B00032412029C1BFC1F140018E4003F212415A
:10A1C00024FA01F1D6BFC1F12001314304FA01F1B3
:10A1D00007EE901AB8EE677B013B17EE901A012547
:10A1E000A1F1F871A8E70121D21A531E069345BFC9
:10A1F000C2F101030493002300234CBF0693049390
:10A20000B8F1000F0C9118DB069BCDF82880434471
:10A2100006930023079A092A46D8052AC4BF043AA0
:10A220000792079AA2F10202CCBF00240124032A5C
:10A2300045D8DFE802F03537170B049B0022A3EB6B
:10A24000080304930A92C8F10003E3E7012208928D
:10A25000099A08EB020B0BF1010A5246012AB8BF1A
:10A26000012206E001220892099A002A2ADD93467B
:10A2700092460021042000F11406964229D9C9F81B
:10A280003C104846059300F033FC059B0746002828
:10A290003CD11C4B024640F2AF111B4800F0CAFFF4
:10A2A0000022E0E70022D2E701240022CDE90724C2
:10A2B0004FF0FF3B0021DA4612220991D9E7012233
:10A2C0000892F5E74FF0010BDA465A46CDF824B074
:10A2D000CFE701314000CEE761436F63A787D23FEC
:10A2E000B3C8608B288AC63FFB799F501344D33F85
:10A2F0000000F07FD1C60008C7C60008C6C6000827
:10A3000038C80008D5C60008E6C60008BAF10E0F26
:10A31000C9F838006ED8002C6CD0B8F1000F40F3AB
:10A32000B480C94A08F00F0102EBC10218F4807F23
:10A3300092ED007B4FEA281100F09B80C34A92ED1A
:10A34000086B88EE066B8DED026B01F00F010322A6
:10A35000BE48002940F08F809DED026B86EE077BA2
:10A360008DED027B0C999DED027B002900F0B380FE
:10A37000B7EE006BB4EEC67BF1EE10FA40F1AB80A5
:10A38000BAF1000F00F0A780BBF1000F30DDB2EE94
:10A39000046B27EE067B8DED027B08F1FF31059102
:10A3A00001325C469DED026BB1EE0C5B07EE902A2C
:10A3B000B8EEE77BA7EE065B15EE902A51EC150B85
:10A3C000A2F15071002C40F08A80B1EE047B36EE91
:10A3D000476B41EC170BB4EEC76BF1EE10FA00F3CC
:10A3E0006B82B1EE477BB4EEC76BF1EE10FA23D46B
:10A3F0008DED028B0F9A002AC0F22A81B8F10E0F60
:10A4000000F32681904B03EBC80393ED006B099B8F
:10A41000002B80F2C880BAF1000F00F3C4800BD18A
:10A42000B1EE047B26EE076B9DED027BB4EEC76BAD
:10A43000F1EE10FAC0F23D8200242546099BDB4371
:10A4400005933E464FF000082146484600F075FB54
:10A45000002D00F0A280B8F1000F05D0A84503D070
:10A460004146484600F069FB2946484600F065FB36
:10A4700093E002226CE7CC0704D590ED006B01322B
:10A4800027EE067B4910083063E722D0C8F10001AF
:10A490006D4A01F00F0002EBC00292ED007B28EE46
:10A4A000077B8DED027B694809110024022229B93E
:10A4B000002C3FF457AF8DED027B53E7CE0705D557
:10A4C00090ED006B0132012427EE067B4910083025
:10A4D000EDE7022246E7CDF81480544662E75A4A77
:10A4E00002EBC40212ED024B089A41EC170B3C44FC
:10A4F0004AB3B6EE003BB7EE002B3E4683EE045B5C
:10A50000B2EE043B35EE477BFDEEC64B14EE902ACF
:10A51000B8EEE45B303236EE456BB4EEC76BF1EE6D
:10A5200010FA06F8012B38D432EE465BB4EEC75B66
:10A53000F1EE10FA6ED4A6423FF45AAF27EE037B39
:10A5400026EE036BE0E721463E4627EE047BB2EEA3
:10A55000043BFDEEC64B14EE902A303206F8012B78
:10A56000A642B8EEE45B36EE456B19D1B6EE005B61
:10A5700037EE054BB4EEC46BF1EE10FA4ADC35EE63
:10A58000475BB4EEC56BF1EE10FA7FF531AF0E46C6
:10A59000013916F8013C302BF9D0DDF8148027E0A2
:10A5A00026EE036BD5E79DED027BB2EE044B3E46F3
:10A5B00087EE065BBDEEC55B15EE103A303306F84C
:10A5C000013BF31B9A45B8EEC53BA3EE467B32D167
:10A5D00037EE077BB4EEC67BF1EE10FA18DCB4EE72
:10A5E000467BF1EE10FA03D115EE103ADB070FD4DB
:10A5F0000199484600F0A1FA00230D9A337008F142
:10A60000010313601D9B002B3FF465AD1E6062E5E6
:10A61000CDF8148033461E4613F8012D392A06D191
:10A620009F42F8D1059A0132059230223A701A7889
:10A6300001321A70B1E727EE047BB5EE407BF1EEF4
:10A6400010FAB5D1D4E700BF38C8000810C8000818
:10A650000899002900F0E9800799012900F3CB80CF
:10A66000002D00F0C48002F23342049E1C46059384
:10A67000049B13440493069B01211344484606930C
:10A6800000F0F6FA059B054666B1069A002A09DD38
:10A69000B2420499A8BF3246891A04910699B61AA3
:10A6A0008A1A06920BB3089A002A00F0C580002C83
:10A6B00000F0BF802946224648460B9300F090FBED
:10A6C000019A01460546484600F0E8FA01990590CE
:10A6D000484600F032FA0B9B1B1B00F0B080059936
:10A6E0001A46484600F07CFB01900121484600F0E4
:10A6F000BFFA0A9B0446002B00F0D5811A4601469A
:10A70000484600F06DFB079B012B044600F3A08038
:10A71000029B002B40F09680039BC3F31302002A98
:10A7200040F0928023F00042120D1205002A00F042
:10A730008D80049B01330493069B01330693012310
:10A740000B930A9B002B00F0B481226904EB820278
:10A75000106900F041FAC0F12000069B184410F087
:10A760001F0000F08180C0F12002042A73DD049BE9
:10A77000C0F11C0003440493069B06440344069363
:10A78000049B002B05DD01991A46484600F068FB42
:10A790000190069B002B05DD21461A46484600F035
:10A7A0005FFB04460C9B002B60D00198214600F013
:10A7B000C3FB00285ADA08F1FF33059301990023FF
:10A7C0000A22484600F0C2F9089B0190002B00F0D5
:10A7D0007281294600230A22484600F0B7F9BBF1EE
:10A7E000000F05466EDC079B022B48DC6AE00E9AE0
:10A7F000C2F1360239E70AF1FF34A34207DBBAF1AE
:10A80000000FA3EB04040BDB049E52462FE7E21A71
:10A810000A9B049E13440A9352462346002426E7CB
:10A82000049AA2EB0A06002221E7049E089D1C461A
:10A830002AE7019A059252E701991A4651E7059BCA
:10A84000019352E700237BE7029B79E70B9278E7BD
:10A8500000230B9379E793D0049B1C321344049399
:10A86000069B164413448AE70246F5E7BAF1000F47
:10A87000CDF81480D34621DC079B022B1EDDBBF1F3
:10A88000000F7FF4DBAD21465B460522484600F011
:10A890005DF901460446019800F04EFB00287FF761
:10A8A000CDAD3E46312306F8013B059B01330593B0
:10A8B000C8E5CDF8148054462546F2E7089B002BE6
:10A8C00000F0FD80002E05DD29463246484600F0A6
:10A8D000C7FA05460B9B002B57D06968484600F025
:10A8E00007F9064620B9804B024640F2EF21D4E436
:10A8F0002A690232920005F10C010C30FDF742FC8E
:10A9000001223146484600F0ABFA7B1C049307EB6A
:10A910000B030993029B03F00103A8460893054625
:10A92000049B0198214603F1FF3BFFF715FB4146CD
:10A93000029000F1300A019800F0FEFA2A460690D3
:10A940002146484600F014FBC2680646FAB90146A3
:10A95000019800F0F1FA0246314648460A9200F0AA
:10A96000ECF8079B0A9A049E42EA0301089B1943EC
:10A970000FD1BAF1390F28D0069B002B02DD029BC4
:10A9800003F1310A8BF800A05EE52846BDE70122FD
:10A99000E2E7069B002B04DB07990B4308990B4366
:10A9A00020D1002AEEDD01990122484600F058FA34
:10A9B0002146019000F0C0FA002803DCE2D11AF031
:10A9C000010FDFD0BAF1390FD9D139238BF800301C
:10A9D00033461E46013B16F8012C392A52D001326B
:10A9E0001A7031E5002A07DDBAF1390FEDD00AF10E
:10A9F00001038BF8003027E5049B099A03F801ACAA
:10AA0000934229D0019900230A22484600F09EF87B
:10AA1000A84501904FF000034FF00A024146484616
:10AA200007D100F093F880460546049B0133049358
:10AA300076E700F08BF82946804600230A22484634
:10AA400000F084F80546F0E7BBF1000FCCBF5E468E
:10AA500001263E444FF0000801990122484600F0CB
:10AA6000FFF92146019000F067FA0028B0DC02D11E
:10AA70001AF0010FACD133461E4613F8012D302ACF
:10AA8000FAD0E1E49F42A4D1059B01330593312321
:10AA90003B70D9E41D9B154F002B3FF41CAB07F115
:10AAA0000803FFF716BB079B012B7FF731AE0A9B0C
:10AAB0000B93012051E6BBF1000F7FF7DDAE3E4660
:10AAC00001982146FFF748FA00F1300A06F801AB79
:10AAD000F21B9345B8DD019900230A22484600F095
:10AAE00035F80190ECE700BFD5C60008C8C60008DD
:10AAF000436C70B505460C467BB16B6C53F8240073
:10AB0000A0B9012101FA04F6721D9200284600F056
:10AB1000AFFB48B1C0E901460BE02122042100F05F
:10AB2000A7FB68640028E8D1002070BD026843F8E4
:10AB300024200023C0E90333F7E731B1436C4A68AE
:10AB400053F82200086043F8221070472DE9F041C5
:10AB50000D6907460C461E4601F1140C0020DCF876
:10AB6000003099B202FB01611E0C0B0C02FB063394
:10AB700089B2013001EB034185424CF8041B4FEAD6
:10AB80001346ECDC0EB3A368AB4219DC61683846AF
:10AB90000131FFF7ADFF804628B902460C4B0D4846
:10ABA000BA2100F047FB2269023204F10C01920045
:10ABB0000C30FDF7E7FA21463846FFF7BEFF444662
:10ABC00004EB850301355E6125612046BDE8F08117
:10ABD000D5C600083EC70008B0F5803F034636BF23
:10ABE000030400201020B3F1807F3CBF1B0208301B
:10ABF000B3F1805F3CBF1B010430B3F1804F3CBF19
:10AC00009B000230002B05DB13F0804F00F10100A8
:10AC100008BF202070470368024613F007000BD0DE
:10AC2000D90721D4980749BF5B089B08012013600E
:10AC30005CBF13600220704799B209B91B0C102049
:10AC4000D9B209B908301B0A190704BF1B0904301F
:10AC5000990704BF9B080230D90703D45B0800F1B1
:10AC6000010003D013607047002070472020704718
:10AC700010B50C460121FFF73BFF024628B9054BF2
:10AC8000054840F2451100F0D5FA01234461036103
:10AC900010BD00BFD5C600083EC700082DE9F04F23
:10ACA00017460A693B699A42A8BF3B468946A4BF3A
:10ACB0000F4699463D69D9F810A0BB68796805EB45
:10ACC0000A06B34285B0B8BF0131FFF711FF30B9B2
:10ACD0000246414B41484FF4B17100F0ABFA00F12C
:10ACE000140404EB860E23460022734520D307F19B
:10ACF000140809F1140108EB850501EB8A0302939E
:10AD0000EB1B153B23F0030304331537BD4238BF5B
:10AD100004230193029B03918B420CD8002E03DD88
:10AD20005EF8043D002B55D0066105B0BDE8F08FFC
:10AD300043F8042BD9E7B1F800A0BAF1000F1FD0F7
:10AD4000C446A14600275CF8042BD9F800301FFA4E
:10AD500082FB9BB20AFB0B333B44D9F80070120C08
:10AD60003F0C0AFB027202EB13429BB243EA02431E
:10AD7000654549F8043B4FEA1247E4D8019BE75088
:10AD8000039BB3F802900431B9F1000F20D023687F
:10AD90004746A4464FF0000AB7F800B0BCF80220BE
:10ADA00009FB0B2252449BB243EA02434CF8043B9A
:10ADB00057F8043B4FEA134ABCF8003009FB0A334A
:10ADC00003EB1243BD424FEA134AE5D8019AA35060
:10ADD00004349FE7013EA1E7D5C600083EC700083E
:10ADE0002DE9F843154612F0030207460E4607D038
:10ADF0001A4C013A002354F82220FFF7A7FE06461A
:10AE0000AD1027D03C6C44B940F271213846FFF7B1
:10AE10002FFF00233864044603604FF00009EB075E
:10AE20000AD5314622463846FFF738FF314680467C
:10AE30003846FFF782FE46466D100BD0206838B9C1
:10AE4000224621463846FFF729FF2060C0F80090CF
:10AE50000446E4E73046BDE8F88300BF00C80008B8
:10AE60002DE9F0470C464968236903EB6218A36893
:10AE7000074691464FEA621A08F10106B3420BDB1E
:10AE80003846FFF735FE054648B90246284B2948A3
:10AE90004FF4EF7100F0CEF901315B00EEE70023D3
:10AEA00000F1140100F110021846534533DB20690C
:10AEB0002AEAEA7A04F1140319F01F0901EB8A0166
:10AEC00003EB800C2BD0C9F1200E8A4600221868B3
:10AED00000FA09F010434AF8040B53F8042B9C4580
:10AEE00022FA0EF2F3D8ACEB0403153B23F0030374
:10AEF000043304F11500604588BF0423CA500AB129
:10AF000008F10206013E38462E612146FFF715FE84
:10AF10002846BDE8F08742F8040F0133C5E704393D
:10AF200053F8042B41F8042F9C45F9D8EAE700BFF9
:10AF3000D5C600083EC700080A6903460069801AA2
:10AF400030B50ED11433143103EB820401EB8201CE
:10AF500054F8045D51F8042D954203D005D24FF00A
:10AF6000FF3030BDA342F3D3FBE70120F9E7000037
:10AF70002DE9F74F89460646114648461446FFF725
:10AF8000DBFF051E12D129463046FFF7B1FD024610
:10AF900028B93F4B40F237213E4800F04BF90123DE
:10AFA000C0E90435104603B0BDE8F08FBCBF4B4686
:10AFB000A1463046D9F80410BABF1C460125002529
:10AFC000FFF796FD024618B9314B40F24521E3E701
:10AFD000D9F810702669C56009F1100309F114054C
:10AFE00004F1140E00F1140B05EB87080EEB860636
:10AFF0000193D9464FF0000C019B5EF8040B53F807
:10B0000004AF01931FFA8AF3194683B2CB1A000CDE
:10B010006344C0EB1A4000EB23409BB243EA004379
:10B02000764549F8043B4FEA204CE5D8331B153BE5
:10B0300023F0030315340433A64238BF04231D4410
:10B040005B441E462C4644450ED308F10301491BC0
:10B0500021F00301033DA84538BF00210B4453F8FC
:10B06000041D91B117619DE754F8041BE646080CD6
:10B070001CFA81FC714400EB2C4089B241EA00418A
:10B0800046F8041B4FEA204CDDE7013FE7E700BF2D
:10B09000D5C600083EC700082DE9F7430F46012139
:10B0A00059EC108B1646FFF723FD044630B90246D3
:10B0B000234B244840F20F3100F0BCF8C9F30A5585
:10B0C000C9F313030DB143F480130193B8F10003E6
:10B0D00023D068460093FFF79EFDDDE90012D0B152
:10B0E000C0F1200302FA03F30B43C24063610192F3
:10B0F000019BA361002B0CBF012202222261A5B19A
:10B10000A5F2334505443D60C0F13500306020466E
:10B1100003B0BDE8F0836161EAE701A8FFF77BFDBA
:10B12000019B636120300122E8E704EB8203A0F277
:10B13000324038601869FFF74FFDC0EB4210E5E779
:10B14000D5C600083EC700082DE9F0478E681F46A7
:10B15000BE420B6882460C4690462DD8B1F90C20B1
:10B1600012F4906F26D06569096905EB4505A3EBDC
:10B17000010905EBD5757B1C4B446D109D4238BF12
:10B180001D46530527D52946FDF730F9064660B31D
:10B1900021694A46FCF7F6FFA38923F4906343F044
:10B1A0008003A381266165614E44A5EB09052660F5
:10B1B000A5603E46BE4200D93E4620683246414622
:10B1C00000F01DF8A3689B1BA36023683344236031
:10B1D0000020BDE8F0872A4600F092F806460028D5
:10B1E000E0D121695046FDF741F80C23CAF8003040
:10B1F000A38943F04003A3814FF0FF30E9E7884281
:10B2000010B501EB020402D98442234607D8431E3D
:10B21000A14208D011F8012B03F8012FF8E70244EE
:10B2200001468A4200D110BD13F8014D02F8014DCC
:10B23000F7E700001FB514461A46094B1B68054680
:10B24000D8684CB1074B0091CDE9013406492B4633
:10B2500000F00CFA01F094F8044B1C46F3E700BF31
:10B2600018010024A1C70008AEC70008DCC7000809
:10B2700038B5A1FB021535B9FDF7B8F8044638B961
:10B280000024204638BDFCF74FFF0C230360F7E78E
:10B2900050F8042C22F00302043A242A19D8132A65
:10B2A00015D91B2AC0E9005506D800F10803002271
:10B2B000C3E900229A60E4E7242AC0E9025511BFDD
:10B2C00000F11003056100F118034561EFE7034643
:10B2D000EDE72946FCF7DAFED3E782B001B901A910
:10B2E00042B14BB113780B601278101E18BF0120C9
:10B2F00002B070471046FBE76FF00100F8E700006E
:10B300002DE9F74F824693460C4629B9114603B002
:10B31000BDE8F04FFDF76AB8FDF7A2FA0BF10B0894
:10B3200054F8045CB8F1160FA4F1080925F00306DF
:10B3300008D938F0070807D50C23CAF800304FF0B9
:10B34000000B32E04FF01008C345F5D8464580F2B7
:10B3500074819E4BD3F808C009EB06018C45486800
:10B3600005D020F001020A445268D70749D420F0E2
:10B3700003008C4506EB00071BD108F11002BA420E
:10B3800041DC09EB0802A7EB080747F001079A60C8
:10B39000576054F8043C03F0010343EA080344F8FF
:10B3A000043C5046FDF762FAA346584603B0BDE898
:10B3B000F08FB84527DCD1E90223D3609A60D9F831
:10B3C0000430A7EB08000F2803F0010309EB070284
:10B3D00040F2358109EB080148EA030340F001001F
:10B3E000C9F804304860536843F0010353600831E2
:10B3F0005046FCF73BFF5046FDF738FA09F1080BC1
:10B40000D3E700200146EA0700F1C78054F8085C42
:10B41000A9EB05056A6822F0030232440192002973
:10B4200000F086808C4500EB020749D108F110023C
:10B43000BA427DDCAB46EA685BF8081FCA609160DF
:10B44000321F242A36D8132A32D92168A9606168AC
:10B45000E9601B2A1AD8083405F11002216811602E
:10B4600061685160A168916005EB0802A7EB0807CD
:10B4700047F001079A6057606B6803F0010343EAE5
:10B4800008036B605046FDF7F1F98EE7A16829616A
:10B49000E1686961242A01BF2269AA616169E961E1
:10B4A00019BF103405F1180205F120021834D5E750
:10B4B0005A46D3E721465846FFF7A1FE434BD3E750
:10B4C000B84535DCD1E902232846D3609A6050F8AC
:10B4D000082FEB68D3609A60321F242A24D8132ADD
:10B4E00008D92368AB606368EB601B2A0AD808346C
:10B4F00005F110002368036063684360A3688360FC
:10B50000A9465CE7A3682B61E3686B61242A01BF4D
:10B510002369AB616369EB6119BF103405F1180051
:10B5200005F120001834E5E72146FFF768FEE7E75C
:10B53000019B984531DC2846EB6850F8082FD36012
:10B540009A60321F242A24D8132A08D92368AB60B2
:10B550006368EB601B2A0AD8083405F110002368E1
:10B56000036063684360A3688360019FC8E7A368C2
:10B570002B61E3686B61242A01BF2369AB616369B6
:10B58000EB6119BF103405F1180005F120001834E3
:10B59000E5E72146FFF733FEE7E759465046FCF75B
:10B5A00025FF834618B95046FDF760F9C7E654F801
:10B5B000043C23F001034B44A0F10802934207D15D
:10B5C00050F8047C27F003073744F8E66C020024A7
:10B5D000321F242A2DD8132A28D9236803606368D0
:10B5E00043601B2A0ED804F1080200F10803116819
:10B5F00019605168596092689A6021465046FCF77C
:10B6000035FE3FE7A3688360E368C360242A01BF77
:10B61000236903616169416119BF04F1100200F1FE
:10B62000100304F1180200F11803E0E70346224674
:10B63000DDE72146FFF7E3FDDFE73746BFE61F43BF
:10B64000C9F80470536843F001035360D3E600BFA8
:10B650000346084641B1FF2A04D98A221A604FF0F6
:10B66000FF3070470A700120704700000EB403B528
:10B67000014603AB054853F8042B0068019300F022
:10B6800007F802B05DF804EB03B07047180100241E
:10B690002DE9F04FBBB00F4693461C461D46009067
:10B6A00018B1436B0BB9FCF705FC7B6EDA0705D4C8
:10B6B000BB899B0502D4B86DFCF762FDB7F90C306D
:10B6C0009E0406D47A6E43F4005322F40052BB81E8
:10B6D0007A667B6E980408D5D90712D54FF0FF33F0
:10B6E000039303983BB0BDE8F08FBB891A0701D5DF
:10B6F0003B696BB90098394600F0ECFD40B17B6EB8
:10B70000EAE7BB899B05E9D4B86DFCF73AFDE5E7AC
:10B71000B7F90C3003F01A020A2A14D1B7F90E2037
:10B72000002A10DB7A6ED60704D49D0502D4B86DCA
:10B73000FCF727FD009823465A4639463BB0BDE842
:10B74000F04F00F02DBC0023CDE90F33CDE90533D8
:10B75000CDE9073311AE0E9603935B461C4613F8F2
:10B76000012B0AB1252AF9D1B4EB0B080DD0109B9F
:10B77000434410930F9B0133072BC6E900B80F9386
:10B7800075DC0836039B434403932378002B00F0B9
:10B79000C98300234FF0FF32CDE9012301348DF836
:10B7A00033309A46A3461BF8013BA3F120025A2AE4
:10B7B00000F21283DFE812F09A0010031003A200D7
:10B7C000100310031003820010031003A500AF0044
:10B7D0001003AC00B1001003CD00D000D000D000A9
:10B7E000D000D000D000D000D000D0001003100353
:10B7F0001003100310031003100310031003F600CE
:10B8000003011003100310031003100310031003AF
:10B8100010031003100351011003100310039801CB
:10B820001003770210031003970210031003100394
:10B830001003100310031003100310031003F6008D
:10B840000501100310031003DF000501F0001003D1
:10B85000EA001003310153018801F0001003980140
:10B8600098007902100310036500100398000098F7
:10B870000EAA394600F0D4FB002840F0328311AE06
:10B8800080E7984A05921AF0200200F02E820735D0
:10B8900025F00705A8466D6858F8084B1AF0010F07
:10B8A00009D054EA05021FBF30228DF834208DF8EC
:10B8B00035304AF0020A2AF4806A11E10098FEF756
:10B8C000A3FA436808931846F4F75AFD07900098C6
:10B8D000FEF79AFA83680693079B2BB1069B1BB170
:10B8E0001B780BB14AF4806A5C465BE79DF8333005
:10B8F000002BF9D120238DF83330F5E74AF0010A07
:10B90000F2E755F8043B0293002BEDDA5B42029319
:10B910004AF0040AE8E72B23EDE75A4612F8013B08
:10B920002A2B13D155F8043B43EAE3730193934662
:10B93000DAE712F8013B04FB0101A3F1300009280A
:10B94000F7D941EAE171019193462EE700210A24DB
:10B95000F3E74AF0800AC7E7002202920A21029A1E
:10B96000303B01FB023302931BF8013BA3F1300291
:10B97000092AF4D919E79BF80030682B06BF0BF1B0
:10B98000010B4AF4007A4AF0400AADE79BF8003018
:10B990006C2B04D10BF1010B4AF0200AA4E74AF00A
:10B9A000100AA1E7A846002458F8043B8DF884301B
:10B9B0008DF83340012301930DF18409A9E04AF089
:10B9C000100A1AF0200F11D0073525F00705A846F8
:10B9D0006D6858F8084B002D06DA64424FF02D03CD
:10B9E00065EB45058DF83330012348E0A8461AF091
:10B9F000100F58F8045B02D02C46ED17EBE71AF055
:10BA0000400F03D02CB245F3C035E4E71AF4007FB1
:10BA1000F2D06CB245F3C015DDE71AF0200F07D065
:10BA2000039A2B680399D217C3E90012043594E6F0
:10BA30001AF0100F03D02B68039A1A60F6E71AF079
:10BA4000400F03D02B68039A1A80EFE71AF4007FA7
:10BA5000F1D02B68039A1A70E8E74AF0100A1AF03E
:10BA600020031FD0073525F00705A8466D6858F854
:10BA7000084B2AF4806A002300228DF83320019AB3
:10BA8000002AC0F25C822AF08002049254EA050285
:10BA900040F05B82019A002A00F09581012B40F072
:10BAA000578239E1A8461AF0100558F8044B01D026
:10BAB0001D46DEE71AF0400301D0A4B2D9E71AF41C
:10BAC0000075D6D0E4B2F3E7A84647F63003ADF8E8
:10BAD000343058F8044B034B059300254AF0020A12
:10BAE0000223C9E7A4C60008019BA8460025AB4273
:10BAF00058F8049B8DF83350C0F2D0801A4629467E
:10BB00004846F4F7EDFB044618B1A0EB0903019396
:10BB10002C46019BA342B8BF234604939DF83330C3
:10BB200013B1049B013304931AF0020309931EBF5F
:10BB3000049B023304931AF084030A931FD1029BDF
:10BB4000049A9D1A002D1ADDA84B3360DDE90F2CF5
:10BB5000102D02F1010206F1080000F34D8175601D
:10BB6000072A6544CDE90F2540F3598100980EAAB4
:10BB7000394600F055FA002840F0B38111AE9DF827
:10BB80003310DDE90F3261B10DF133010133316062
:10BB900001210A44072BCDE90F32716000F3418186
:10BBA00008360999DDE90F3259B10DA90133316029
:10BBB00002210A44072BCDE90F32716000F33A816C
:10BBC00008360A9B802B1FD1029B049A9D1A002DD8
:10BBD0001ADD874B3360DDE90F2C102D02F10102D5
:10BBE00006F1080000F32F817560072A6544CDE94E
:10BBF0000F2540F33B8100980EAA394600F010FA59
:10BC0000002840F06E8111AE019BE41A002C1ADD71
:10BC1000DDE90F3276483060102C03F1010306F1A4
:10BC2000080100F325817460072B1444CDE90F341B
:10BC300040F32F8100980EAA394600F0F1F9002850
:10BC400040F04F8111AE019B019A7360109BC6F8C2
:10BC50000090134410930F9B0133072B0F9300F3B5
:10BC60001A8106F108031AF0040F40F01C81DDE987
:10BC7000022304998A42ACBF9B185B180393109B64
:10BC80003BB100980EAA394600F0CAF9002840F0EE
:10BC9000288100230F93454611AE5EE54846F4F730
:10BCA0006FFB019034E74AF0100A1AF0200308D025
:10BCB000073525F00705A8466D6858F8084B01239D
:10BCC000DAE6A8461AF0100558F8044B01D01D46D4
:10BCD000F5E71AF0400301D0A4B2F0E71AF40075BA
:10BCE000EDD0E4B2F3E7434ACCE5A8461AF01005DC
:10BCF00058F8044B01D01546D0E51AF0400201D0A7
:10BD0000A4B2CBE51AF400753FF4C8ADE4B2F2E793
:10BD10000A2C75F1000306D23034E4B28DF8E74006
:10BD20000DF1E70930E13AAB0993049B03F480631A
:10BD30004FF0000A0A930A22002320462946F4F70E
:10BD400027FB0B910999303201F8012C0A9A03461E
:10BD500001F1FF390AF1010A12B3069A127852452D
:10BD60001ED1BAF1FF0F1BD00A2C75F10005C0F0EF
:10BD70000B81079B0990A9EB03091A4608994846CD
:10BD8000FEF72FF8069B5A78099B12B1069A0132EA
:10BD900006924FF0000A0B9DCDF824901C46CAE78E
:10BDA0000A2C75F10005F6D2EEE004F00F03059AB7
:10BDB0002409D35C09F8013D44EA05742D0954EACD
:10BDC0000503F2D1E0E023B91AF0010F01D03024CD
:10BDD000A4E70DF1E809D7E0002B00F0A3800024D0
:10BDE0008DF884308DF83340A846E3E511CA000889
:10BDF00001CA0008B5C6000810217160072A614415
:10BE0000CDE90F2108DD00980EAA394600F008F9A7
:10BE1000002866D1604B11A8103D064695E60646FF
:10BE2000ADE600980EAA394600F0FAF8002858D17D
:10BE300011AEB6E600980EAA394600F0F1F80028D7
:10BE40004FD111AEBDE610217160072A6144CDE9E2
:10BE50000F2108DD00980EAA394600F0E1F800280D
:10BE60003FD14E4B11A8103D0646B3E60646CBE641
:10BE700010200244072BCDE90F32706006DD0098D8
:10BE80000EAA394600F0CCF858BB11A9103C0E465A
:10BE9000BEE60E46D7E600980EAA394600F0C0F876
:10BEA000F8B911ABDFE6029A0499541A002C7FF717
:10BEB000DEAE394D1026DDE90F21102C02F1010212
:10BEC0001D601DDC5C60072A0C44CDE90F247FF760
:10BED000CEAE00980EAA394600F0A2F800283FF432
:10BEE000C6AE7B6ED90705D4BB899A0502D4B86D5E
:10BEF000FCF747F9BB895B067FF5F3ABFFF7EEBBB9
:10BF00001031072ACDE90F215E6002DC0833103CB6
:10BF1000D1E700980EAA394600F082F80028E0D157
:10BF200011ABF4E7109B13B900230F93D9E70098E6
:10BF30000EAA394600F074F80028F5D0D1E754EA8B
:10BF40000502CDF810A03FF4A9AD012B3FF4E0AEFF
:10BF5000022B0DF1E8093FF428AF04F00703E408D1
:10BF600044EA4574ED08303354EA05014A4609F8BD
:10BF7000013DF2D10499C80706D5302B04D03023F7
:10BF800009F8013CA2F102093AABA3EB0903019CB9
:10BF9000DDF810A00193BCE511CA000801CA000831
:10BFA000F0B51F468B89ADF26C4D23F00203ADF85E
:10BFB0000C304B6E1993CB89ADF80E30CB690793DB
:10BFC0004B6A09931AAB009304934FF480631546B0
:10BFD00006460293059316A800230C460693FCF729
:10BFE000CDF82A463B4669463046FFF751FB051E11
:10BFF00007DB69463046FDF7CFFE002818BF4FF03B
:10C00000FF35BDF80C3016985B0642BFA38943F09C
:10C010004003A381FCF7B3F828460DF26C4DF0BD48
:10C02000936810B5144633B100F008F80023A360FC
:10C030000023636010BD1846FAE7000093682DE9FD
:10C04000F74F06460C4691461BB9002003B0BDE8E9
:10C05000F08F8B89180750D50B69002B4DD0B4F9A0
:10C060000C30D9F8008013F002076BD113F00103F4
:10C0700000F09C803846BA46BB46BBF1000F00F08A
:10C08000038150B95A460A215046F4F729F900288D
:10C0900000F000810130A0EB0A0720682169A56843
:10C0A00063695F453A4628BF5A46884240F2F580A8
:10C0B0001D44AA4240F3F18051462A46FFF79FF8FB
:10C0C00023682B44236021463046FDF765FE002897
:10C0D00067D17F1B40F0F98021463046FDF75CFEBA
:10C0E00000285ED1D9F808305B1BAA44ABEB050BE6
:10C0F000C9F80830002BC0D1A7E72146304600F030
:10C10000E9F80028ABD04FF0FF309FE7D8E900A551
:10C1100008F10808D4F824B0E169002DF6D0BD423A
:10C120002B46524628BF3B463046D847002838DDCC
:10C13000D9F808301B1A82442D1AC9F80830002B90
:10C14000E8D182E74FF0000A614F5546E2E7D8E9AF
:10C15000007A08F10808B4F90C302068A268BAF136
:10C16000000FF4D0990563D5524536D813F4906F7B
:10C1700033D021696569A0EB010B05EB450505EBA3
:10C18000D5750BF101026D105244954238BF15462A
:10C190005B053DD529463046FCF728F948B90C2304
:10C1A0003360A38943F04003A381ACE71F469A465E
:10C1B000D1E75A4621690190FBF7E4FFA289019B70
:10C1C00022F4906242F08002A281236165615B44A7
:10C1D000A5EB0B0523605246A560524528BF524689
:10C1E000206801923946FFF70AF8A368019A9B1A62
:10C1F000A3602368134455462360D9F808305B1BBD
:10C200002F44AAEB050AC9F80830002BA3D11CE77C
:10C210002A463046FFF774F803460028D5D1216935
:10C220003046FCF723F8A38923F08003A381B6E707
:10C230002369834202D36169514515D9524528BF0C
:10C24000524639461546FEF7DAFFA36822685B1BA3
:10C250002A44A3602260002BCFD121463046FDF74F
:10C260009BFD0028C9D09CE76FF00043534528BFD1
:10C270005346656A93FBF1F33A464B433046E16916
:10C28000A847051EB9DC8CE7D8E900AB002008F10F
:10C290000808F2E60BF10107FFE6934208DC656A45
:10C2A000E16952463046A847051E3FF712AF78E7CE
:10C2B00051460192FEF7A3FF019AA3689B1AA3605F
:10C2C000236813442360154603E701200AE700BFF3
:10C2D00000FCFF7F38B5294B054618680C4618B19D
:10C2E000436B0BB9FBF7E6FDB4F90C30190722D408
:10C2F000DA0607D409222A6043F04003A3814FF0F5
:10C30000FF3033E0580712D5216B41B104F14003EF
:10C31000994202D02846FBF7A9FF00232363A38993
:10C3200023F02403A3810023636023692360A3898E
:10C3300043F00803A38123694BB9A38903F4207355
:10C34000B3F5007F03D02146284600F048F8B4F941
:10C350000C3013F001020AD00022A260626952423E
:10C36000A261226942B913F08000C5D138BD990796
:10C3700058BF6269A260F4E70020F7E718010024C3
:10C3800008B5062000F090F80120F4F7CFFA70B558
:10C390000C46B1F90E10002996B015461E4607DA74
:10C3A000A18911F0800117D14FF4806308460FE096
:10C3B0006A4600F081F80028F2DB019901F470412F
:10C3C000A1F50053594259414FF400604FF4806386
:10C3D00031602B6016B070BD00214023E6E78B89E9
:10C3E000F7B59D0706460C4607D504F143032360C5
:10C3F00023610123636103B0F0BD01AB6A46FFF71F
:10C40000C6FF009F054639463046FBF7EFFF48B9A7
:10C41000B4F90C309A05EED423F0030343F0020381
:10C42000A381E2E7A389206043F08003A381019BFD
:10C43000C4E904075BB1B4F90E10304600F04EF8C1
:10C4400028B1A38923F0030343F00103A381A38947
:10C450001D43A581CFE71F2938B505460C4604D9F1
:10C46000162303604FF0FF3038BDD0F8382112B1E9
:10C4700052F821304BB9284600F052F822460146C6
:10C480002846BDE8384000F039B8012B0AD0591CC5
:10C4900003D1162303600120E6E7002142F82410AF
:10C4A000204698470020DFE7024B01461868FFF757
:10C4B000D2BF00BF1801002438B5074D0023044641
:10C4C000084611462B60F4F758FA431C02D12B683A
:10C4D00003B1236038BD00BF5C4E002438B5064D63
:10C4E0000023044608462B60F4F74CFA431C02D1A3
:10C4F0002B6803B1236038BD5C4E002438B5074D6E
:10C5000000230446084611462B60F4F707FA431C43
:10C5100002D12B6803B1236038BD00BF5C4E0024FC
:10C52000F4F7FAB9F8B500BFF8BC08BC9E467047EE
:0CC53000F8B500BFF8BC08BC9E46704780
:10C5400048656C6C6F20576F726C64210D0A000097
:10C550002530345809257300555341525431204435
:10C560004542554720200000555341525432205235
:10C570005334383520200000555341525433204560
:10C5800058542020202000005553422020202055C0
:10C590005342202020200000757362426567696E57
:10C5A000202020202009093A204344435F4D4F4476
:10C5B000450D0A0053544D3332205669727475612B
:10C5C0006C20436F6D506F727400000053544D69BE
:10C5D00063726F656C656374726F6E69637300007C
:10C5E00043444320436F6E66696700004344432021
:10C5F000496E7465726661636500000000000000AA
:10C60000010203040102030406070809001002588E
:10C610000800010058C5000800100140B42F002494
:10C62000142E0024000000000000000068C500086F
:10C6300000440040202F00249C2D00240000000016
:10C640000100000078C50008004800408C2E00243E
:10C65000242D0024000000000000000088C5000810
:10C6600000000000000000000000000000000000CA
:10C67000010000000006101600061016010002005E
:10C680000400060008000A000C0010002000400012
:10C6900080000001494E4600696E66004E414E0022
:10C6A0006E616E003031323334353637383961627D
:10C6B000636465660030313233343536373839419A
:10C6C0004243444546003000496E66696E6974799C
:10C6D000004E614E0042616C6C6F63207375636342
:10C6E0006565646564002F6275696C642F676E759B
:10C6F0002D746F6F6C732D666F722D73746D333282
:10C700005F31332E332E72656C312E32303234303D
:10C710003932362D313731352F7372632F6E65778D
:10C720006C69622F6E65776C69622F6C6962632F2A
:10C730007374646C69622F64746F612E63002F627E
:10C7400075696C642F676E752D746F6F6C732D66D1
:10C750006F722D73746D33325F31332E332E7265E9
:10C760006C312E32303234303932362D313731356A
:10C770002F7372632F6E65776C69622F6E65776CAD
:10C7800069622F6C6962632F7374646C69622F6DC8
:10C79000707265632E63004300504F534958002E5A
:10C7A000002C2066756E6374696F6E3A20006173A9
:10C7B00073657274696F6E20222573222066616929
:10C7C0006C65643A2066696C6520222573222C20F2
:10C7D0006C696E65202564257325730A003030303E
:10C7E0003030303030303030303030303020202079
:10C7F0002020202020202020202020202000000099
:10C8000005000000190000007D000000000000008D
:10C810000080E03779C34143176E05B5B5B893463C
:10C82000F5F93FE9034F384D321D30F94877825A08
:10C830003CBF737FDD4F1575000000000000F03F26
:10C8400000000000000024400000000000005940EB
:10C850000000000000408F40000000000088C3403E
:10C8600000000000006AF8400000000080842E41B3
:10C8700000000000D01263410000000084D79741FF
:10C880000000000065CDCD41000000205FA0024205
:10C89000000000E876483742000000A2941A6D427A
:10C8A000000040E59C30A2420000901EC4BCD6426D
:10C8B00000003426F56B0C430080E03779C3414318
:10C8C00000A0D8855734764300C84E676DC1AB438E
:10C8D000003D9160E458E143408CB5781DAF1544AC
:10C8E00050EFE2D6E41A4B4492D54D06CFF0804487
:10C8F000F64AE1C7022DB544B49DD9794378EA449C
:10C90000002020202020202020202828282828201F
:10C910002020202020202020202020202020202017
:10C92000208810101010101010101010101010107F
:10C93000100404040404040404040410101010106F
:10C940001010414141414141010101010101010139
:10C95000010101010101010101010101101010108B
:10C96000101042424242424202020202020202020B
:10C97000020202020202020202020202101010105F
:10C980002000000000000000000000000000000087
:10C990000000000000000000000000000000000097
:10C9A0000000000000000000000000000000000087
:10C9B0000000000000000000000000000000000077
:10C9C0000000000000000000000000000000000067
:10C9D0000000000000000000000000000000000057
:10C9E0000000000000000000000000000000000047
:10C9F0000000000000000000000000000000000037
:10CA00000030303030303030303030303030303056
:10CA10003020202020202020202020202020202006
:04CA200020000000F2
:08CA2400BC38FF7F0100000097
:08CA2C00A1810008C502000809
:04CA3400A102000853
:10CA38000090D0030090D0030101000009024300D8
:10CA4800020100C0320904000001020201000524AD
:10CA58000010010524010001042402020524060037
:10CA6800010705820308001009040100020A0000FA
:10CA78000007050102400000070581024000000090
:10CA880043160008DF150008C51400080000000060
:10CA9800ED120008491400081114000800000000F5
:10CAA8000000000000000000C913000881130008FE
:10CAB800391300082D1300080A0600020000004080
:10CAC8000100000000C20100000008007D180008F5
:10CAD800B5170008C11700083518000831180008F4
:10CAE8001A03000000000000000000000000000021
:10CAF800000000000000000000000000040309041A
:10CB080012010002020200408304405700020102A1
:10CB180003010000811900088D190008511A000846
:10CB28002D1A0008191A00086D1A0008911A000831
:10CB380000000000010000001000000000000000DC
:10CB480003000000204D0024200100240000000004
:10CB580000000000204D0024884D0024F04D0024E2
:10CB680000000000000000000000000000000000BD
:10CB780000000000000000000000000000000000AD
:10CB8800000000000000000000000000000000009D
:10CB9800000000000000000000000000000000008D
:10CBA800000000000000000000000000000000007D
:10CBB800000000000000000000000000000000006D
:10CBC800000000000000000000000000000000005D
:10CBD800000000000000000000000000000000004D
:10CBE800000000000000000001000000000000003C
:10CBF8000E33CDAB34126DE6ECDE05000B00000001
:10CC0800000000000000000000000000000000001C
:10CC1800000000000000000000000000000000000C
:10CC280000000000000000000000000000000000FC
:10CC380000000000000000000000000000000000EC
:10CC480000000000000000000000000000000000DC
:10CC580000000000000000000000000000000000CC
:10CC680000000000000000000000000000000000BC
:10CC780000000000000000000000000000000000AC
:10CC8800000000000000000000000000000000009C
:10CC9800614E0024FFFFFFFF0000020000000000BB
:10CCA800000000006C0200246C02002474020024BE
:10CCB800740200247C0200247C02002484020024E4
:10CCC800840200248C0200248C0200249402002494
:10CCD800940200249C0200249C020024A402002444
:10CCE800A4020024AC020024AC020024B4020024F4
:10CCF800B4020024BC020024BC020024C4020024A4
:10CD0800C4020024CC020024CC020024D402002453
:10CD1800D4020024DC020024DC020024E402002403
:10CD2800E4020024EC020024EC020024F4020024B3
:10CD3800F4020024FC020024FC0200240403002462
:10CD4800040300240C0300240C030024140300240F
:10CD5800140300241C0300241C03002424030024BF
:10CD6800240300242C0300242C030024340300246F
:10CD7800340300243C0300243C030024440300241F
:10CD8800440300244C0300244C03002454030024CF
:10CD9800540300245C0300245C030024640300247F
:10CDA800640300246C0300246C030024740300242F
:10CDB800740300247C0300247C03002484030024DF
:10CDC800840300248C0300248C030024940300248F
:10CDD800940300249C0300249C030024A40300243F
:10CDE800A4030024AC030024AC030024B4030024EF
:10CDF800B4030024BC030024BC030024C40300249F
:10CE0800C4030024CC030024CC030024D40300244E
:10CE1800D4030024DC030024DC030024E4030024FE
:10CE2800E4030024EC030024EC030024F4030024AE
:10CE3800F4030024FC030024FC030024040400245D
:10CE4800040400240C0400240C040024140400240A
:10CE5800140400241C0400241C04002424040024BA
:10CE6800240400242C0400242C040024340400246A
:10CE7800340400243C0400243C040024440400241A
:10CE8800440400244C0400244C04002454040024CA
:10CE9800540400245C0400245C040024640400247A
:10CEA800640400246C0400246C040024740400242A
:10CEB800740400247C0400247C04002484040024DA
:10CEC800840400248C0400248C040024940400248A
:10CED800940400249C0400249C040024A40400243A
:10CEE800A4040024AC040024AC040024B4040024EA
:10CEF800B4040024BC040024BC040024C40400249A
:10CF0800C4040024CC040024CC040024D404002449
:10CF1800D4040024DC040024DC040024E4040024F9
:10CF2800E4040024EC040024EC040024F4040024A9
:10CF3800F4040024FC040024FC0400240405002458
:10CF4800040500240C0500240C0500241405002405
:10CF5800140500241C0500241C05002424050024B5
:10CF6800240500242C0500242C0500243405002465
:10CF7800340500243C0500243C0500244405002415
:10CF8800440500244C0500244C05002454050024C5
:10CF9800540500245C0500245C0500246405002475
:10CFA800640500246C0500246C0500247405002425
:10CFB800740500247C0500247C05002484050024D5
:10CFC800840500248C0500248C0500249405002485
:10CFD800940500249C0500249C050024A405002435
:10CFE800A4050024AC050024AC050024B4050024E5
:10CFF800B4050024BC050024BC050024C405002495
:10D00800C4050024CC050024CC050024D405002444
:10D01800D4050024DC050024DC050024E4050024F4
:10D02800E4050024EC050024EC050024F4050024A4
:10D03800F4050024FC050024FC0500240406002453
:10D04800040600240C0600240C0600241406002400
:10D05800140600241C0600241C06002424060024B0
:10D06800240600242C0600242C0600243406002460
:10D07800340600243C0600243C0600244406002410
:10D08800440600244C0600244C06002454060024C0
:10D09800540600245C0600245C0600246406002470
:10D0A80064060024430000000000000000000000A7
:10D0B8000000000000000000000000000000000068
:10D0C8000000000043000000000000000000000015
:10D0D8000000000000000000000000000000000048
:10D0E80000000000430000000000000000000000F5
:10D0F8000000000000000000000000000000000028
:10D1080000000000430000000000000000000000D4
:10D118000000000000000000000000000000000007
:10D1280000000000430000000000000000000000B4
:10D1380000000000000000000000000000000000E7
:10D148000000000043000000000000000000000094
:10D1580000000000000000000000000000000000C7
:10D168000000000043000000000000000000000074
:10D1780000000000000000000000000000000000A7
:10D188000000000051B60008DBB2000800000000F3
:10D1980000C900089FC70008DCC70008DCC70008F2
:10D1A800DCC70008DCC70008DCC70008DCC70008CB
:10D1B800DCC70008DCC70008DCC70008FFFFFFFF6A
:10D1C800FFFFFFFFFFFFFFFFFFFF000001004153CC
:10D1D8004349490000000000000000000000000072
:10D1E80000000000000000000000000000004153A3
:10D1F8004349490000000000000000000000000052
:10D208000000000000000000000000000000000016
:0400000508000ADD08
:00000001FF
